genero,idoso,parceiro,dependentes,tempo_contrato_meses,servico_telefone,multiplas_linhas,servico_internet,seguranca_online,backup_online,protecao_dispositivo,suporte_tecnico,tv_streaming,filmes_streaming,tipo_contrato,fatura_digital,forma_pagamento,cobranca_mensal,total_gasto,evasao
Masculino,0,Não,Não,67,Sim,Não,DSL,Não,Não,Não,Não,Não,Sim,Um ano,Não,Cheque eletrônico,99.1,6176.65,0
Feminino,1,Não,Não,25,Sim,Não,DSL,Sim,Não,Não,Não,Não,Não,Dois anos,Não,Cartão de crédito,113.02,2954.4,0
Masculino,0,Não,Não,61,Sim,Não,DSL,Não,Não,Não,Não,Sim,Não,Mês a mês,Sim,Transferência bancária,51.93,3390.04,0
Masculino,0,Sim,Não,26,Sim,Não,Fibra óptica,Não,Não,Sim,Não,Não,Sim,Mês a mês,Sim,Cheque eletrônico,81.21,1882.09,0
Masculino,0,Sim,Não,34,Sim,Sim,Fibra óptica,Sim,Sim,Não,Não,Não,Sim,Um ano,Sim,Transferência bancária,40.85,1231.18,0
Feminino,1,Sim,Não,9,Sim,Sim,DSL,Não,Sim,Sim,Não,Não,Sim,Mês a mês,Sim,Cartão de crédito,91.79,927.48,1
Masculino,0,Sim,Sim,40,Sim,Não,DSL,Não,Sim,Não,Não,Sim,Sim,Um ano,Não,Cartão de crédito,116.42,4179.06,0
Masculino,0,Sim,Não,7,Não,Sem serviço telefônico,Não,Sem serviço de internet,Sem serviço de internet,Sem serviço de internet,Sem serviço de internet,Sem serviço de internet,Sem serviço de internet,Dois anos,Sim,Cartão de crédito,50.16,356.49,0
Masculino,0,Sim,Não,30,Sim,Não,DSL,Não,Não,Sim,Sim,Não,Não,Mês a mês,Sim,Transferência bancária,24.55,759.44,1
Feminino,0,Sim,Sim,66,Sim,Sim,DSL,Sim,Não,Não,Não,Não,Sim,Um ano,Não,Cartão de crédito,115.34,7200.7,0
Masculino,0,Sim,Sim,30,Sim,Sim,DSL,Não,Sim,Não,Não,Sim,Sim,Mês a mês,Sim,Cheque enviado pelo correio,21.12,630.18,0
Masculino,0,Sim,Não,68,Sim,Não,Não,Sem serviço de internet,Sem serviço de internet,Sem serviço de internet,Sem serviço de internet,Sem serviço de internet,Sem serviço de internet,Um ano,Não,Cheque enviado pelo correio,54.42,3482.6,0
Masculino,0,Não,Não,58,Não,Sem serviço telefônico,Fibra óptica,Não,Não,Sim,Não,Não,Não,Mês a mês,Sim,Transferência bancária,73.97,4711.14,0
Masculino,0,Não,Sim,55,Sim,Sim,Não,Sem serviço de internet,Sem serviço de internet,Sem serviço de internet,Sem serviço de internet,Sem serviço de internet,Sem serviço de internet,Mês a mês,Sim,Cartão de crédito,96.19,4739.22,1
Feminino,0,Sim,Não,14,Não,Sem serviço telefônico,DSL,Não,Sim,Não,Não,Sim,Não,Um ano,Não,Cheque eletrônico,39.65,522.29,0
Masculino,0,Sim,Não,37,Sim,Não,Não,Sem serviço de internet,Sem serviço de internet,Sem serviço de internet,Sem serviço de internet,Sem serviço de internet,Sem serviço de internet,Dois anos,Sim,Cheque enviado pelo correio,23.41,867.89,0
Feminino,0,Sim,Sim,44,Sim,Sim,Não,Sem serviço de internet,Sem serviço de internet,Sem serviço de internet,Sem serviço de internet,Sem serviço de internet,Sem serviço de internet,Mês a mês,Não,Transferência bancária,87.69,3626.88,0
Feminino,0,Não,Sim,6,Sim,Sim,Fibra óptica,Sim,Não,Não,Sim,Não,Não,Um ano,Não,Cheque eletrônico,27.71,184.32,1
Feminino,1,Sim,Não,26,Não,Sem serviço telefônico,DSL,Não,Sim,Não,Sim,Sim,Não,Dois anos,Não,Cheque eletrônico,42.39,1232.79,0
Masculino,0,Não,Não,14,Sim,Sim,DSL,Não,Sim,Sim,Não,Não,Sim,Mês a mês,Sim,Cheque enviado pelo correio,44.78,684.39,1
Feminino,1,Sim,Não,8,Sim,Não,DSL,Não,Sim,Sim,Não,Não,Não,Mês a mês,Não,Cartão de crédito,101.78,908.4,0
Masculino,0,Sim,Não,24,Sim,Sim,Fibra óptica,Não,Não,Não,Não,Não,Não,Mês a mês,Sim,Transferência bancária,75.95,1784.62,0
Feminino,0,Sim,Sim,39,Sim,Sim,Não,Sem serviço de internet,Sem serviço de internet,Sem serviço de internet,Sem serviço de internet,Sem serviço de internet,Sem serviço de internet,Dois anos,Não,Transferência bancária,63.17,2492.72,0
Feminino,1,Sim,Não,49,Sim,Não,Não,Sem serviço de internet,Sem serviço de internet,Sem serviço de internet,Sem serviço de internet,Sem serviço de internet,Sem serviço de internet,Mês a mês,Sim,Cheque eletrônico,20.56,1048.06,1
Feminino,0,Não,Não,63,Sim,Não,DSL,Não,Não,Não,Não,Sim,Não,Mês a mês,Não,Cheque enviado pelo correio,68.81,4701.1,0
Feminino,0,Não,Não,26,Sim,Sim,Fibra óptica,Não,Não,Sim,Não,Sim,Não,Dois anos,Sim,Cartão de crédito,89.27,2215.96,0
Feminino,0,Não,Não,10,Sim,Não,Não,Sem serviço de internet,Sem serviço de internet,Sem serviço de internet,Sem serviço de internet,Sem serviço de internet,Sem serviço de internet,Dois anos,Não,Cartão de crédito,115.67,1004.57,0
Feminino,0,Não,Sim,58,Sim,Sim,DSL,Sim,Não,Não,Não,Sim,Não,Um ano,Sim,Cartão de crédito,66.27,4269.48,0
Feminino,0,Não,Não,14,Sim,Sim,DSL,Sim,Não,Não,Não,Não,Não,Mês a mês,Sim,Cartão de crédito,73.7,1116.1,0
Feminino,0,Não,Sim,71,Sim,Não,Fibra óptica,Sim,Sim,Não,Não,Sim,Não,Mês a mês,Não,Cartão de crédito,50.14,3556.5,1
Masculino,0,Sim,Sim,39,Sim,Não,Fibra óptica,Não,Não,Não,Não,Sim,Não,Mês a mês,Sim,Cheque eletrônico,99.58,3398.05,0
Masculino,0,Sim,Não,31,Sim,Não,DSL,Não,Não,Sim,Não,Sim,Não,Dois anos,Sim,Cheque eletrônico,72.03,2189.03,0
Feminino,0,Sim,Sim,50,Sim,Não,Fibra óptica,Sim,Não,Não,Sim,Não,Não,Dois anos,Não,Transferência bancária,55.61,2407.85,0
Feminino,0,Não,Não,16,Sim,Sim,DSL,Não,Não,Não,Não,Sim,Não,Mês a mês,Sim,Transferência bancária,29.65,480.26,0
Feminino,0,Sim,Sim,72,Sim,Não,Fibra óptica,Não,Não,Sim,Não,Não,Não,Mês a mês,Não,Cartão de crédito,107.19,6733.93,1
Masculino,0,Não,Sim,51,Não,Sem serviço telefônico,Não,Sem serviço de internet,Sem serviço de internet,Sem serviço de internet,Sem serviço de internet,Sem serviço de internet,Sem serviço de internet,Mês a mês,Sim,Cheque enviado pelo correio,98.14,5369.56,1
Feminino,1,Sim,Não,15,Sim,Sim,Não,Sem serviço de internet,Sem serviço de internet,Sem serviço de internet,Sem serviço de internet,Sem serviço de internet,Sem serviço de internet,Mês a mês,Não,Cheque enviado pelo correio,38.73,514.84,1
Masculino,0,Não,Sim,38,Sim,Não,Fibra óptica,Sim,Não,Não,Não,Sim,Sim,Mês a mês,Não,Cartão de crédito,105.51,3846.9,0
Masculino,1,Sim,Sim,71,Sim,Não,Fibra óptica,Não,Não,Não,Não,Não,Não,Um ano,Não,Cheque eletrônico,73.73,4925.39,1
Masculino,0,Sim,Não,72,Sim,Não,DSL,Não,Não,Sim,Não,Não,Sim,Mês a mês,Não,Cheque enviado pelo correio,95.05,6251.3,1
Masculino,0,Não,Sim,21,Sim,Não,DSL,Não,Não,Sim,Não,Não,Não,Dois anos,Sim,Cheque eletrônico,83.13,1980.2,0
Masculino,0,Sim,Sim,16,Sim,Sim,Fibra óptica,Não,Não,Não,Não,Não,Não,Mês a mês,Não,Cartão de crédito,25.02,430.97,0
Feminino,0,Não,Não,67,Sim,Sim,DSL,Não,Não,Não,Sim,Não,Não,Um ano,Sim,Transferência bancária,42.87,3088.17,0
Feminino,0,Sim,Sim,65,Sim,Não,Não,Sem serviço de internet,Sem serviço de internet,Sem serviço de internet,Sem serviço de internet,Sem serviço de internet,Sem serviço de internet,Um ano,Não,Cheque eletrônico,60.27,3789.98,0
Feminino,0,Sim,Não,13,Sim,Não,Fibra óptica,Não,Não,Não,Sim,Não,Sim,Um ano,Sim,Cheque enviado pelo correio,29.17,405.29,1
Feminino,0,Não,Sim,64,Sim,Sim,Fibra óptica,Não,Não,Não,Não,Sim,Não,Mês a mês,Sim,Transferência bancária,55.27,3527.35,0
Feminino,1,Não,Sim,61,Sim,Não,DSL,Sim,Não,Sim,Sim,Não,Não,Mês a mês,Sim,Cartão de crédito,21.61,1304.15,0
Masculino,0,Sim,Não,32,Sim,Não,Não,Sem serviço de internet,Sem serviço de internet,Sem serviço de internet,Sem serviço de internet,Sem serviço de internet,Sem serviço de internet,Mês a mês,Sim,Cheque eletrônico,106.35,3727.18,0
Feminino,0,Não,Não,12,Sim,Não,Fibra óptica,Não,Não,Não,Não,Sim,Sim,Um ano,Não,Cheque eletrônico,22.32,255.55,0
Feminino,0,Não,Sim,41,Sim,Não,DSL,Não,Sim,Sim,Não,Não,Sim,Um ano,Sim,Cheque enviado pelo correio,72.84,2619.22,0
Masculino,0,Não,Não,66,Sim,Não,Fibra óptica,Sim,Sim,Não,Sim,Sim,Sim,Mês a mês,Sim,Transferência bancária,86.96,4963.14,0
Feminino,0,Sim,Sim,8,Sim,Sim,Não,Sem serviço de internet,Sem serviço de internet,Sem serviço de internet,Sem serviço de internet,Sem serviço de internet,Sem serviço de internet,Um ano,Sim,Cartão de crédito,47.28,417.44,0
Masculino,0,Sim,Sim,59,Sim,Sim,DSL,Não,Não,Não,Não,Não,Sim,Dois anos,Sim,Cheque enviado pelo correio,18.21,1170.4,0
Feminino,1,Não,Não,25,Sim,Não,DSL,Não,Sim,Sim,Não,Sim,Sim,Mês a mês,Não,Cheque eletrônico,73.4,1864.78,1
Masculino,0,Não,Sim,5,Não,Sem serviço telefônico,Não,Sem serviço de internet,Sem serviço de internet,Sem serviço de internet,Sem serviço de internet,Sem serviço de internet,Sem serviço de internet,Mês a mês,Sim,Cartão de crédito,64.5,307.53,0
Feminino,0,Não,Não,45,Sim,Sim,DSL,Não,Não,Não,Sim,Não,Não,Mês a mês,Sim,Cartão de crédito,36.69,1519.95,0
Feminino,0,Sim,Sim,2,Sim,Não,DSL,Sim,Não,Não,Não,Não,Não,Mês a mês,Não,Cheque eletrônico,27.21,59.8,1
Masculino,0,Sim,Não,42,Sim,Sim,Fibra óptica,Não,Não,Não,Não,Não,Não,Mês a mês,Sim,Transferência bancária,97.78,3632.93,1
Masculino,0,Não,Não,38,Sim,Não,DSL,Não,Sim,Sim,Sim,Sim,Não,Um ano,Não,Cheque eletrônico,37.5,1574.29,0
Masculino,0,Sim,Não,3,Sim,Sim,Fibra óptica,Não,Não,Não,Não,Não,Não,Mês a mês,Sim,Cartão de crédito,60.5,170.76,1
Masculino,0,Sim,Sim,46,Sim,Sim,Não,Sem serviço de internet,Sem serviço de internet,Sem serviço de internet,Sem serviço de internet,Sem serviço de internet,Sem serviço de internet,Um ano,Sim,Cheque enviado pelo correio,96.79,4077.99,0
Masculino,0,Sim,Não,22,Sim,Não,DSL,Sim,Sim,Não,Não,Não,Sim,Mês a mês,Sim,Cartão de crédito,109.54,2720.04,0
Masculino,0,Não,Não,33,Sim,Não,Não,Sem serviço de internet,Sem serviço de internet,Sem serviço de internet,Sem serviço de internet,Sem serviço de internet,Sem serviço de internet,Um ano,Sim,Cheque enviado pelo correio,57.85,1848.11,0
Masculino,0,Sim,Não,32,Sim,Sim,Fibra óptica,Não,Sim,Não,Não,Sim,Não,Dois anos,Sim,Transferência bancária,64.58,2348.24,0
Masculino,0,Não,Não,17,Sim,Sim,Fibra óptica,Não,Não,Não,Não,Não,Sim,Dois anos,Não,Cheque enviado pelo correio,89.06,1579.44,0
Feminino,0,Não,Não,56,Sim,Não,DSL,Não,Não,Não,Não,Não,Não,Dois anos,Sim,Cheque enviado pelo correio,33.31,1924.26,0
Feminino,0,Não,Não,3,Sim,Não,Fibra óptica,Não,Sim,Não,Não,Não,Não,Um ano,Sim,Transferência bancária,101.97,295.03,0
Masculino,1,Sim,Não,70,Sim,Não,Fibra óptica,Sim,Não,Sim,Sim,Não,Não,Dois anos,Não,Cheque eletrônico,45.21,2937.44,0
Feminino,1,Sim,Não,49,Sim,Não,Não,Sem serviço de internet,Sem serviço de internet,Sem serviço de internet,Sem serviço de internet,Sem serviço de internet,Sem serviço de internet,Um ano,Não,Cheque eletrônico,59.62,2576.53,0
Feminino,0,Não,Não,55,Sim,Sim,Fibra óptica,Não,Sim,Não,Não,Sim,Não,Mês a mês,Sim,Cheque eletrônico,111.84,6312.07,1
Feminino,0,Não,Sim,31,Sim,Não,Fibra óptica,Não,Não,Não,Sim,Sim,Sim,Dois anos,Não,Cheque enviado pelo correio,115.02,3084.4,0
Feminino,0,Não,Não,21,Sim,Sim,Não,Sem serviço de internet,Sem serviço de internet,Sem serviço de internet,Sem serviço de internet,Sem serviço de internet,Sem serviço de internet,Mês a mês,Sim,Transferência bancária,61.35,1251.84,0
Masculino,0,Não,Não,16,Sim,Não,Fibra óptica,Não,Não,Não,Sim,Não,Não,Dois anos,Não,Cheque eletrônico,44.88,795.38,0
Feminino,1,Não,Não,17,Sim,Sim,DSL,Não,Não,Não,Não,Não,Não,Dois anos,Sim,Cheque eletrônico,31.71,605.59,0
Masculino,0,Não,Sim,1,Sim,Não,Não,Sem serviço de internet,Sem serviço de internet,Sem serviço de internet,Sem serviço de internet,Sem serviço de internet,Sem serviço de internet,Dois anos,Sim,Cartão de crédito,33.55,32.86,0
Feminino,1,Sim,Não,72,Sim,Sim,Não,Sem serviço de internet,Sem serviço de internet,Sem serviço de internet,Sem serviço de internet,Sem serviço de internet,Sem serviço de internet,Dois anos,Não,Cheque enviado pelo correio,69.02,4746.7,0
Feminino,1,Sim,Não,65,Sim,Sim,DSL,Não,Não,Não,Não,Não,Não,Mês a mês,Sim,Cheque eletrônico,86.58,5655.28,0
Feminino,0,Não,Não,66,Sim,Sim,Não,Sem serviço de internet,Sem serviço de internet,Sem serviço de internet,Sem serviço de internet,Sem serviço de internet,Sem serviço de internet,Mês a mês,Sim,Cheque eletrônico,54.29,3156.35,0
Masculino,0,Sim,Não,37,Sim,Sim,Fibra óptica,Não,Sim,Não,Não,Não,Sim,Mês a mês,Não,Cheque enviado pelo correio,41.9,1368.2,1
Feminino,0,Não,Não,24,Sim,Sim,Fibra óptica,Não,Sim,Sim,Sim,Não,Não,Mês a mês,Não,Cheque eletrônico,18.31,378.7,0
Masculino,1,Sim,Não,62,Sim,Não,DSL,Não,Não,Não,Não,Sim,Não,Mês a mês,Sim,Transferência bancária,47.05,3243.4,1
Feminino,0,Não,Sim,21,Sim,Não,DSL,Sim,Não,Não,Não,Sim,Sim,Mês a mês,Não,Cartão de crédito,80.98,1851.42,0
Masculino,1,Sim,Sim,37,Sim,Não,DSL,Não,Não,Não,Não,Não,Sim,Dois anos,Sim,Transferência bancária,92.1,3161.37,0
Feminino,0,Sim,Sim,35,Sim,Não,DSL,Não,Não,Sim,Sim,Sim,Não,Mês a mês,Não,Transferência bancária,99.47,3678.71,0
Masculino,0,Não,Sim,38,Não,Sem serviço telefônico,Não,Sem serviço de internet,Sem serviço de internet,Sem serviço de internet,Sem serviço de internet,Sem serviço de internet,Sem serviço de internet,Dois anos,Não,Cheque enviado pelo correio,70.22,2981.12,0
Masculino,1,Sim,Não,53,Sim,Não,DSL,Não,Sim,Sim,Não,Sim,Não,Mês a mês,Não,Cartão de crédito,110.23,6392.21,0
Feminino,0,Sim,Não,15,Sim,Não,Não,Sem serviço de internet,Sem serviço de internet,Sem serviço de internet,Sem serviço de internet,Sem serviço de internet,Sem serviço de internet,Mês a mês,Sim,Cheque eletrônico,96.93,1319.83,0
Masculino,0,Sim,Não,42,Sim,Sim,DSL,Não,Não,Sim,Não,Não,Não,Mês a mês,Não,Cheque enviado pelo correio,96.64,3811.56,1
Feminino,0,Não,Não,4,Sim,Não,DSL,Não,Sim,Não,Não,Não,Não,Dois anos,Não,Cheque eletrônico,19.74,73.86,0
Feminino,0,Não,Não,39,Sim,Sim,Fibra óptica,Sim,Não,Não,Não,Não,Não,Mês a mês,Sim,Cheque enviado pelo correio,22.89,878.21,0
Feminino,0,Não,Não,23,Sim,Sim,DSL,Não,Não,Não,Sim,Não,Sim,Mês a mês,Não,Transferência bancária,94.53,2162.81,0
Feminino,0,Sim,Não,15,Sim,Sim,DSL,Não,Sim,Sim,Sim,Sim,Não,Dois anos,Sim,Transferência bancária,48.35,679.11,0
Feminino,1,Não,Sim,12,Sim,Não,Não,Sem serviço de internet,Sem serviço de internet,Sem serviço de internet,Sem serviço de internet,Sem serviço de internet,Sem serviço de internet,Um ano,Sim,Transferência bancária,46.25,613.44,0
Feminino,1,Sim,Não,70,Sim,Não,Não,Sem serviço de internet,Sem serviço de internet,Sem serviço de internet,Sem serviço de internet,Sem serviço de internet,Sem serviço de internet,Dois anos,Não,Cheque eletrônico,47.58,2893.67,0
Feminino,0,Não,Sim,54,Sim,Não,DSL,Sim,Não,Não,Não,Não,Não,Um ano,Sim,Cheque enviado pelo correio,93.2,5056.01,0
Feminino,0,Não,Não,38,Sim,Sim,Não,Sem serviço de internet,Sem serviço de internet,Sem serviço de internet,Sem serviço de internet,Sem serviço de internet,Sem serviço de internet,Mês a mês,Não,Transferência bancária,85.77,3118.48,0
Feminino,0,Não,Não,28,Sim,Sim,DSL,Sim,Não,Não,Não,Não,Sim,Mês a mês,Não,Cartão de crédito,22.96,702.0,1
Feminino,0,Não,Não,19,Sim,Não,Fibra óptica,Não,Sim,Não,Não,Não,Não,Um ano,Sim,Cheque eletrônico,97.13,2092.6,0
Feminino,1,Não,Sim,69,Sim,Sim,DSL,Não,Sim,Sim,Não,Sim,Não,Mês a mês,Não,Cheque eletrônico,61.77,3765.21,0
Masculino,0,Não,Não,64,Sim,Sim,Fibra óptica,Sim,Sim,Não,Não,Sim,Não,Mês a mês,Sim,Transferência bancária,92.04,5799.68,0
Masculino,0,Sim,Não,4,Sim,Sim,DSL,Não,Não,Sim,Não,Sim,Não,Dois anos,Sim,Cheque enviado pelo correio,112.66,438.46,1
Feminino,0,Não,Sim,10,Sim,Sim,Não,Sem serviço de internet,Sem serviço de internet,Sem serviço de internet,Sem serviço de internet,Sem serviço de internet,Sem serviço de internet,Um ano,Não,Cheque enviado pelo correio,81.65,699.12,1
Feminino,0,Sim,Sim,12,Sim,Não,Não,Sem serviço de internet,Sem serviço de internet,Sem serviço de internet,Sem serviço de internet,Sem serviço de internet,Sem serviço de internet,Mês a mês,Sim,Cheque eletrônico,86.24,1147.06,1
Feminino,0,Sim,Não,69,Sim,Não,DSL,Não,Não,Não,Não,Não,Sim,Um ano,Sim,Cheque eletrônico,51.96,3273.1,0
Feminino,0,Sim,Sim,7,Não,Sem serviço telefônico,Não,Sem serviço de internet,Sem serviço de internet,Sem serviço de internet,Sem serviço de internet,Sem serviço de internet,Sem serviço de internet,Mês a mês,Sim,Cheque eletrônico,80.21,491.83,1
Feminino,0,Sim,Não,44,Sim,Sim,DSL,Não,Não,Sim,Não,Sim,Não,Mês a mês,Não,Transferência bancária,89.67,4427.17,1
Feminino,0,Sim,Não,23,Não,Sem serviço telefônico,DSL,Sim,Sim,Não,Não,Não,Sim,Mês a mês,Sim,Cheque enviado pelo correio,44.08,948.94,1
Feminino,0,Não,Não,2,Não,Sem serviço telefônico,Não,Sem serviço de internet,Sem serviço de internet,Sem serviço de internet,Sem serviço de internet,Sem serviço de internet,Sem serviço de internet,Mês a mês,Sim,Cheque eletrônico,51.11,103.96,1
Feminino,0,Sim,Sim,37,Sim,Não,DSL,Não,Não,Não,Não,Sim,Não,Dois anos,Sim,Cheque eletrônico,26.98,1017.83,0
Masculino,0,Sim,Não,69,Sim,Sim,Fibra óptica,Sim,Não,Não,Não,Não,Não,Dois anos,Não,Transferência bancária,94.62,7507.43,0
Feminino,0,Não,Não,20,Sim,Sim,Não,Sem serviço de internet,Sem serviço de internet,Sem serviço de internet,Sem serviço de internet,Sem serviço de internet,Sem serviço de internet,Mês a mês,Sim,Cheque eletrônico,80.79,1773.54,1
Masculino,0,Sim,Sim,44,Sim,Sim,Fibra óptica,Não,Não,Sim,Não,Sim,Sim,Dois anos,Sim,Transferência bancária,56.39,2281.19,0
Feminino,0,Não,Sim,70,Sim,Sim,Não,Sem serviço de internet,Sem serviço de internet,Sem serviço de internet,Sem serviço de internet,Sem serviço de internet,Sem serviço de internet,Mês a mês,Sim,Cheque enviado pelo correio,71.31,5158.02,0
Feminino,0,Não,Sim,51,Sim,Não,Fibra óptica,Não,Não,Não,Não,Sim,Sim,Mês a mês,Não,Cheque eletrônico,85.74,3748.9,0
Masculino,0,Não,Não,31,Sim,Sim,DSL,Não,Não,Sim,Sim,Não,Não,Mês a mês,Sim,Cheque eletrônico,36.32,1152.1,0
Feminino,1,Não,Não,41,Sim,Não,DSL,Sim,Não,Não,Não,Não,Não,Um ano,Sim,Cheque enviado pelo correio,85.71,3962.72,1
Masculino,1,Sim,Sim,58,Sim,Sim,Fibra óptica,Não,Sim,Não,Não,Não,Não,Um ano,Não,Cheque eletrônico,80.85,4098.74,0
Feminino,0,Sim,Não,5,Sim,Não,Não,Sem serviço de internet,Sem serviço de internet,Sem serviço de internet,Sem serviço de internet,Sem serviço de internet,Sem serviço de internet,Mês a mês,Sim,Cheque eletrônico,82.76,364.29,1
Feminino,1,Sim,Não,33,Não,Sem serviço telefônico,DSL,Sim,Sim,Não,Sim,Não,Sim,Mês a mês,Sim,Cartão de crédito,50.51,1438.03,1
Masculino,0,Não,Não,43,Sim,Sim,Fibra óptica,Sim,Sim,Não,Não,Não,Sim,Dois anos,Sim,Transferência bancária,33.08,1452.47,0
Feminino,0,Sim,Não,19,Sim,Não,Não,Sem serviço de internet,Sem serviço de internet,Sem serviço de internet,Sem serviço de internet,Sem serviço de internet,Sem serviço de internet,Dois anos,Sim,Transferência bancária,57.12,1036.34,0
Masculino,0,Sim,Sim,32,Sim,Não,DSL,Não,Não,Sim,Não,Não,Sim,Um ano,Não,Cheque eletrônico,27.4,767.5,0
Feminino,0,Sim,Sim,3,Sim,Sim,Não,Sem serviço de internet,Sem serviço de internet,Sem serviço de internet,Sem serviço de internet,Sem serviço de internet,Sem serviço de internet,Mês a mês,Sim,Cheque enviado pelo correio,34.35,94.89,1
Masculino,0,Não,Não,1,Sim,Não,Não,Sem serviço de internet,Sem serviço de internet,Sem serviço de internet,Sem serviço de internet,Sem serviço de internet,Sem serviço de internet,Dois anos,Não,Cheque eletrônico,73.39,82.32,0
Masculino,0,Sim,Sim,41,Sim,Sim,Fibra óptica,Não,Não,Não,Não,Não,Não,Um ano,Sim,Cartão de crédito,110.54,4306.7,0
Feminino,0,Não,Não,48,Sim,Não,DSL,Não,Sim,Sim,Não,Não,Não,Mês a mês,Não,Cheque enviado pelo correio,40.28,1735.22,0
Feminino,0,Sim,Não,39,Sim,Sim,DSL,Não,Não,Não,Sim,Não,Sim,Dois anos,Não,Cartão de crédito,71.66,2696.72,0
Masculino,0,Sim,Não,5,Sim,Não,Não,Sem serviço de internet,Sem serviço de internet,Sem serviço de internet,Sem serviço de internet,Sem serviço de internet,Sem serviço de internet,Um ano,Sim,Cheque enviado pelo correio,33.8,160.06,1
Feminino,1,Sim,Não,11,Sim,Não,Fibra óptica,Não,Não,Sim,Não,Sim,Sim,Mês a mês,Sim,Cartão de crédito,71.69,826.35,0
Feminino,0,Não,Não,22,Sim,Sim,Não,Sem serviço de internet,Sem serviço de internet,Sem serviço de internet,Sem serviço de internet,Sem serviço de internet,Sem serviço de internet,Mês a mês,Sim,Transferência bancária,93.45,1898.61,1
Feminino,0,Não,Não,64,Sim,Sim,DSL,Não,Sim,Não,Não,Não,Não,Mês a mês,Sim,Transferência bancária,99.28,5412.18,0
Masculino,0,Sim,Não,12,Sim,Não,Fibra óptica,Não,Não,Não,Sim,Sim,Sim,Um ano,Sim,Transferência bancária,87.97,1133.99,0
Masculino,0,Sim,Não,53,Sim,Não,Fibra óptica,Não,Não,Sim,Não,Sim,Não,Mês a mês,Não,Cheque eletrônico,38.24,2028.23,1
Masculino,0,Não,Não,55,Sim,Não,DSL,Não,Sim,Não,Não,Sim,Sim,Mês a mês,Sim,Transferência bancária,62.97,3163.52,0
Masculino,0,Sim,Não,53,Sim,Não,Não,Sem serviço de internet,Sem serviço de internet,Sem serviço de internet,Sem serviço de internet,Sem serviço de internet,Sem serviço de internet,Mês a mês,Sim,Cheque eletrônico,99.71,5159.61,0
Masculino,0,Sim,Sim,21,Sim,Sim,Fibra óptica,Sim,Não,Não,Não,Não,Não,Mês a mês,Não,Transferência bancária,91.55,1897.05,1
Masculino,0,Sim,Sim,19,Sim,Não,Não,Sem serviço de internet,Sem serviço de internet,Sem serviço de internet,Sem serviço de internet,Sem serviço de internet,Sem serviço de internet,Um ano,Sim,Cheque enviado pelo correio,98.29,2095.19,0
Masculino,0,Sim,Não,69,Sim,Sim,DSL,Sim,Sim,Não,Não,Não,Não,Dois anos,Sim,Cartão de crédito,27.51,1623.41,0
Masculino,0,Sim,Não,72,Sim,Sim,Fibra óptica,Sim,Não,Sim,Não,Não,Não,Mês a mês,Sim,Cheque enviado pelo correio,90.77,7378.28,0
Masculino,0,Sim,Não,66,Sim,Não,Não,Sem serviço de internet,Sem serviço de internet,Sem serviço de internet,Sem serviço de internet,Sem serviço de internet,Sem serviço de internet,Mês a mês,Sim,Cheque eletrônico,62.31,3540.18,1
Feminino,0,Sim,Não,59,Sim,Sim,DSL,Não,Sim,Não,Não,Não,Sim,Dois anos,Sim,Cheque enviado pelo correio,53.69,3630.55,0
Masculino,0,Não,Sim,49,Sim,Sim,DSL,Não,Não,Sim,Sim,Não,Não,Mês a mês,Sim,Cheque enviado pelo correio,34.17,1677.37,0
Feminino,0,Sim,Não,59,Sim,Sim,Fibra óptica,Não,Sim,Não,Não,Sim,Não,Mês a mês,Não,Cheque eletrônico,41.81,2424.54,0
Feminino,1,Não,Não,23,Sim,Não,Fibra óptica,Não,Sim,Sim,Não,Não,Não,Mês a mês,Sim,Transferência bancária,78.02,1917.92,1
Feminino,1,Sim,Não,3,Sim,Sim,DSL,Não,Não,Não,Sim,Sim,Não,Um ano,Sim,Cheque enviado pelo correio,88.21,227.13,0
Masculino,1,Não,Não,56,Sim,Sim,Não,Sem serviço de internet,Sem serviço de internet,Sem serviço de internet,Sem serviço de internet,Sem serviço de internet,Sem serviço de internet,Dois anos,Não,Cheque enviado pelo correio,72.46,4463.41,0
Masculino,0,Sim,Não,58,Não,Sem serviço telefônico,Fibra óptica,Não,Sim,Sim,Sim,Não,Não,Dois anos,Sim,Transferência bancária,114.51,7445.93,0
Masculino,0,Não,Não,62,Sim,Sim,Não,Sem serviço de internet,Sem serviço de internet,Sem serviço de internet,Sem serviço de internet,Sem serviço de internet,Sem serviço de internet,Mês a mês,Não,Cheque eletrônico,36.7,1978.08,0
Masculino,0,Sim,Não,18,Sim,Sim,DSL,Não,Não,Não,Não,Sim,Sim,Mês a mês,Sim,Cheque eletrônico,75.45,1345.4,1
Feminino,0,Não,Não,61,Sim,Sim,DSL,Sim,Não,Sim,Não,Não,Sim,Um ano,Não,Cheque eletrônico,92.28,5389.28,0
Masculino,0,Sim,Não,37,Sim,Não,Não,Sem serviço de internet,Sem serviço de internet,Sem serviço de internet,Sem serviço de internet,Sem serviço de internet,Sem serviço de internet,Dois anos,Não,Cheque enviado pelo correio,42.04,1666.74,0
Masculino,0,Sim,Sim,54,Sim,Sim,Fibra óptica,Sim,Não,Sim,Não,Não,Não,Dois anos,Sim,Cartão de crédito,22.33,1300.0,0
Masculino,1,Não,Não,65,Sim,Não,Não,Sem serviço de internet,Sem serviço de internet,Sem serviço de internet,Sem serviço de internet,Sem serviço de internet,Sem serviço de internet,Um ano,Sim,Cheque enviado pelo correio,41.86,2797.4,0
Masculino,0,Não,Não,14,Sim,Sim,Não,Sem serviço de internet,Sem serviço de internet,Sem serviço de internet,Sem serviço de internet,Sem serviço de internet,Sem serviço de internet,Dois anos,Não,Cheque eletrônico,18.69,286.46,0
Masculino,1,Sim,Não,5,Sim,Sim,Fibra óptica,Não,Não,Sim,Não,Não,Não,Mês a mês,Não,Cheque eletrônico,63.82,335.08,1
Feminino,0,Não,Não,62,Sim,Sim,DSL,Sim,Sim,Sim,Sim,Sim,Não,Mês a mês,Sim,Cheque eletrônico,22.38,1386.49,1
Masculino,0,Sim,Não,1,Sim,Não,Fibra óptica,Não,Sim,Não,Não,Não,Sim,Mês a mês,Sim,Cheque eletrônico,93.15,94.97,1
Feminino,0,Sim,Não,63,Sim,Não,DSL,Sim,Sim,Não,Sim,Sim,Não,Mês a mês,Não,Cheque enviado pelo correio,108.05,6415.08,0
Masculino,0,Não,Não,67,Sim,Não,DSL,Sim,Sim,Não,Não,Não,Não,Um ano,Sim,Cheque enviado pelo correio,50.08,3303.41,0
Feminino,0,Sim,Não,20,Sim,Sim,Não,Sem serviço de internet,Sem serviço de internet,Sem serviço de internet,Sem serviço de internet,Sem serviço de internet,Sem serviço de internet,Mês a mês,Sim,Cheque enviado pelo correio,76.76,1735.85,0
Masculino,0,Não,Sim,43,Sim,Não,Fibra óptica,Não,Sim,Não,Sim,Não,Sim,Mês a mês,Não,Cheque enviado pelo correio,100.59,4648.13,0
Masculino,0,Sim,Não,42,Sim,Sim,DSL,Sim,Não,Não,Não,Não,Sim,Mês a mês,Não,Cheque enviado pelo correio,44.25,1704.03,0
Feminino,0,Não,Sim,69,Sim,Sim,DSL,Sim,Não,Não,Não,Não,Não,Mês a mês,Sim,Transferência bancária,88.7,5370.65,0
Feminino,1,Não,Sim,39,Sim,Sim,DSL,Não,Não,Não,Sim,Não,Não,Dois anos,Sim,Cheque enviado pelo correio,107.49,3650.04,0
Feminino,0,Não,Não,62,Sim,Sim,Fibra óptica,Não,Não,Não,Sim,Sim,Sim,Mês a mês,Não,Cartão de crédito,86.66,5940.1,0
Masculino,1,Não,Não,48,Sim,Não,Fibra óptica,Não,Sim,Não,Não,Não,Sim,Mês a mês,Não,Cartão de crédito,86.02,4544.79,0
Feminino,0,Sim,Sim,6,Sim,Sim,Fibra óptica,Sim,Não,Não,Não,Não,Sim,Mês a mês,Não,Cheque eletrônico,28.69,162.82,1
Masculino,0,Não,Não,42,Sim,Não,Fibra óptica,Não,Não,Sim,Sim,Não,Não,Dois anos,Sim,Cheque eletrônico,33.86,1213.84,1
Masculino,0,Sim,Não,58,Sim,Sim,Fibra óptica,Não,Sim,Não,Não,Sim,Não,Mês a mês,Sim,Cartão de crédito,76.61,4345.33,1
Feminino,0,Não,Sim,43,Sim,Sim,DSL,Não,Não,Sim,Não,Não,Não,Dois anos,Sim,Cheque eletrônico,37.04,1513.89,0
Feminino,0,Não,Não,10,Sim,Não,Fibra óptica,Sim,Não,Não,Não,Não,Sim,Mês a mês,Não,Transferência bancária,64.72,574.91,0
Masculino,0,Não,Não,39,Sim,Não,Não,Sem serviço de internet,Sem serviço de internet,Sem serviço de internet,Sem serviço de internet,Sem serviço de internet,Sem serviço de internet,Dois anos,Sim,Cartão de crédito,105.01,3724.3,0
Masculino,0,Não,Não,13,Sim,Não,Fibra óptica,Não,Não,Não,Não,Não,Não,Mês a mês,Sim,Cheque eletrônico,113.09,1514.83,1
Feminino,0,Sim,Não,39,Sim,Sim,DSL,Sim,Não,Não,Não,Não,Não,Mês a mês,Sim,Cheque eletrônico,59.28,2463.54,0
Feminino,0,Não,Não,11,Sim,Sim,DSL,Sim,Não,Não,Não,Sim,Não,Um ano,Sim,Cheque eletrônico,33.08,371.67,0
Feminino,0,Sim,Não,16,Sim,Sim,Fibra óptica,Não,Sim,Sim,Não,Não,Não,Um ano,Sim,Transferência bancária,109.31,1574.27,1
Masculino,0,Não,Não,33,Sim,Não,Fibra óptica,Não,Não,Sim,Sim,Sim,Sim,Mês a mês,Sim,Transferência bancária,64.75,2016.35,0
Masculino,0,Sim,Não,60,Sim,Sim,Fibra óptica,Não,Sim,Sim,Não,Sim,Não,Mês a mês,Não,Cheque enviado pelo correio,46.97,2991.32,0
Masculino,0,Não,Não,59,Sim,Não,DSL,Não,Não,Não,Sim,Não,Não,Mês a mês,Sim,Cartão de crédito,117.36,6056.89,0
Masculino,0,Sim,Não,51,Sim,Não,Não,Sem serviço de internet,Sem serviço de internet,Sem serviço de internet,Sem serviço de internet,Sem serviço de internet,Sem serviço de internet,Mês a mês,Não,Cartão de crédito,107.96,5808.87,0
Masculino,0,Não,Sim,15,Sim,Não,Não,Sem serviço de internet,Sem serviço de internet,Sem serviço de internet,Sem serviço de internet,Sem serviço de internet,Sem serviço de internet,Dois anos,Sim,Cheque eletrônico,61.2,1015.69,0
Masculino,0,Sim,Sim,43,Sim,Não,Fibra óptica,Não,Sim,Não,Sim,Não,Sim,Mês a mês,Sim,Cartão de crédito,23.05,1078.05,1
Feminino,0,Não,Não,27,Sim,Não,Não,Sem serviço de internet,Sem serviço de internet,Sem serviço de internet,Sem serviço de internet,Sem serviço de internet,Sem serviço de internet,Mês a mês,Não,Cheque eletrônico,76.43,2110.41,1
Masculino,0,Sim,Não,56,Sim,Sim,DSL,Sim,Não,Não,Não,Sim,Não,Mês a mês,Não,Cheque eletrônico,89.65,5614.52,1
Masculino,0,Não,Sim,60,Sim,Não,Fibra óptica,Não,Não,Não,Não,Não,Não,Mês a mês,Não,Cartão de crédito,18.53,964.34,0
Masculino,0,Sim,Não,70,Sim,Não,Fibra óptica,Não,Não,Não,Não,Não,Sim,Um ano,Não,Transferência bancária,51.12,3611.75,0
Feminino,1,Não,Sim,47,Sim,Não,Fibra óptica,Não,Não,Sim,Não,Não,Não,Dois anos,Sim,Cheque eletrônico,27.44,1395.05,1
Masculino,0,Sim,Sim,8,Sim,Sim,DSL,Não,Não,Não,Não,Não,Sim,Mês a mês,Sim,Cheque eletrônico,105.9,836.62,1
Masculino,0,Não,Sim,63,Sim,Sim,Não,Sem serviço de internet,Sem serviço de internet,Sem serviço de internet,Sem serviço de internet,Sem serviço de internet,Sem serviço de internet,Mês a mês,Não,Transferência bancária,22.19,1602.42,0
Feminino,0,Sim,Não,7,Sim,Sim,Fibra óptica,Não,Sim,Não,Não,Sim,Sim,Dois anos,Não,Cheque eletrônico,113.04,676.92,1
Masculino,0,Não,Não,2,Sim,Sim,Fibra óptica,Não,Não,Sim,Não,Sim,Não,Um ano,Sim,Cheque eletrônico,21.51,40.85,1
Masculino,0,Sim,Sim,17,Sim,Não,Fibra óptica,Não,Sim,Não,Não,Não,Não,Dois anos,Não,Cheque enviado pelo correio,21.39,406.47,0
Masculino,0,Sim,Não,4,Sim,Não,Fibra óptica,Sim,Sim,Sim,Sim,Sim,Sim,Dois anos,Não,Cartão de crédito,61.38,221.2,1
Masculino,0,Não,Sim,26,Sim,Não,Não,Sem serviço de internet,Sem serviço de internet,Sem serviço de internet,Sem serviço de internet,Sem serviço de internet,Sem serviço de internet,Mês a mês,Sim,Cartão de crédito,53.3,1368.74,1
Masculino,0,Sim,Não,72,Sim,Sim,Fibra óptica,Não,Sim,Sim,Sim,Não,Sim,Mês a mês,Não,Cheque eletrônico,22.89,1766.93,0
Feminino,0,Sim,Sim,69,Sim,Não,Fibra óptica,Não,Não,Sim,Sim,Não,Não,Dois anos,Não,Cheque eletrônico,97.15,6701.78,0
Feminino,0,Não,Não,5,Sim,Não,Não,Sem serviço de internet,Sem serviço de internet,Sem serviço de internet,Sem serviço de internet,Sem serviço de internet,Sem serviço de internet,Mês a mês,Sim,Cheque enviado pelo correio,24.57,118.5,1
Feminino,1,Não,Não,5,Sim,Não,Fibra óptica,Sim,Não,Não,Não,Não,Sim,Mês a mês,Sim,Cheque enviado pelo correio,24.06,102.99,1
Masculino,0,Não,Não,69,Sim,Não,Fibra óptica,Não,Sim,Não,Sim,Não,Não,Mês a mês,Sim,Transferência bancária,66.58,4996.56,0
Masculino,1,Sim,Sim,3,Sim,Não,DSL,Não,Não,Não,Não,Não,Não,Mês a mês,Sim,Cartão de crédito,52.91,168.83,0
Masculino,0,Sim,Sim,38,Sim,Não,DSL,Sim,Não,Sim,Não,Não,Sim,Dois anos,Sim,Transferência bancária,32.15,1372.12,0
Feminino,1,Não,Não,1,Sim,Não,DSL,Sim,Sim,Não,Sim,Sim,Sim,Dois anos,Sim,Cheque eletrônico,30.26,33.94,0
Masculino,1,Sim,Não,8,Sim,Sim,DSL,Não,Sim,Sim,Não,Não,Sim,Dois anos,Sim,Cheque enviado pelo correio,114.99,1017.01,1
Masculino,0,Não,Não,13,Sim,Sim,Fibra óptica,Não,Não,Não,Sim,Sim,Sim,Mês a mês,Sim,Cheque enviado pelo correio,82.35,1026.27,1
Feminino,0,Sim,Não,70,Sim,Sim,Fibra óptica,Não,Não,Não,Não,Sim,Não,Um ano,Sim,Cartão de crédito,38.91,2665.88,0
Masculino,0,Não,Não,50,Sim,Não,Não,Sem serviço de internet,Sem serviço de internet,Sem serviço de internet,Sem serviço de internet,Sem serviço de internet,Sem serviço de internet,Mês a mês,Não,Cheque enviado pelo correio,50.12,2824.38,0
Feminino,0,Não,Não,8,Sim,Não,Fibra óptica,Não,Não,Não,Não,Sim,Não,Mês a mês,Sim,Transferência bancária,84.19,602.66,0
Feminino,0,Não,Não,30,Sim,Sim,Não,Sem serviço de internet,Sem serviço de internet,Sem serviço de internet,Sem serviço de internet,Sem serviço de internet,Sem serviço de internet,Dois anos,Sim,Cheque eletrônico,26.73,687.75,0
Feminino,0,Sim,Sim,40,Sim,Sim,Fibra óptica,Não,Não,Não,Sim,Não,Não,Dois anos,Sim,Cheque enviado pelo correio,53.74,2243.09,0
Masculino,0,Não,Não,33,Sim,Sim,Não,Sem serviço de internet,Sem serviço de internet,Sem serviço de internet,Sem serviço de internet,Sem serviço de internet,Sem serviço de internet,Mês a mês,Sim,Cheque eletrônico,20.8,651.53,0
Masculino,0,Sim,Não,52,Sim,Não,Não,Sem serviço de internet,Sem serviço de internet,Sem serviço de internet,Sem serviço de internet,Sem serviço de internet,Sem serviço de internet,Mês a mês,Não,Cheque eletrônico,78.55,3711.08,0
Masculino,1,Não,Não,33,Sim,Sim,DSL,Sim,Sim,Não,Não,Não,Sim,Mês a mês,Não,Cheque enviado pelo correio,103.45,3333.9,1
Masculino,0,Não,Sim,37,Sim,Sim,Fibra óptica,Não,Não,Sim,Sim,Não,Sim,Mês a mês,Sim,Transferência bancária,108.22,3696.46,1
Masculino,0,Sim,Não,70,Sim,Sim,DSL,Não,Sim,Não,Não,Não,Não,Mês a mês,Sim,Cartão de crédito,82.47,5378.85,0
Masculino,0,Sim,Não,69,Sim,Não,DSL,Sim,Não,Não,Não,Sim,Sim,Dois anos,Não,Cheque eletrônico,98.88,6224.58,0
Masculino,1,Não,Não,4,Sim,Não,DSL,Não,Não,Não,Não,Não,Não,Dois anos,Sim,Cheque eletrônico,94.13,406.19,1
Feminino,0,Sim,Sim,60,Sim,Não,DSL,Não,Não,Não,Não,Não,Não,Dois anos,Não,Cheque enviado pelo correio,20.05,1369.94,0
Masculino,0,Não,Não,31,Sim,Sim,DSL,Não,Não,Não,Não,Sim,Sim,Dois anos,Sim,Cheque eletrônico,35.09,1132.93,0
Feminino,0,Sim,Sim,14,Sim,Não,Fibra óptica,Não,Não,Não,Sim,Sim,Sim,Um ano,Sim,Cartão de crédito,24.59,350.09,1
Masculino,0,Sim,Não,60,Não,Sem serviço telefônico,Fibra óptica,Sim,Não,Não,Não,Não,Não,Um ano,Não,Cartão de crédito,46.01,3081.96,0
Masculino,0,Não,Não,68,Sim,Não,Fibra óptica,Não,Não,Sim,Sim,Não,Não,Mês a mês,Não,Cartão de crédito,26.42,1539.26,1
Masculino,1,Não,Não,26,Não,Sem serviço telefônico,DSL,Sim,Não,Não,Não,Não,Sim,Mês a mês,Não,Transferência bancária,68.91,1637.89,1
Feminino,0,Sim,Não,24,Sim,Não,Não,Sem serviço de internet,Sem serviço de internet,Sem serviço de internet,Sem serviço de internet,Sem serviço de internet,Sem serviço de internet,Mês a mês,Não,Cartão de crédito,37.17,882.4,0
Feminino,0,Não,Não,56,Sim,Não,Fibra óptica,Sim,Não,Não,Sim,Não,Não,Mês a mês,Não,Cartão de crédito,35.05,1730.42,0
Feminino,1,Não,Não,9,Sim,Sim,Fibra óptica,Não,Sim,Não,Não,Sim,Sim,Mês a mês,Sim,Cheque enviado pelo correio,116.43,1014.94,1
Feminino,0,Não,Sim,35,Sim,Sim,DSL,Sim,Não,Sim,Não,Não,Não,Mês a mês,Sim,Transferência bancária,109.48,3696.13,1
Masculino,0,Sim,Não,24,Sim,Não,Fibra óptica,Sim,Não,Sim,Não,Não,Não,Mês a mês,Sim,Cheque eletrônico,37.93,1032.28,1
Feminino,1,Sim,Não,31,Sim,Não,Não,Sem serviço de internet,Sem serviço de internet,Sem serviço de internet,Sem serviço de internet,Sem serviço de internet,Sem serviço de internet,Mês a mês,Sim,Cartão de crédito,38.67,1077.9,0
Masculino,0,Não,Sim,66,Sim,Sim,Fibra óptica,Sim,Sim,Sim,Não,Não,Não,Mês a mês,Sim,Cartão de crédito,91.34,5984.75,1
Masculino,0,Não,Não,66,Sim,Sim,Não,Sem serviço de internet,Sem serviço de internet,Sem serviço de internet,Sem serviço de internet,Sem serviço de internet,Sem serviço de internet,Mês a mês,Sim,Cartão de crédito,83.61,4869.31,0
Feminino,0,Sim,Sim,41,Sim,Não,Fibra óptica,Sim,Não,Não,Sim,Não,Não,Um ano,Não,Cheque eletrônico,48.28,2148.9,1
Feminino,0,Não,Sim,36,Sim,Sim,DSL,Sim,Sim,Sim,Não,Sim,Sim,Dois anos,Não,Cheque eletrônico,104.59,4046.82,0
Feminino,0,Sim,Não,34,Sim,Não,DSL,Não,Não,Não,Não,Não,Não,Mês a mês,Não,Cheque eletrônico,30.17,1169.95,1
Feminino,0,Sim,Não,39,Sim,Não,DSL,Não,Não,Sim,Não,Sim,Não,Dois anos,Não,Cheque enviado pelo correio,95.52,3566.57,0
Feminino,0,Não,Não,23,Não,Sem serviço telefônico,DSL,Não,Não,Não,Não,Não,Não,Um ano,Sim,Cheque eletrônico,108.69,2867.01,1
Feminino,1,Não,Não,44,Sim,Não,Fibra óptica,Não,Sim,Sim,Não,Não,Não,Mês a mês,Sim,Cartão de crédito,33.1,1540.89,0
Feminino,0,Sim,Não,70,Sim,Não,Fibra óptica,Não,Não,Não,Não,Não,Sim,Mês a mês,Não,Transferência bancária,73.71,4514.76,1
Feminino,1,Não,Sim,58,Sim,Sim,DSL,Não,Sim,Não,Não,Não,Sim,Um ano,Não,Transferência bancária,23.71,1185.73,0
Masculino,0,Não,Sim,59,Sim,Sim,Fibra óptica,Não,Não,Sim,Sim,Sim,Sim,Dois anos,Não,Cheque enviado pelo correio,98.98,5177.1,0
Feminino,0,Não,Não,26,Sim,Não,Fibra óptica,Não,Não,Sim,Sim,Não,Sim,Mês a mês,Sim,Cheque eletrônico,90.79,2006.63,0
Feminino,0,Não,Não,22,Sim,Não,Não,Sem serviço de internet,Sem serviço de internet,Sem serviço de internet,Sem serviço de internet,Sem serviço de internet,Sem serviço de internet,Um ano,Não,Cheque enviado pelo correio,64.9,1510.43,1
Masculino,0,Sim,Não,40,Sim,Sim,DSL,Sim,Não,Sim,Não,Não,Não,Mês a mês,Não,Cheque enviado pelo correio,47.15,2144.98,0
Feminino,0,Sim,Não,11,Sim,Não,Não,Sem serviço de internet,Sem serviço de internet,Sem serviço de internet,Sem serviço de internet,Sem serviço de internet,Sem serviço de internet,Mês a mês,Sim,Transferência bancária,35.95,341.29,0
Masculino,1,Sim,Sim,9,Não,Sem serviço telefônico,DSL,Não,Sim,Não,Não,Não,Sim,Mês a mês,Sim,Cheque eletrônico,90.34,739.48,1
Masculino,0,Não,Não,12,Sim,Sim,Fibra óptica,Não,Não,Não,Não,Não,Não,Mês a mês,Sim,Transferência bancária,87.33,1192.56,0
Feminino,0,Não,Não,26,Sim,Sim,Fibra óptica,Sim,Sim,Sim,Não,Não,Não,Um ano,Sim,Transferência bancária,70.1,1685.34,0
Masculino,0,Sim,Não,38,Sim,Sim,Não,Sem serviço de internet,Sem serviço de internet,Sem serviço de internet,Sem serviço de internet,Sem serviço de internet,Sem serviço de internet,Mês a mês,Sim,Cheque enviado pelo correio,32.18,1353.64,0
Masculino,0,Sim,Sim,3,Sim,Não,DSL,Sim,Não,Não,Não,Não,Não,Um ano,Sim,Cartão de crédito,23.17,63.17,0
Masculino,0,Sim,Não,15,Sim,Sim,DSL,Não,Não,Não,Não,Sim,Sim,Mês a mês,Sim,Transferência bancária,21.32,364.82,1
Masculino,0,Sim,Sim,47,Sim,Sim,Fibra óptica,Sim,Não,Sim,Não,Não,Não,Mês a mês,Sim,Transferência bancária,106.29,4830.15,0
Feminino,0,Não,Não,5,Sim,Não,DSL,Não,Sim,Sim,Sim,Não,Não,Mês a mês,Sim,Cartão de crédito,30.33,161.03,1
Masculino,0,Não,Sim,54,Não,Sem serviço telefônico,Não,Sem serviço de internet,Sem serviço de internet,Sem serviço de internet,Sem serviço de internet,Sem serviço de internet,Sem serviço de internet,Um ano,Não,Cheque eletrônico,66.63,4078.18,0
Feminino,0,Sim,Não,24,Sim,Sim,DSL,Não,Sim,Não,Sim,Sim,Não,Dois anos,Sim,Cheque eletrônico,100.52,2251.27,0
Masculino,0,Não,Não,11,Sim,Não,Não,Sem serviço de internet,Sem serviço de internet,Sem serviço de internet,Sem serviço de internet,Sem serviço de internet,Sem serviço de internet,Mês a mês,Sim,Cheque enviado pelo correio,64.1,690.66,0
Masculino,0,Não,Não,33,Sim,Sim,DSL,Não,Sim,Sim,Não,Não,Não,Mês a mês,Não,Transferência bancária,19.12,588.1,0
Masculino,1,Não,Não,57,Sim,Sim,DSL,Sim,Sim,Não,Não,Não,Não,Mês a mês,Não,Cheque enviado pelo correio,98.81,5613.09,0
Masculino,0,Sim,Sim,52,Sim,Sim,Fibra óptica,Não,Sim,Não,Sim,Sim,Não,Dois anos,Não,Cheque eletrônico,27.45,1601.04,0
Feminino,0,Sim,Não,64,Sim,Não,Fibra óptica,Não,Não,Não,Não,Não,Não,Um ano,Não,Cheque eletrônico,68.89,4006.98,0
Feminino,0,Sim,Não,43,Sim,Não,Não,Sem serviço de internet,Sem serviço de internet,Sem serviço de internet,Sem serviço de internet,Sem serviço de internet,Sem serviço de internet,Dois anos,Não,Cartão de crédito,99.92,4325.49,0
Masculino,0,Não,Não,44,Sim,Sim,Fibra óptica,Não,Não,Sim,Não,Não,Sim,Mês a mês,Sim,Cheque eletrônico,75.02,2957.51,1
Masculino,1,Não,Não,36,Sim,Sim,DSL,Não,Não,Não,Não,Não,Sim,Um ano,Sim,Cheque enviado pelo correio,37.9,1325.96,0
Feminino,0,Não,Não,12,Sim,Sim,Não,Sem serviço de internet,Sem serviço de internet,Sem serviço de internet,Sem serviço de internet,Sem serviço de internet,Sem serviço de internet,Mês a mês,Sim,Cheque enviado pelo correio,30.51,333.43,0
Masculino,0,Sim,Não,56,Sim,Não,Fibra óptica,Não,Não,Não,Não,Não,Não,Mês a mês,Sim,Cheque enviado pelo correio,116.62,5999.19,0
Masculino,0,Sim,Não,3,Sim,Não,Fibra óptica,Sim,Sim,Não,Não,Não,Não,Um ano,Não,Cartão de crédito,42.82,127.3,0
Masculino,0,Sim,Não,50,Não,Sem serviço telefônico,DSL,Sim,Não,Não,Sim,Sim,Sim,Mês a mês,Sim,Cartão de crédito,19.4,1040.33,1
Feminino,0,Não,Sim,29,Sim,Sim,Fibra óptica,Não,Não,Sim,Sim,Sim,Não,Um ano,Sim,Cartão de crédito,55.23,1422.87,1
Feminino,0,Sim,Sim,16,Sim,Sim,Fibra óptica,Não,Não,Não,Sim,Não,Sim,Um ano,Sim,Cheque eletrônico,91.4,1589.83,0
Feminino,0,Sim,Sim,40,Sim,Sim,DSL,Não,Não,Não,Não,Sim,Não,Mês a mês,Sim,Cheque eletrônico,59.53,2729.57,0
Masculino,0,Não,Sim,27,Sim,Sim,DSL,Sim,Não,Não,Não,Sim,Não,Mês a mês,Sim,Cheque eletrônico,33.84,860.25,0
Masculino,0,Não,Não,70,Sim,Sim,DSL,Não,Não,Sim,Sim,Não,Não,Mês a mês,Não,Transferência bancária,37.4,2381.76,0
Feminino,1,Não,Sim,42,Sim,Não,Não,Sem serviço de internet,Sem serviço de internet,Sem serviço de internet,Sem serviço de internet,Sem serviço de internet,Sem serviço de internet,Mês a mês,Sim,Cheque enviado pelo correio,89.79,3236.66,0
Feminino,0,Sim,Sim,57,Sim,Não,Fibra óptica,Não,Não,Não,Não,Não,Sim,Mês a mês,Não,Cheque enviado pelo correio,111.4,5766.17,0
Feminino,0,Não,Não,10,Sim,Não,Fibra óptica,Não,Sim,Não,Sim,Não,Não,Mês a mês,Não,Cartão de crédito,44.8,461.26,1
Feminino,0,Sim,Não,38,Sim,Sim,Fibra óptica,Sim,Não,Não,Não,Não,Não,Mês a mês,Não,Cheque enviado pelo correio,110.87,4650.38,1
Masculino,1,Não,Não,8,Sim,Sim,DSL,Não,Sim,Sim,Não,Não,Não,Mês a mês,Sim,Cartão de crédito,30.84,210.08,1
Feminino,0,Sim,Não,18,Sim,Sim,Não,Sem serviço de internet,Sem serviço de internet,Sem serviço de internet,Sem serviço de internet,Sem serviço de internet,Sem serviço de internet,Mês a mês,Sim,Cheque enviado pelo correio,27.29,510.48,1
Masculino,1,Sim,Sim,17,Sim,Sim,Não,Sem serviço de internet,Sem serviço de internet,Sem serviço de internet,Sem serviço de internet,Sem serviço de internet,Sem serviço de internet,Mês a mês,Sim,Cheque enviado pelo correio,35.01,531.96,0
Feminino,0,Não,Sim,58,Sim,Sim,Fibra óptica,Sim,Não,Sim,Não,Sim,Sim,Dois anos,Não,Transferência bancária,57.24,3617.83,0
Masculino,0,Não,Não,66,Sim,Não,Fibra óptica,Sim,Não,Não,Não,Sim,Não,Mês a mês,Não,Cartão de crédito,71.52,4320.96,0
Feminino,0,Não,Não,44,Sim,Não,Fibra óptica,Não,Não,Não,Não,Não,Sim,Um ano,Sim,Cartão de crédito,40.97,1568.49,0
Feminino,0,Sim,Não,9,Sim,Sim,DSL,Sim,Sim,Sim,Não,Sim,Não,Mês a mês,Não,Cheque enviado pelo correio,26.2,269.8,0
Feminino,0,Sim,Não,48,Sim,Sim,Não,Sem serviço de internet,Sem serviço de internet,Sem serviço de internet,Sem serviço de internet,Sem serviço de internet,Sem serviço de internet,Um ano,Sim,Transferência bancária,91.59,4349.92,0
Feminino,0,Não,Sim,39,Sim,Sim,DSL,Não,Sim,Não,Sim,Não,Sim,Mês a mês,Sim,Cheque eletrônico,47.3,1776.71,0
Masculino,0,Não,Não,6,Sim,Sim,Não,Sem serviço de internet,Sem serviço de internet,Sem serviço de internet,Sem serviço de internet,Sem serviço de internet,Sem serviço de internet,Mês a mês,Não,Cheque eletrônico,72.62,445.6,0
Feminino,0,Não,Sim,30,Sim,Não,Não,Sem serviço de internet,Sem serviço de internet,Sem serviço de internet,Sem serviço de internet,Sem serviço de internet,Sem serviço de internet,Um ano,Não,Cheque eletrônico,94.45,2880.92,0
Masculino,0,Não,Não,18,Sim,Não,Fibra óptica,Não,Não,Não,Sim,Sim,Não,Dois anos,Sim,Cheque eletrônico,28.54,443.74,0
Masculino,0,Não,Não,43,Sim,Sim,Fibra óptica,Não,Não,Não,Não,Sim,Não,Dois anos,Não,Cheque enviado pelo correio,69.3,2842.17,0
Masculino,0,Não,Não,33,Sim,Sim,Fibra óptica,Sim,Não,Sim,Não,Não,Sim,Mês a mês,Não,Transferência bancária,101.46,3459.83,0
Masculino,0,Sim,Não,53,Sim,Sim,DSL,Sim,Não,Sim,Sim,Sim,Sim,Mês a mês,Não,Cheque eletrônico,53.95,3240.48,0
Feminino,0,Sim,Não,56,Não,Sem serviço telefônico,DSL,Não,Não,Sim,Não,Não,Sim,Um ano,Sim,Cheque eletrônico,71.13,4165.2,1
Masculino,0,Sim,Não,19,Sim,Sim,Fibra óptica,Não,Não,Não,Sim,Não,Não,Mês a mês,Não,Cheque enviado pelo correio,111.98,1916.49,0
Masculino,1,Sim,Não,69,Sim,Sim,Fibra óptica,Não,Não,Sim,Sim,Não,Não,Um ano,Sim,Cartão de crédito,92.44,5440.13,0
Masculino,0,Não,Não,26,Sim,Não,Fibra óptica,Não,Sim,Sim,Não,Não,Sim,Dois anos,Sim,Cheque eletrônico,57.11,1612.41,0
Feminino,0,Não,Não,29,Sim,Sim,Fibra óptica,Sim,Não,Não,Não,Sim,Sim,Mês a mês,Sim,Transferência bancária,32.47,1035.51,1
Feminino,0,Não,Não,24,Sim,Não,Não,Sem serviço de internet,Sem serviço de internet,Sem serviço de internet,Sem serviço de internet,Sem serviço de internet,Sem serviço de internet,Dois anos,Não,Transferência bancária,45.23,982.39,0
Feminino,1,Sim,Não,6,Sim,Sim,DSL,Não,Não,Não,Não,Não,Sim,Mês a mês,Sim,Cheque eletrônico,73.32,416.29,1
Feminino,0,Sim,Sim,54,Sim,Sim,DSL,Não,Não,Não,Não,Não,Não,Mês a mês,Sim,Cheque eletrônico,34.65,2031.61,0
Masculino,0,Sim,Não,39,Sim,Sim,Fibra óptica,Sim,Sim,Sim,Sim,Não,Não,Mês a mês,Não,Transferência bancária,53.63,2206.92,1
Masculino,1,Não,Não,4,Sim,Sim,Não,Sem serviço de internet,Sem serviço de internet,Sem serviço de internet,Sem serviço de internet,Sem serviço de internet,Sem serviço de internet,Mês a mês,Sim,Cheque enviado pelo correio,83.31,296.47,0
Feminino,0,Sim,Não,58,Sim,Sim,DSL,Não,Sim,Não,Sim,Não,Sim,Mês a mês,Sim,Cheque eletrônico,111.16,6763.57,1
Masculino,0,Não,Não,48,Sim,Não,DSL,Não,Sim,Não,Não,Sim,Sim,Mês a mês,Sim,Cartão de crédito,40.5,2065.96,0
Masculino,0,Sim,Sim,60,Sim,Sim,Fibra óptica,Não,Sim,Não,Sim,Sim,Não,Mês a mês,Não,Cheque enviado pelo correio,43.41,2986.63,0
Masculino,0,Sim,Sim,26,Sim,Sim,Não,Sem serviço de internet,Sem serviço de internet,Sem serviço de internet,Sem serviço de internet,Sem serviço de internet,Sem serviço de internet,Mês a mês,Não,Transferência bancária,86.54,2515.08,0
Feminino,0,Não,Não,40,Sim,Não,Não,Sem serviço de internet,Sem serviço de internet,Sem serviço de internet,Sem serviço de internet,Sem serviço de internet,Sem serviço de internet,Um ano,Sim,Cheque eletrônico,30.04,1034.48,0
Feminino,0,Não,Sim,56,Sim,Sim,Não,Sem serviço de internet,Sem serviço de internet,Sem serviço de internet,Sem serviço de internet,Sem serviço de internet,Sem serviço de internet,Dois anos,Não,Cheque eletrônico,34.5,1704.01,0
Masculino,0,Sim,Sim,39,Sim,Sim,DSL,Sim,Sim,Não,Não,Sim,Sim,Mês a mês,Não,Cheque eletrônico,35.47,1343.06,1
Feminino,1,Não,Sim,39,Sim,Não,Fibra óptica,Não,Sim,Não,Sim,Não,Sim,Um ano,Não,Cheque enviado pelo correio,83.07,3065.31,0
Feminino,0,Não,Sim,48,Sim,Sim,Fibra óptica,Não,Sim,Sim,Não,Não,Não,Dois anos,Sim,Transferência bancária,64.69,2736.89,0
Feminino,0,Não,Não,25,Sim,Não,Fibra óptica,Não,Não,Não,Não,Sim,Não,Mês a mês,Sim,Transferência bancária,30.24,814.85,1
Feminino,0,Não,Não,34,Não,Sem serviço telefônico,Fibra óptica,Não,Não,Não,Não,Não,Não,Um ano,Não,Cheque enviado pelo correio,45.3,1444.24,0
Feminino,0,Não,Não,21,Sim,Não,Fibra óptica,Não,Não,Não,Não,Não,Não,Um ano,Não,Cheque enviado pelo correio,64.09,1486.29,0
Masculino,0,Sim,Não,25,Sim,Sim,Fibra óptica,Não,Não,Não,Sim,Não,Sim,Mês a mês,Sim,Transferência bancária,48.95,1169.96,0
Feminino,0,Não,Sim,22,Sim,Sim,Não,Sem serviço de internet,Sem serviço de internet,Sem serviço de internet,Sem serviço de internet,Sem serviço de internet,Sem serviço de internet,Dois anos,Sim,Cheque eletrônico,59.64,1408.41,0
Masculino,0,Sim,Sim,23,Sim,Não,DSL,Não,Não,Sim,Não,Não,Não,Mês a mês,Não,Cheque eletrônico,109.7,2303.82,0
Masculino,0,Não,Não,25,Sim,Sim,DSL,Sim,Não,Não,Sim,Sim,Não,Dois anos,Sim,Cheque eletrônico,114.54,2838.51,1
Feminino,0,Sim,Não,26,Sim,Não,Fibra óptica,Não,Sim,Não,Não,Sim,Sim,Um ano,Não,Cheque eletrônico,117.21,3096.92,1
Masculino,0,Sim,Sim,30,Sim,Não,Fibra óptica,Sim,Sim,Não,Não,Não,Não,Mês a mês,Não,Cheque eletrônico,20.61,608.51,0
Masculino,0,Não,Não,38,Não,Sem serviço telefônico,Fibra óptica,Sim,Não,Sim,Não,Não,Não,Um ano,Não,Cheque enviado pelo correio,89.47,3683.23,0
Masculino,0,Sim,Não,34,Sim,Sim,Não,Sem serviço de internet,Sem serviço de internet,Sem serviço de internet,Sem serviço de internet,Sem serviço de internet,Sem serviço de internet,Dois anos,Sim,Cheque eletrônico,111.51,3975.71,0
Feminino,0,Sim,Não,15,Sim,Sim,Fibra óptica,Não,Não,Não,Não,Sim,Não,Dois anos,Não,Transferência bancária,108.41,1666.17,1
Feminino,1,Não,Sim,44,Sim,Sim,Fibra óptica,Sim,Sim,Não,Não,Sim,Não,Um ano,Sim,Cheque eletrônico,20.48,828.52,1
Masculino,0,Não,Não,10,Sim,Sim,Fibra óptica,Não,Sim,Não,Sim,Não,Não,Mês a mês,Sim,Cheque eletrônico,98.72,994.53,0
Feminino,0,Não,Sim,37,Sim,Sim,DSL,Não,Sim,Não,Sim,Não,Sim,Mês a mês,Não,Transferência bancária,63.89,2508.35,0
Feminino,0,Sim,Não,7,Sim,Não,Fibra óptica,Não,Não,Não,Sim,Não,Sim,Dois anos,Sim,Transferência bancária,103.02,816.8,1
Feminino,0,Não,Não,32,Sim,Não,Fibra óptica,Não,Sim,Não,Não,Sim,Sim,Dois anos,Sim,Cheque eletrônico,89.56,2555.26,0
Feminino,0,Sim,Não,11,Sim,Não,DSL,Não,Não,Não,Não,Não,Não,Mês a mês,Não,Transferência bancária,62.01,757.13,1
Masculino,1,Sim,Sim,48,Sim,Sim,DSL,Sim,Não,Não,Sim,Sim,Não,Mês a mês,Não,Cheque eletrônico,47.54,2022.08,0
Masculino,1,Não,Sim,68,Sim,Não,Fibra óptica,Não,Não,Não,Não,Sim,Não,Um ano,Não,Cartão de crédito,18.08,1296.8,0
Feminino,0,Não,Não,48,Sim,Não,DSL,Sim,Não,Não,Não,Não,Não,Mês a mês,Não,Cheque eletrônico,72.03,3603.77,0
Feminino,0,Não,Não,45,Sim,Não,Fibra óptica,Sim,Não,Sim,Não,Sim,Sim,Mês a mês,Sim,Cheque enviado pelo correio,57.91,2898.87,1
Masculino,0,Não,Não,33,Sim,Não,Não,Sem serviço de internet,Sem serviço de internet,Sem serviço de internet,Sem serviço de internet,Sem serviço de internet,Sem serviço de internet,Um ano,Sim,Cartão de crédito,51.93,1487.1,1
Masculino,0,Sim,Não,4,Sim,Sim,DSL,Não,Não,Não,Sim,Não,Não,Um ano,Sim,Transferência bancária,64.83,289.3,1
Feminino,0,Não,Sim,47,Sim,Não,DSL,Não,Não,Sim,Não,Sim,Não,Mês a mês,Sim,Transferência bancária,65.62,2923.71,0
Masculino,0,Sim,Não,53,Sim,Sim,Fibra óptica,Sim,Não,Não,Não,Não,Não,Dois anos,Não,Transferência bancária,75.64,3984.9,0
Feminino,0,Não,Sim,31,Sim,Não,DSL,Não,Não,Não,Não,Não,Sim,Dois anos,Não,Cheque enviado pelo correio,83.84,2877.53,0
Feminino,0,Não,Sim,31,Sim,Não,Não,Sem serviço de internet,Sem serviço de internet,Sem serviço de internet,Sem serviço de internet,Sem serviço de internet,Sem serviço de internet,Mês a mês,Sim,Cheque eletrônico,34.36,1080.31,1
Masculino,0,Não,Não,27,Sim,Sim,DSL,Não,Não,Não,Não,Não,Sim,Mês a mês,Não,Cheque enviado pelo correio,40.2,1033.06,0
Masculino,1,Não,Não,48,Sim,Não,DSL,Não,Não,Não,Não,Sim,Não,Mês a mês,Sim,Cheque eletrônico,63.68,3312.91,0
Feminino,0,Não,Não,36,Sim,Sim,Fibra óptica,Não,Sim,Não,Não,Não,Sim,Mês a mês,Não,Cheque eletrônico,44.58,1396.42,0
Feminino,0,Não,Não,49,Sim,Não,Fibra óptica,Não,Não,Não,Sim,Não,Sim,Mês a mês,Sim,Cheque eletrônico,97.47,5019.03,0
Masculino,0,Sim,Não,31,Sim,Não,DSL,Não,Sim,Sim,Sim,Não,Não,Um ano,Sim,Cheque enviado pelo correio,66.12,1743.25,0
Feminino,1,Sim,Sim,44,Sim,Não,Fibra óptica,Não,Sim,Não,Não,Não,Sim,Mês a mês,Não,Cheque eletrônico,71.54,2712.33,1
Masculino,1,Não,Não,59,Sim,Sim,Fibra óptica,Não,Não,Sim,Não,Sim,Sim,Um ano,Não,Transferência bancária,74.08,4976.86,0
Feminino,0,Não,Não,23,Sim,Sim,DSL,Não,Não,Não,Não,Não,Não,Mês a mês,Não,Cartão de crédito,90.62,2068.1,0
Masculino,0,Sim,Não,68,Sim,Não,Fibra óptica,Não,Não,Não,Sim,Não,Não,Um ano,Sim,Cheque eletrônico,88.63,5230.59,0
Masculino,0,Sim,Não,42,Sim,Sim,DSL,Não,Não,Sim,Não,Não,Não,Dois anos,Não,Transferência bancária,86.74,4069.01,0
Masculino,0,Sim,Não,42,Sim,Não,DSL,Não,Não,Não,Não,Não,Sim,Um ano,Não,Cheque eletrônico,26.15,973.03,0
Feminino,0,Não,Não,13,Sim,Não,DSL,Não,Não,Sim,Sim,Sim,Sim,Um ano,Sim,Cheque enviado pelo correio,93.16,1042.13,0
Feminino,0,Sim,Não,1,Sim,Não,DSL,Não,Não,Sim,Sim,Não,Sim,Dois anos,Não,Cartão de crédito,97.09,93.96,0
Masculino,0,Sim,Não,53,Sim,Não,DSL,Não,Não,Sim,Não,Não,Não,Dois anos,Sim,Transferência bancária,82.22,3917.17,0
Feminino,0,Não,Sim,40,Sim,Sim,DSL,Não,Não,Sim,Não,Não,Sim,Mês a mês,Sim,Transferência bancária,103.22,3604.34,1
Masculino,0,Não,Não,46,Sim,Sim,Fibra óptica,Não,Não,Não,Sim,Sim,Não,Dois anos,Sim,Cheque eletrônico,48.54,2048.84,1
Masculino,1,Sim,Sim,22,Sim,Não,Não,Sem serviço de internet,Sem serviço de internet,Sem serviço de internet,Sem serviço de internet,Sem serviço de internet,Sem serviço de internet,Dois anos,Sim,Cartão de crédito,25.84,493.74,0
Feminino,0,Sim,Sim,52,Sim,Não,DSL,Não,Sim,Sim,Sim,Não,Não,Dois anos,Sim,Cheque eletrônico,48.55,2437.8,0
Feminino,0,Não,Sim,28,Sim,Não,DSL,Não,Sim,Não,Não,Não,Sim,Mês a mês,Sim,Transferência bancária,90.02,2828.46,0
Masculino,0,Sim,Sim,53,Sim,Sim,Fibra óptica,Não,Não,Sim,Não,Sim,Sim,Um ano,Sim,Cheque enviado pelo correio,95.31,4697.76,0
Feminino,0,Não,Não,63,Não,Sem serviço telefônico,Fibra óptica,Não,Não,Sim,Sim,Sim,Não,Um ano,Sim,Cheque enviado pelo correio,79.9,5388.4,1
Feminino,0,Não,Não,17,Sim,Não,Não,Sem serviço de internet,Sem serviço de internet,Sem serviço de internet,Sem serviço de internet,Sem serviço de internet,Sem serviço de internet,Mês a mês,Sim,Cheque enviado pelo correio,34.89,517.94,0
Masculino,0,Sim,Sim,64,Sim,Não,Não,Sem serviço de internet,Sem serviço de internet,Sem serviço de internet,Sem serviço de internet,Sem serviço de internet,Sem serviço de internet,Um ano,Não,Transferência bancária,91.42,5032.82,0
Masculino,1,Não,Sim,6,Sim,Não,Não,Sem serviço de internet,Sem serviço de internet,Sem serviço de internet,Sem serviço de internet,Sem serviço de internet,Sem serviço de internet,Dois anos,Sim,Cheque eletrônico,19.11,105.2,0
Feminino,0,Sim,Não,14,Sim,Não,Não,Sem serviço de internet,Sem serviço de internet,Sem serviço de internet,Sem serviço de internet,Sem serviço de internet,Sem serviço de internet,Mês a mês,Sim,Cheque eletrônico,23.83,355.22,1
Masculino,0,Sim,Sim,17,Sim,Não,Fibra óptica,Não,Sim,Não,Sim,Não,Não,Dois anos,Não,Cheque enviado pelo correio,27.33,426.06,1
Masculino,0,Não,Não,38,Sim,Não,Fibra óptica,Não,Sim,Não,Sim,Não,Sim,Um ano,Não,Cheque eletrônico,42.73,1430.35,0
Feminino,0,Não,Sim,69,Sim,Sim,Não,Sem serviço de internet,Sem serviço de internet,Sem serviço de internet,Sem serviço de internet,Sem serviço de internet,Sem serviço de internet,Um ano,Sim,Cheque enviado pelo correio,62.49,4170.94,0
Masculino,0,Sim,Sim,13,Sim,Não,Fibra óptica,Sim,Sim,Sim,Não,Não,Não,Mês a mês,Sim,Transferência bancária,72.05,977.46,1
Masculino,0,Sim,Não,53,Sim,Sim,Fibra óptica,Não,Sim,Sim,Não,Não,Não,Um ano,Sim,Cartão de crédito,69.45,3922.57,0
Feminino,0,Sim,Não,9,Sim,Não,Não,Sem serviço de internet,Sem serviço de internet,Sem serviço de internet,Sem serviço de internet,Sem serviço de internet,Sem serviço de internet,Um ano,Sim,Cheque eletrônico,90.7,719.11,1
Feminino,0,Sim,Não,44,Sim,Sim,DSL,Sim,Não,Não,Não,Sim,Não,Mês a mês,Não,Cheque eletrônico,30.96,1218.83,0
Masculino,0,Não,Sim,26,Sim,Sim,Fibra óptica,Não,Não,Sim,Não,Não,Sim,Mês a mês,Sim,Cheque enviado pelo correio,78.33,1735.83,1
Masculino,0,Sim,Não,19,Sim,Não,DSL,Não,Não,Não,Não,Sim,Sim,Mês a mês,Sim,Transferência bancária,65.21,1400.61,1
Feminino,0,Não,Não,48,Sim,Sim,Não,Sem serviço de internet,Sem serviço de internet,Sem serviço de internet,Sem serviço de internet,Sem serviço de internet,Sem serviço de internet,Mês a mês,Sim,Cartão de crédito,85.82,4032.9,1
Feminino,0,Sim,Sim,30,Sim,Não,DSL,Não,Sim,Não,Não,Não,Sim,Dois anos,Sim,Cartão de crédito,115.49,2946.03,0
Feminino,0,Não,Sim,32,Sim,Sim,DSL,Não,Não,Sim,Não,Sim,Não,Mês a mês,Sim,Cheque eletrônico,55.14,1838.3,0
Feminino,0,Não,Sim,69,Sim,Sim,Não,Sem serviço de internet,Sem serviço de internet,Sem serviço de internet,Sem serviço de internet,Sem serviço de internet,Sem serviço de internet,Mês a mês,Sim,Cheque enviado pelo correio,42.63,3122.58,0
Masculino,1,Não,Não,11,Sim,Sim,DSL,Não,Não,Não,Não,Sim,Sim,Dois anos,Sim,Cheque enviado pelo correio,103.83,1081.83,0
Feminino,0,Sim,Sim,26,Sim,Não,Fibra óptica,Não,Não,Não,Sim,Não,Sim,Mês a mês,Não,Cheque enviado pelo correio,47.17,1051.17,0
Feminino,0,Sim,Não,26,Sim,Sim,Fibra óptica,Não,Sim,Não,Não,Não,Sim,Mês a mês,Sim,Cheque eletrônico,104.09,3107.92,1
Masculino,1,Sim,Sim,17,Sim,Sim,Fibra óptica,Sim,Sim,Não,Não,Não,Sim,Mês a mês,Não,Cheque eletrônico,23.68,377.7,1
Feminino,0,Não,Sim,44,Sim,Sim,Fibra óptica,Não,Não,Não,Sim,Não,Não,Dois anos,Sim,Cheque enviado pelo correio,24.31,935.51,0
Masculino,0,Não,Sim,23,Sim,Sim,Fibra óptica,Sim,Sim,Não,Sim,Não,Sim,Mês a mês,Sim,Transferência bancária,80.69,2112.67,1
Feminino,0,Não,Não,25,Sim,Não,Fibra óptica,Não,Não,Sim,Sim,Não,Sim,Mês a mês,Não,Cartão de crédito,46.32,1058.82,1
Feminino,0,Não,Sim,37,Sim,Não,DSL,Não,Sim,Não,Não,Sim,Não,Um ano,Não,Transferência bancária,57.2,2208.28,0
Feminino,0,Sim,Não,65,Sim,Sim,Fibra óptica,Sim,Não,Sim,Sim,Não,Sim,Um ano,Sim,Transferência bancária,19.79,1284.94,0
Masculino,0,Não,Não,2,Sim,Sim,Fibra óptica,Não,Não,Não,Sim,Não,Não,Mês a mês,Não,Cheque enviado pelo correio,70.01,151.92,1
Masculino,0,Não,Não,32,Sim,Sim,Fibra óptica,Não,Não,Não,Não,Não,Sim,Mês a mês,Sim,Cheque eletrônico,19.42,548.41,1
Feminino,0,Sim,Não,55,Sim,Não,Fibra óptica,Sim,Sim,Não,Não,Não,Não,Mês a mês,Sim,Transferência bancária,103.59,6148.34,0
Masculino,1,Sim,Não,50,Sim,Sim,Fibra óptica,Não,Não,Não,Sim,Não,Sim,Um ano,Sim,Cheque eletrônico,85.52,4198.49,0
Masculino,0,Não,Não,65,Sim,Não,Fibra óptica,Sim,Não,Sim,Sim,Sim,Sim,Mês a mês,Sim,Transferência bancária,61.85,3587.83,0
Masculino,1,Sim,Não,32,Sim,Não,DSL,Não,Não,Sim,Não,Não,Não,Mês a mês,Sim,Transferência bancária,82.05,2746.41,0
Masculino,0,Sim,Sim,37,Sim,Sim,Fibra óptica,Sim,Não,Sim,Sim,Sim,Não,Dois anos,Sim,Cheque eletrônico,65.13,2702.84,0
Masculino,0,Não,Sim,13,Sim,Não,DSL,Sim,Não,Não,Não,Sim,Não,Mês a mês,Não,Cheque eletrônico,34.22,421.62,1
Masculino,0,Não,Não,54,Não,Sem serviço telefônico,DSL,Não,Não,Não,Não,Sim,Não,Um ano,Sim,Cartão de crédito,71.58,4175.34,1
Feminino,0,Sim,Não,3,Sim,Sim,Fibra óptica,Sim,Sim,Sim,Não,Não,Não,Um ano,Não,Cartão de crédito,109.8,294.78,1
Feminino,0,Sim,Não,42,Sim,Sim,Fibra óptica,Não,Não,Não,Não,Não,Não,Um ano,Não,Transferência bancária,81.46,3925.25,0
Masculino,0,Não,Sim,40,Sim,Sim,DSL,Não,Não,Não,Sim,Não,Sim,Mês a mês,Não,Cheque enviado pelo correio,99.95,4243.26,0
Feminino,0,Não,Não,66,Sim,Não,Não,Sem serviço de internet,Sem serviço de internet,Sem serviço de internet,Sem serviço de internet,Sem serviço de internet,Sem serviço de internet,Dois anos,Sim,Cartão de crédito,43.07,2888.43,0
Feminino,1,Sim,Não,60,Sim,Não,Não,Sem serviço de internet,Sem serviço de internet,Sem serviço de internet,Sem serviço de internet,Sem serviço de internet,Sem serviço de internet,Mês a mês,Sim,Cheque eletrônico,59.45,3536.97,0
Feminino,0,Não,Não,11,Sim,Não,Fibra óptica,Sim,Não,Não,Não,Sim,Não,Um ano,Não,Cartão de crédito,45.66,525.41,0
Feminino,0,Não,Não,1,Sim,Não,Fibra óptica,Não,Não,Não,Não,Sim,Não,Mês a mês,Não,Cheque eletrônico,93.31,101.34,0
Masculino,0,Não,Não,26,Não,Sem serviço telefônico,Fibra óptica,Não,Não,Não,Não,Sim,Sim,Mês a mês,Sim,Cartão de crédito,81.8,1886.02,1
Feminino,0,Sim,Sim,42,Sim,Sim,DSL,Não,Não,Não,Não,Não,Não,Mês a mês,Sim,Cheque eletrônico,75.21,3311.93,0
Feminino,0,Sim,Não,62,Sim,Não,DSL,Não,Sim,Não,Não,Sim,Não,Mês a mês,Sim,Cartão de crédito,18.75,1308.7,0
Masculino,0,Não,Não,61,Sim,Sim,Não,Sem serviço de internet,Sem serviço de internet,Sem serviço de internet,Sem serviço de internet,Sem serviço de internet,Sem serviço de internet,Mês a mês,Sim,Cartão de crédito,103.83,5903.74,0
Masculino,0,Sim,Não,62,Não,Sem serviço telefônico,Não,Sem serviço de internet,Sem serviço de internet,Sem serviço de internet,Sem serviço de internet,Sem serviço de internet,Sem serviço de internet,Mês a mês,Sim,Cheque eletrônico,109.27,7329.95,0
Feminino,1,Não,Não,12,Sim,Sim,DSL,Não,Sim,Não,Não,Sim,Sim,Mês a mês,Não,Cheque enviado pelo correio,88.21,933.49,1
Feminino,0,Sim,Não,27,Não,Sem serviço telefônico,Fibra óptica,Não,Sim,Sim,Não,Não,Não,Um ano,Sim,Cheque eletrônico,106.41,3217.47,0
Feminino,0,Sim,Sim,67,Sim,Sim,Fibra óptica,Não,Sim,Não,Não,Não,Sim,Dois anos,Sim,Cheque enviado pelo correio,101.87,5879.32,0
Feminino,0,Sim,Sim,28,Não,Sem serviço telefônico,DSL,Não,Não,Não,Sim,Sim,Sim,Dois anos,Sim,Cheque eletrônico,99.93,2385.98,0
Feminino,0,Sim,Não,66,Sim,Sim,DSL,Não,Não,Não,Não,Não,Não,Mês a mês,Sim,Cheque eletrônico,91.7,5828.78,0
Feminino,0,Não,Não,28,Sim,Sim,DSL,Não,Sim,Sim,Sim,Sim,Sim,Dois anos,Não,Cheque eletrônico,24.38,688.83,0
Masculino,0,Sim,Sim,21,Sim,Não,Fibra óptica,Sim,Não,Sim,Não,Não,Não,Dois anos,Não,Cheque enviado pelo correio,30.89,639.79,0
Feminino,1,Não,Não,7,Sim,Não,DSL,Não,Não,Sim,Sim,Não,Não,Mês a mês,Sim,Transferência bancária,102.29,647.86,1
Feminino,0,Não,Não,14,Não,Sem serviço telefônico,DSL,Não,Não,Sim,Sim,Não,Sim,Dois anos,Sim,Cheque eletrônico,57.82,882.79,0
Masculino,0,Sim,Sim,39,Sim,Sim,Fibra óptica,Não,Não,Não,Não,Não,Não,Mês a mês,Sim,Transferência bancária,93.55,3871.24,0
Masculino,1,Não,Sim,62,Sim,Não,DSL,Não,Não,Sim,Não,Não,Não,Mês a mês,Não,Cheque eletrônico,37.89,2614.82,1
Masculino,0,Sim,Sim,12,Sim,Sim,Fibra óptica,Sim,Sim,Sim,Não,Não,Sim,Mês a mês,Sim,Cheque eletrônico,82.99,852.65,1
Masculino,0,Não,Não,38,Sim,Não,DSL,Sim,Sim,Não,Sim,Sim,Não,Um ano,Não,Cheque enviado pelo correio,42.17,1527.68,0
Feminino,0,Não,Não,58,Sim,Não,Não,Sem serviço de internet,Sem serviço de internet,Sem serviço de internet,Sem serviço de internet,Sem serviço de internet,Sem serviço de internet,Mês a mês,Não,Cheque eletrônico,61.54,3245.68,0
Feminino,0,Sim,Não,56,Sim,Sim,DSL,Não,Não,Não,Sim,Sim,Não,Mês a mês,Sim,Cheque enviado pelo correio,46.7,2722.97,0
Feminino,0,Sim,Não,39,Sim,Sim,Fibra óptica,Sim,Não,Sim,Não,Sim,Não,Um ano,Sim,Cheque eletrônico,62.79,2797.8,0
Feminino,0,Não,Não,4,Sim,Não,DSL,Não,Não,Não,Sim,Sim,Sim,Um ano,Não,Cheque enviado pelo correio,116.2,436.45,0
Feminino,0,Não,Não,48,Sim,Sim,Fibra óptica,Não,Não,Não,Não,Sim,Não,Mês a mês,Sim,Cartão de crédito,84.67,4496.8,0
Feminino,0,Sim,Não,7,Sim,Sim,Fibra óptica,Não,Não,Não,Sim,Não,Sim,Dois anos,Não,Transferência bancária,104.27,810.3,0
Masculino,0,Não,Não,60,Sim,Sim,Fibra óptica,Sim,Sim,Não,Não,Sim,Não,Mês a mês,Sim,Cheque enviado pelo correio,66.13,3713.82,1
Feminino,0,Sim,Sim,40,Sim,Sim,Não,Sem serviço de internet,Sem serviço de internet,Sem serviço de internet,Sem serviço de internet,Sem serviço de internet,Sem serviço de internet,Um ano,Não,Cheque enviado pelo correio,19.64,686.12,0
Masculino,0,Não,Não,8,Não,Sem serviço telefônico,DSL,Não,Sim,Sim,Sim,Sim,Sim,Um ano,Não,Cheque enviado pelo correio,89.47,794.36,0
Masculino,0,Sim,Não,58,Sim,Sim,DSL,Não,Não,Não,Não,Não,Sim,Um ano,Não,Cheque eletrônico,114.75,7256.79,0
Feminino,0,Não,Sim,57,Sim,Não,Fibra óptica,Sim,Não,Não,Não,Sim,Não,Dois anos,Sim,Cheque enviado pelo correio,46.63,2755.22,0
Masculino,0,Sim,Não,35,Sim,Sim,Fibra óptica,Não,Não,Não,Não,Não,Não,Dois anos,Sim,Transferência bancária,83.86,2832.42,0
Feminino,0,Não,Não,13,Sim,Não,Não,Sem serviço de internet,Sem serviço de internet,Sem serviço de internet,Sem serviço de internet,Sem serviço de internet,Sem serviço de internet,Um ano,Sim,Cartão de crédito,61.5,731.51,0
Masculino,1,Não,Não,39,Sim,Não,Fibra óptica,Não,Não,Não,Não,Não,Sim,Mês a mês,Sim,Transferência bancária,72.07,2666.27,0
Feminino,0,Não,Não,21,Sim,Sim,Fibra óptica,Não,Não,Não,Não,Não,Sim,Um ano,Sim,Transferência bancária,24.86,460.38,0
Masculino,0,Não,Sim,47,Sim,Não,Fibra óptica,Não,Sim,Não,Não,Não,Não,Mês a mês,Não,Cheque eletrônico,93.38,4817.82,0
Feminino,0,Não,Não,2,Sim,Não,Fibra óptica,Não,Não,Não,Sim,Sim,Não,Mês a mês,Sim,Cheque eletrônico,103.75,184.95,1
Feminino,0,Não,Não,44,Sim,Sim,DSL,Não,Sim,Não,Sim,Não,Não,Um ano,Não,Cheque eletrônico,25.05,981.68,0
Feminino,0,Não,Não,30,Sim,Não,DSL,Não,Sim,Não,Não,Não,Não,Dois anos,Não,Cheque eletrônico,72.78,2437.3,0
Feminino,1,Não,Não,55,Sim,Não,DSL,Sim,Sim,Sim,Sim,Não,Sim,Um ano,Sim,Transferência bancária,94.25,5477.84,0
Feminino,0,Não,Não,40,Sim,Não,DSL,Sim,Não,Não,Sim,Não,Sim,Mês a mês,Sim,Transferência bancária,116.3,4311.9,1
Masculino,0,Não,Sim,24,Sim,Não,DSL,Sim,Sim,Sim,Não,Não,Não,Um ano,Não,Cheque enviado pelo correio,50.61,1131.75,1
Masculino,0,Sim,Não,42,Sim,Não,Fibra óptica,Sim,Não,Não,Sim,Não,Não,Mês a mês,Sim,Cheque eletrônico,52.04,2426.03,1
Masculino,1,Não,Não,28,Sim,Sim,Não,Sem serviço de internet,Sem serviço de internet,Sem serviço de internet,Sem serviço de internet,Sem serviço de internet,Sem serviço de internet,Um ano,Sim,Transferência bancária,105.65,3035.77,1
Feminino,0,Sim,Não,51,Sim,Não,DSL,Não,Não,Não,Sim,Não,Não,Um ano,Sim,Cheque enviado pelo correio,88.22,4387.73,0
Masculino,1,Não,Não,22,Sim,Sim,Fibra óptica,Não,Sim,Sim,Sim,Sim,Sim,Um ano,Sim,Cheque eletrônico,113.56,2796.51,1
Feminino,0,Não,Não,8,Não,Sem serviço telefônico,Fibra óptica,Não,Não,Não,Sim,Não,Sim,Um ano,Sim,Transferência bancária,66.21,482.95,0
Feminino,0,Não,Não,14,Sim,Não,DSL,Não,Não,Não,Não,Não,Não,Um ano,Sim,Cheque eletrônico,80.05,1135.51,0
Masculino,0,Sim,Sim,45,Não,Sem serviço telefônico,Fibra óptica,Não,Não,Não,Não,Sim,Sim,Mês a mês,Sim,Cheque enviado pelo correio,25.73,1307.16,1
Masculino,0,Sim,Não,38,Sim,Não,Não,Sem serviço de internet,Sem serviço de internet,Sem serviço de internet,Sem serviço de internet,Sem serviço de internet,Sem serviço de internet,Mês a mês,Não,Cheque eletrônico,114.89,4338.62,1
Feminino,0,Não,Não,32,Sim,Sim,DSL,Não,Sim,Não,Não,Não,Não,Mês a mês,Sim,Cheque eletrônico,54.5,1636.04,0
Masculino,0,Sim,Sim,62,Sim,Não,Não,Sem serviço de internet,Sem serviço de internet,Sem serviço de internet,Sem serviço de internet,Sem serviço de internet,Sem serviço de internet,Mês a mês,Não,Cheque eletrônico,74.45,5300.54,0
Feminino,0,Sim,Sim,67,Sim,Sim,DSL,Não,Sim,Sim,Não,Sim,Não,Mês a mês,Não,Cheque eletrônico,76.14,5140.39,0
Feminino,0,Não,Não,61,Sim,Não,Não,Sem serviço de internet,Sem serviço de internet,Sem serviço de internet,Sem serviço de internet,Sem serviço de internet,Sem serviço de internet,Dois anos,Sim,Transferência bancária,63.34,3760.6,0
Feminino,0,Não,Não,13,Sim,Sim,Fibra óptica,Não,Sim,Sim,Não,Não,Não,Mês a mês,Não,Cheque eletrônico,97.07,1197.93,0
Feminino,0,Sim,Sim,47,Sim,Sim,Fibra óptica,Não,Sim,Não,Sim,Sim,Não,Mês a mês,Sim,Cheque eletrônico,76.14,3385.98,0
Feminino,0,Não,Sim,54,Sim,Não,DSL,Não,Não,Não,Não,Não,Não,Um ano,Não,Cartão de crédito,40.91,1983.79,1
Masculino,0,Sim,Sim,71,Sim,Sim,Fibra óptica,Não,Sim,Sim,Não,Sim,Não,Dois anos,Não,Cartão de crédito,52.47,4038.44,0
Masculino,0,Não,Sim,52,Sim,Sim,Não,Sem serviço de internet,Sem serviço de internet,Sem serviço de internet,Sem serviço de internet,Sem serviço de internet,Sem serviço de internet,Mês a mês,Não,Cheque enviado pelo correio,113.42,5716.57,0
Feminino,0,Sim,Não,72,Sim,Sim,Fibra óptica,Não,Não,Não,Não,Não,Não,Um ano,Sim,Transferência bancária,101.92,7487.84,0
Feminino,0,Não,Não,25,Sim,Sim,DSL,Não,Sim,Sim,Não,Sim,Não,Mês a mês,Sim,Cartão de crédito,114.69,3017.81,0
Masculino,0,Sim,Não,23,Sim,Não,Não,Sem serviço de internet,Sem serviço de internet,Sem serviço de internet,Sem serviço de internet,Sem serviço de internet,Sem serviço de internet,Um ano,Sim,Cartão de crédito,42.9,993.65,0
Masculino,0,Não,Não,30,Não,Sem serviço telefônico,Fibra óptica,Não,Não,Não,Sim,Não,Não,Mês a mês,Sim,Cheque enviado pelo correio,62.19,1757.41,1
Feminino,0,Sim,Não,11,Sim,Sim,Não,Sem serviço de internet,Sem serviço de internet,Sem serviço de internet,Sem serviço de internet,Sem serviço de internet,Sem serviço de internet,Um ano,Não,Cheque eletrônico,25.22,300.51,0
Masculino,0,Não,Não,35,Não,Sem serviço telefônico,Fibra óptica,Não,Não,Não,Não,Sim,Não,Dois anos,Sim,Transferência bancária,64.22,2269.55,1
Feminino,0,Sim,Não,27,Sim,Não,DSL,Não,Não,Sim,Não,Não,Sim,Mês a mês,Sim,Cheque enviado pelo correio,41.51,1000.76,0
Masculino,0,Sim,Não,67,Sim,Não,DSL,Não,Não,Não,Não,Sim,Sim,Mês a mês,Sim,Cheque eletrônico,59.62,3686.55,0
Feminino,0,Não,Não,47,Sim,Não,Fibra óptica,Não,Não,Não,Não,Não,Sim,Mês a mês,Sim,Cheque eletrônico,48.62,2085.92,0
Masculino,0,Não,Não,50,Sim,Sim,Fibra óptica,Não,Sim,Não,Não,Sim,Sim,Dois anos,Não,Cheque enviado pelo correio,22.61,1122.26,0
Feminino,0,Sim,Não,8,Sim,Não,Fibra óptica,Não,Não,Não,Não,Não,Sim,Mês a mês,Não,Cheque enviado pelo correio,44.76,313.85,0
Masculino,0,Sim,Sim,55,Sim,Não,Fibra óptica,Sim,Não,Não,Não,Sim,Sim,Mês a mês,Sim,Cheque enviado pelo correio,70.49,4027.27,0
Masculino,0,Sim,Sim,42,Sim,Não,Fibra óptica,Sim,Não,Não,Não,Não,Não,Mês a mês,Não,Cheque enviado pelo correio,26.61,1240.54,0
Feminino,0,Sim,Não,67,Sim,Sim,Fibra óptica,Sim,Não,Não,Sim,Não,Não,Dois anos,Não,Cheque eletrônico,80.51,5679.4,0
Masculino,0,Sim,Não,20,Sim,Não,DSL,Sim,Não,Não,Não,Não,Sim,Mês a mês,Não,Cheque eletrônico,87.13,1619.55,1
Feminino,0,Sim,Não,45,Não,Sem serviço telefônico,Fibra óptica,Sim,Não,Não,Sim,Sim,Não,Um ano,Sim,Transferência bancária,56.4,2516.88,0
Masculino,1,Não,Não,35,Sim,Sim,Não,Sem serviço de internet,Sem serviço de internet,Sem serviço de internet,Sem serviço de internet,Sem serviço de internet,Sem serviço de internet,Um ano,Não,Cheque enviado pelo correio,108.9,3547.45,0
Feminino,0,Não,Sim,20,Sim,Não,DSL,Sim,Não,Sim,Não,Não,Sim,Mês a mês,Sim,Cheque enviado pelo correio,26.48,503.94,1
Masculino,0,Sim,Não,24,Sim,Sim,Fibra óptica,Não,Sim,Não,Não,Não,Sim,Dois anos,Sim,Transferência bancária,80.6,2071.3,0
Feminino,0,Não,Não,57,Sim,Sim,DSL,Não,Não,Não,Não,Não,Não,Um ano,Sim,Transferência bancária,91.55,5340.61,0
Masculino,0,Não,Sim,55,Sim,Não,Não,Sem serviço de internet,Sem serviço de internet,Sem serviço de internet,Sem serviço de internet,Sem serviço de internet,Sem serviço de internet,Mês a mês,Não,Transferência bancária,96.56,4820.1,0
Feminino,0,Sim,Não,9,Sim,Sim,Fibra óptica,Não,Sim,Não,Não,Sim,Não,Um ano,Sim,Transferência bancária,63.13,608.8,1
Masculino,0,Sim,Não,16,Sim,Não,Não,Sem serviço de internet,Sem serviço de internet,Sem serviço de internet,Sem serviço de internet,Sem serviço de internet,Sem serviço de internet,Mês a mês,Sim,Transferência bancária,44.79,821.19,1
Feminino,0,Não,Não,55,Sim,Não,DSL,Não,Não,Não,Não,Não,Não,Um ano,Não,Cheque enviado pelo correio,114.26,6809.26,0
Feminino,0,Sim,Não,72,Sim,Não,Não,Sem serviço de internet,Sem serviço de internet,Sem serviço de internet,Sem serviço de internet,Sem serviço de internet,Sem serviço de internet,Mês a mês,Sim,Cheque eletrônico,110.72,7856.62,0
Feminino,1,Sim,Não,58,Sim,Não,DSL,Não,Sim,Não,Sim,Não,Não,Dois anos,Sim,Cheque eletrônico,116.54,6197.17,0
Masculino,0,Não,Não,64,Sim,Não,DSL,Não,Sim,Não,Não,Sim,Sim,Mês a mês,Não,Cartão de crédito,90.43,5408.2,1
Feminino,0,Não,Não,49,Sim,Não,Fibra óptica,Não,Não,Sim,Não,Não,Não,Mês a mês,Não,Cheque eletrônico,96.17,4094.39,1
Masculino,0,Sim,Não,29,Sim,Sim,Fibra óptica,Não,Não,Sim,Não,Sim,Não,Dois anos,Sim,Transferência bancária,111.01,3029.93,0
Feminino,0,Não,Não,7,Sim,Não,DSL,Não,Não,Não,Não,Sim,Não,Mês a mês,Não,Cheque eletrônico,62.32,456.11,1
Masculino,0,Não,Não,69,Sim,Sim,Fibra óptica,Sim,Não,Sim,Sim,Não,Não,Mês a mês,Sim,Cartão de crédito,34.26,2530.07,0
Feminino,0,Não,Não,2,Sim,Sim,DSL,Sim,Não,Sim,Não,Sim,Não,Mês a mês,Não,Cheque eletrônico,73.97,150.09,0
Masculino,0,Não,Não,33,Sim,Sim,DSL,Não,Não,Não,Sim,Não,Não,Mês a mês,Sim,Cartão de crédito,65.71,2420.23,0
Masculino,0,Sim,Não,48,Sim,Não,Fibra óptica,Não,Não,Não,Sim,Sim,Não,Mês a mês,Não,Cartão de crédito,96.01,4150.22,0
Feminino,0,Não,Não,37,Sim,Não,Fibra óptica,Sim,Sim,Não,Não,Não,Sim,Dois anos,Não,Cheque eletrônico,91.92,3431.23,0
Masculino,0,Sim,Não,30,Sim,Sim,Fibra óptica,Não,Não,Sim,Não,Sim,Sim,Mês a mês,Sim,Cartão de crédito,45.58,1211.88,0
Masculino,0,Sim,Não,41,Sim,Sim,DSL,Não,Não,Não,Não,Não,Não,Dois anos,Não,Cheque eletrônico,28.24,1073.51,0
Feminino,1,Sim,Sim,4,Não,Sem serviço telefônico,Fibra óptica,Sim,Não,Sim,Não,Não,Sim,Dois anos,Não,Transferência bancária,75.43,339.94,1
Masculino,0,Sim,Não,39,Sim,Não,Fibra óptica,Não,Sim,Não,Sim,Não,Não,Mês a mês,Não,Cheque enviado pelo correio,85.7,3797.38,0
Masculino,0,Sim,Não,24,Sim,Sim,Fibra óptica,Não,Sim,Não,Sim,Não,Não,Mês a mês,Sim,Cartão de crédito,68.75,1473.95,0
Masculino,0,Sim,Não,50,Sim,Não,Não,Sem serviço de internet,Sem serviço de internet,Sem serviço de internet,Sem serviço de internet,Sem serviço de internet,Sem serviço de internet,Mês a mês,Sim,Cheque enviado pelo correio,84.74,4146.6,0
Feminino,0,Sim,Não,37,Sim,Não,DSL,Sim,Não,Não,Não,Não,Sim,Mês a mês,Sim,Cheque eletrônico,93.19,3710.52,1
Masculino,0,Não,Não,53,Sim,Não,Fibra óptica,Não,Sim,Não,Não,Sim,Não,Mês a mês,Sim,Cheque eletrônico,62.4,3480.48,0
Feminino,0,Sim,Não,25,Sim,Não,Fibra óptica,Não,Não,Sim,Não,Sim,Não,Dois anos,Sim,Cheque eletrônico,68.25,1805.01,1
Masculino,1,Não,Não,31,Sim,Sim,DSL,Sim,Não,Não,Não,Não,Sim,Um ano,Não,Cheque enviado pelo correio,81.48,2608.9,1
Masculino,0,Sim,Sim,38,Sim,Não,Não,Sem serviço de internet,Sem serviço de internet,Sem serviço de internet,Sem serviço de internet,Sem serviço de internet,Sem serviço de internet,Mês a mês,Sim,Cartão de crédito,79.63,2741.2,0
Masculino,0,Sim,Sim,58,Sim,Sim,Fibra óptica,Não,Não,Sim,Não,Não,Não,Mês a mês,Sim,Cheque enviado pelo correio,66.53,4195.75,0
Feminino,0,Sim,Não,53,Não,Sem serviço telefônico,DSL,Não,Sim,Sim,Não,Não,Sim,Mês a mês,Sim,Cartão de crédito,43.34,2393.33,1
Masculino,0,Sim,Sim,50,Sim,Sim,Fibra óptica,Sim,Não,Não,Não,Sim,Sim,Mês a mês,Sim,Cartão de crédito,86.15,4350.43,0
Masculino,0,Não,Não,4,Sim,Sim,Fibra óptica,Sim,Sim,Não,Não,Não,Não,Um ano,Sim,Cheque eletrônico,56.81,198.47,1
Feminino,0,Sim,Não,52,Sim,Sim,DSL,Sim,Não,Sim,Não,Não,Sim,Um ano,Sim,Cartão de crédito,63.83,2991.51,1
Masculino,0,Não,Não,31,Sim,Sim,Fibra óptica,Sim,Não,Sim,Não,Não,Não,Mês a mês,Sim,Cheque eletrônico,70.51,2360.94,1
Feminino,0,Não,Não,14,Sim,Sim,DSL,Sim,Sim,Não,Não,Sim,Não,Mês a mês,Não,Cartão de crédito,64.79,873.72,1
Feminino,0,Sim,Não,1,Não,Sem serviço telefônico,Fibra óptica,Não,Não,Sim,Não,Não,Não,Mês a mês,Não,Cartão de crédito,84.18,85.66,1
Masculino,1,Não,Não,43,Sim,Sim,DSL,Sim,Sim,Sim,Sim,Sim,Sim,Um ano,Não,Cheque eletrônico,69.43,3318.72,0
Feminino,0,Sim,Não,59,Sim,Sim,Fibra óptica,Não,Não,Não,Sim,Não,Sim,Dois anos,Não,Transferência bancária,47.89,2535.58,0
Masculino,0,Não,Sim,61,Não,Sem serviço telefônico,Fibra óptica,Não,Não,Não,Não,Sim,Não,Dois anos,Não,Cheque enviado pelo correio,113.76,6268.83,0
Feminino,0,Não,Não,41,Não,Sem serviço telefônico,Fibra óptica,Não,Não,Não,Sim,Sim,Sim,Mês a mês,Não,Cheque enviado pelo correio,116.67,4648.12,0
Feminino,0,Sim,Não,18,Sim,Sim,DSL,Não,Não,Não,Não,Sim,Não,Mês a mês,Sim,Cheque enviado pelo correio,25.28,478.97,1
Masculino,0,Sim,Sim,60,Sim,Não,Fibra óptica,Não,Não,Não,Sim,Não,Não,Um ano,Sim,Cartão de crédito,85.48,4615.36,0
Feminino,0,Sim,Não,69,Sim,Não,Fibra óptica,Não,Não,Não,Não,Não,Não,Mês a mês,Sim,Transferência bancária,106.67,7428.41,0
Feminino,0,Sim,Não,59,Não,Sem serviço telefônico,Fibra óptica,Não,Não,Não,Não,Não,Não,Mês a mês,Sim,Cartão de crédito,113.13,7060.78,0
Feminino,0,Não,Não,42,Sim,Sim,DSL,Não,Sim,Não,Não,Não,Sim,Mês a mês,Sim,Cartão de crédito,99.24,3924.61,1
Feminino,0,Sim,Sim,36,Sim,Sim,DSL,Não,Sim,Sim,Não,Não,Não,Mês a mês,Sim,Cartão de crédito,107.25,3690.11,1
Feminino,1,Sim,Não,40,Sim,Não,Fibra óptica,Sim,Sim,Não,Não,Sim,Não,Mês a mês,Sim,Transferência bancária,53.64,2387.86,0
Masculino,0,Sim,Não,30,Sim,Não,DSL,Sim,Sim,Sim,Não,Sim,Não,Um ano,Sim,Cheque eletrônico,101.09,2742.42,0
Feminino,0,Não,Não,11,Sim,Sim,DSL,Não,Sim,Sim,Não,Sim,Não,Um ano,Não,Transferência bancária,79.12,940.73,1
Masculino,0,Sim,Não,25,Sim,Não,Não,Sem serviço de internet,Sem serviço de internet,Sem serviço de internet,Sem serviço de internet,Sem serviço de internet,Sem serviço de internet,Mês a mês,Não,Cheque eletrônico,60.56,1369.13,0
Feminino,0,Não,Não,45,Sim,Não,Fibra óptica,Não,Não,Não,Sim,Sim,Não,Mês a mês,Não,Cartão de crédito,98.84,4357.57,0
Masculino,0,Não,Sim,51,Sim,Não,Fibra óptica,Sim,Não,Sim,Não,Não,Não,Mês a mês,Sim,Cartão de crédito,40.06,2183.39,0
Masculino,0,Não,Não,43,Sim,Sim,DSL,Sim,Não,Sim,Sim,Sim,Não,Mês a mês,Não,Cheque eletrônico,112.78,4668.3,0
Feminino,0,Não,Sim,66,Sim,Não,Fibra óptica,Não,Não,Não,Não,Sim,Sim,Mês a mês,Sim,Cheque eletrônico,64.21,3701.88,0
Feminino,0,Sim,Sim,47,Sim,Não,Fibra óptica,Sim,Não,Não,Sim,Sim,Não,Mês a mês,Sim,Cartão de crédito,102.89,4624.23,1
Feminino,0,Sim,Sim,24,Sim,Não,DSL,Não,Não,Não,Não,Não,Não,Mês a mês,Sim,Cheque enviado pelo correio,42.56,938.27,0
Masculino,0,Não,Não,37,Sim,Não,Fibra óptica,Não,Sim,Sim,Não,Não,Não,Mês a mês,Sim,Cheque eletrônico,107.36,3556.15,1
Feminino,0,Não,Não,56,Sim,Sim,Fibra óptica,Sim,Não,Não,Não,Sim,Não,Mês a mês,Não,Transferência bancária,72.49,4188.66,1
Masculino,0,Não,Sim,46,Sim,Sim,DSL,Não,Não,Não,Não,Sim,Não,Um ano,Sim,Cheque eletrônico,45.29,1794.21,1
Masculino,0,Sim,Não,28,Sim,Não,Fibra óptica,Não,Sim,Não,Sim,Sim,Não,Mês a mês,Sim,Cheque enviado pelo correio,78.14,2415.92,0
Masculino,0,Sim,Sim,52,Sim,Não,DSL,Sim,Sim,Não,Sim,Sim,Não,Mês a mês,Sim,Cheque enviado pelo correio,25.4,1421.32,0
Feminino,0,Não,Não,15,Sim,Não,Não,Sem serviço de internet,Sem serviço de internet,Sem serviço de internet,Sem serviço de internet,Sem serviço de internet,Sem serviço de internet,Mês a mês,Não,Cartão de crédito,53.99,871.69,0
Feminino,0,Sim,Não,45,Sim,Não,DSL,Não,Não,Não,Não,Não,Não,Mês a mês,Sim,Cheque eletrônico,70.96,3423.5,0
Masculino,0,Sim,Não,58,Sim,Sim,DSL,Sim,Não,Sim,Sim,Não,Não,Dois anos,Sim,Cheque eletrônico,70.65,3816.21,0
Masculino,0,Sim,Não,67,Sim,Sim,DSL,Sim,Não,Não,Não,Não,Sim,Mês a mês,Não,Transferência bancária,79.41,4723.94,0
Feminino,0,Não,Não,72,Sim,Não,Não,Sem serviço de internet,Sem serviço de internet,Sem serviço de internet,Sem serviço de internet,Sem serviço de internet,Sem serviço de internet,Um ano,Não,Cheque eletrônico,22.32,1844.56,0
Masculino,0,Sim,Não,41,Não,Sem serviço telefônico,Fibra óptica,Não,Não,Não,Sim,Não,Sim,Dois anos,Sim,Transferência bancária,94.65,4457.49,0
Feminino,0,Sim,Sim,65,Sim,Não,Fibra óptica,Não,Não,Não,Não,Sim,Não,Mês a mês,Sim,Cheque enviado pelo correio,27.33,2016.05,0
Masculino,0,Não,Sim,40,Sim,Não,Não,Sem serviço de internet,Sem serviço de internet,Sem serviço de internet,Sem serviço de internet,Sem serviço de internet,Sem serviço de internet,Um ano,Sim,Cheque eletrônico,112.09,4723.09,0
Feminino,0,Sim,Não,5,Sim,Não,DSL,Não,Sim,Sim,Sim,Não,Não,Dois anos,Sim,Cheque enviado pelo correio,72.79,359.99,0
Masculino,0,Não,Não,28,Sim,Sim,Fibra óptica,Sim,Não,Não,Não,Sim,Não,Dois anos,Não,Transferência bancária,116.04,2954.15,0
Feminino,0,Não,Não,38,Sim,Sim,Não,Sem serviço de internet,Sem serviço de internet,Sem serviço de internet,Sem serviço de internet,Sem serviço de internet,Sem serviço de internet,Mês a mês,Não,Cheque eletrônico,36.18,1394.79,0
Masculino,0,Sim,Sim,18,Sim,Não,Fibra óptica,Sim,Sim,Sim,Sim,Não,Não,Mês a mês,Sim,Cheque eletrônico,95.6,1616.93,0
Feminino,1,Não,Não,37,Sim,Sim,DSL,Não,Sim,Sim,Sim,Não,Sim,Mês a mês,Sim,Cheque eletrônico,76.29,2564.41,0
Feminino,0,Não,Sim,27,Sim,Não,Não,Sem serviço de internet,Sem serviço de internet,Sem serviço de internet,Sem serviço de internet,Sem serviço de internet,Sem serviço de internet,Dois anos,Não,Cheque enviado pelo correio,101.58,2964.3,0
Masculino,0,Sim,Sim,25,Sim,Sim,DSL,Sim,Sim,Sim,Não,Não,Sim,Mês a mês,Sim,Cartão de crédito,23.16,511.29,1
Masculino,1,Sim,Não,69,Sim,Não,Não,Sem serviço de internet,Sem serviço de internet,Sem serviço de internet,Sem serviço de internet,Sem serviço de internet,Sem serviço de internet,Mês a mês,Sim,Cheque eletrônico,54.52,4076.39,0
Feminino,1,Não,Não,27,Sim,Sim,DSL,Não,Sim,Não,Não,Não,Não,Mês a mês,Sim,Cartão de crédito,83.93,2082.3,1
Masculino,0,Sim,Não,54,Sim,Não,Não,Sem serviço de internet,Sem serviço de internet,Sem serviço de internet,Sem serviço de internet,Sem serviço de internet,Sem serviço de internet,Mês a mês,Não,Cartão de crédito,46.78,2147.77,0
Feminino,0,Não,Não,7,Sim,Não,Não,Sem serviço de internet,Sem serviço de internet,Sem serviço de internet,Sem serviço de internet,Sem serviço de internet,Sem serviço de internet,Dois anos,Não,Cheque enviado pelo correio,108.89,685.36,1
Masculino,0,Não,Não,27,Sim,Não,Fibra óptica,Não,Sim,Sim,Não,Não,Não,Mês a mês,Não,Cheque eletrônico,95.23,2840.87,0
Feminino,0,Sim,Sim,59,Sim,Sim,Fibra óptica,Não,Não,Não,Não,Sim,Sim,Mês a mês,Sim,Transferência bancária,55.18,3275.24,0
Feminino,0,Não,Não,72,Sim,Sim,DSL,Não,Não,Sim,Não,Sim,Sim,Mês a mês,Não,Transferência bancária,33.0,2566.59,0
Feminino,0,Sim,Não,31,Não,Sem serviço telefônico,Não,Sem serviço de internet,Sem serviço de internet,Sem serviço de internet,Sem serviço de internet,Sem serviço de internet,Sem serviço de internet,Mês a mês,Sim,Cheque eletrônico,85.04,2479.04,0
Feminino,0,Não,Não,68,Não,Sem serviço telefônico,DSL,Não,Não,Sim,Não,Sim,Sim,Mês a mês,Sim,Transferência bancária,89.95,6889.87,0
Feminino,1,Sim,Não,4,Sim,Sim,Não,Sem serviço de internet,Sem serviço de internet,Sem serviço de internet,Sem serviço de internet,Sem serviço de internet,Sem serviço de internet,Mês a mês,Sim,Cartão de crédito,45.34,203.07,0
Feminino,0,Não,Não,18,Sim,Não,DSL,Não,Sim,Não,Não,Não,Não,Dois anos,Não,Cheque eletrônico,26.88,457.9,0
Masculino,0,Não,Não,63,Sim,Sim,DSL,Sim,Sim,Sim,Não,Não,Sim,Dois anos,Não,Cheque eletrônico,31.32,2181.03,0
Masculino,0,Não,Sim,52,Sim,Sim,DSL,Não,Sim,Sim,Sim,Sim,Não,Mês a mês,Sim,Transferência bancária,105.78,5080.52,0
Masculino,0,Não,Sim,63,Não,Sem serviço telefônico,Fibra óptica,Não,Não,Não,Não,Não,Não,Um ano,Sim,Cheque enviado pelo correio,55.81,4019.59,0
Feminino,0,Não,Não,45,Sim,Sim,Fibra óptica,Sim,Não,Não,Não,Sim,Não,Mês a mês,Sim,Cartão de crédito,97.94,4429.1,1
Feminino,0,Sim,Não,12,Sim,Não,Não,Sem serviço de internet,Sem serviço de internet,Sem serviço de internet,Sem serviço de internet,Sem serviço de internet,Sem serviço de internet,Dois anos,Não,Cheque enviado pelo correio,57.92,705.98,0
Feminino,0,Não,Não,8,Sim,Sim,Fibra óptica,Não,Não,Não,Sim,Sim,Sim,Mês a mês,Sim,Cartão de crédito,94.49,646.76,0
Feminino,0,Não,Não,22,Sim,Não,Não,Sem serviço de internet,Sem serviço de internet,Sem serviço de internet,Sem serviço de internet,Sem serviço de internet,Sem serviço de internet,Mês a mês,Sim,Cheque enviado pelo correio,102.02,2412.54,1
Masculino,0,Não,Não,41,Sim,Sim,Fibra óptica,Sim,Não,Não,Sim,Não,Sim,Dois anos,Não,Cheque eletrônico,50.83,1924.63,0
Masculino,1,Não,Não,41,Não,Sem serviço telefônico,Fibra óptica,Não,Não,Não,Não,Não,Não,Mês a mês,Não,Cheque enviado pelo correio,117.56,4344.77,1
Feminino,0,Sim,Não,57,Sim,Sim,Fibra óptica,Sim,Não,Não,Não,Sim,Não,Um ano,Não,Cheque enviado pelo correio,35.59,1952.79,0
Masculino,0,Sim,Sim,32,Sim,Não,Não,Sem serviço de internet,Sem serviço de internet,Sem serviço de internet,Sem serviço de internet,Sem serviço de internet,Sem serviço de internet,Dois anos,Sim,Cheque eletrônico,74.28,2254.69,0
Masculino,0,Sim,Não,55,Sim,Não,Fibra óptica,Não,Não,Não,Não,Sim,Não,Um ano,Sim,Cheque eletrônico,84.55,4148.82,1
Feminino,0,Não,Não,6,Sim,Não,DSL,Sim,Não,Sim,Não,Não,Não,Mês a mês,Não,Cheque enviado pelo correio,33.39,217.93,1
Masculino,0,Sim,Sim,39,Sim,Sim,Fibra óptica,Não,Não,Sim,Sim,Sim,Não,Mês a mês,Não,Cartão de crédito,21.35,887.93,0
Feminino,0,Não,Não,9,Sim,Sim,DSL,Não,Não,Não,Sim,Não,Não,Dois anos,Sim,Cheque enviado pelo correio,29.9,251.97,1
Masculino,0,Sim,Não,32,Sim,Sim,Fibra óptica,Sim,Sim,Sim,Não,Não,Sim,Dois anos,Sim,Cheque eletrônico,32.53,1040.15,0
Feminino,1,Sim,Não,36,Sim,Não,Fibra óptica,Não,Não,Sim,Não,Não,Não,Um ano,Não,Cheque eletrônico,81.75,2757.0,1
Feminino,0,Sim,Não,16,Sim,Sim,Fibra óptica,Sim,Não,Não,Não,Não,Não,Mês a mês,Sim,Cheque enviado pelo correio,115.1,1616.72,0
Feminino,0,Sim,Sim,12,Sim,Não,DSL,Não,Não,Não,Sim,Sim,Não,Mês a mês,Sim,Cheque eletrônico,67.53,785.99,1
Feminino,0,Não,Não,41,Sim,Não,Fibra óptica,Não,Não,Não,Não,Sim,Sim,Um ano,Sim,Transferência bancária,97.41,3837.3,0
Masculino,0,Sim,Não,67,Sim,Sim,Fibra óptica,Não,Não,Não,Sim,Não,Sim,Mês a mês,Não,Cartão de crédito,28.53,2134.86,0
Feminino,0,Sim,Sim,58,Sim,Sim,Fibra óptica,Não,Não,Sim,Não,Não,Não,Um ano,Não,Cartão de crédito,53.24,3232.64,0
Feminino,0,Sim,Não,9,Sim,Não,Fibra óptica,Não,Sim,Sim,Sim,Sim,Não,Um ano,Sim,Cartão de crédito,33.7,328.47,1
Feminino,0,Não,Sim,17,Sim,Sim,DSL,Sim,Não,Sim,Sim,Não,Não,Um ano,Sim,Cartão de crédito,86.67,1550.39,0
Masculino,0,Não,Não,5,Sim,Não,Fibra óptica,Sim,Sim,Sim,Não,Não,Sim,Dois anos,Não,Transferência bancária,113.89,531.2,0
Feminino,0,Sim,Não,26,Não,Sem serviço telefônico,DSL,Não,Sim,Sim,Não,Não,Sim,Dois anos,Não,Cheque enviado pelo correio,50.77,1444.8,0
Masculino,0,Não,Não,1,Sim,Sim,DSL,Não,Sim,Não,Sim,Não,Não,Mês a mês,Sim,Cartão de crédito,48.78,51.45,0
Feminino,0,Sim,Não,1,Sim,Não,DSL,Não,Sim,Não,Não,Sim,Sim,Um ano,Sim,Cartão de crédito,61.71,54.34,0
Masculino,0,Sim,Não,35,Sim,Não,Fibra óptica,Sim,Não,Não,Não,Sim,Não,Dois anos,Não,Cheque eletrônico,28.5,983.07,0
Masculino,0,Não,Sim,9,Sim,Sim,DSL,Não,Não,Não,Sim,Não,Sim,Dois anos,Sim,Cheque enviado pelo correio,94.06,727.98,0
Feminino,0,Sim,Não,38,Sim,Sim,Não,Sem serviço de internet,Sem serviço de internet,Sem serviço de internet,Sem serviço de internet,Sem serviço de internet,Sem serviço de internet,Mês a mês,Sim,Transferência bancária,109.46,3980.32,0
Masculino,0,Não,Sim,4,Sim,Não,DSL,Não,Sim,Sim,Não,Não,Sim,Dois anos,Não,Cheque enviado pelo correio,27.0,111.99,0
Feminino,0,Sim,Sim,52,Sim,Não,Fibra óptica,Não,Não,Sim,Não,Não,Sim,Dois anos,Sim,Transferência bancária,53.97,2822.96,0
Feminino,0,Não,Não,19,Sim,Sim,Fibra óptica,Não,Não,Não,Não,Não,Não,Um ano,Sim,Cartão de crédito,105.17,1983.04,1
Feminino,1,Sim,Não,5,Sim,Sim,Fibra óptica,Não,Sim,Não,Não,Sim,Não,Mês a mês,Sim,Transferência bancária,33.42,152.19,1
Masculino,0,Não,Não,48,Sim,Sim,Não,Sem serviço de internet,Sem serviço de internet,Sem serviço de internet,Sem serviço de internet,Sem serviço de internet,Sem serviço de internet,Um ano,Não,Cheque eletrônico,86.74,3675.22,1
Masculino,1,Não,Sim,63,Não,Sem serviço telefônico,DSL,Não,Não,Não,Não,Não,Não,Mês a mês,Sim,Cartão de crédito,37.42,2291.39,0
Feminino,1,Sim,Não,38,Sim,Sim,Fibra óptica,Não,Não,Não,Não,Sim,Sim,Um ano,Sim,Cheque eletrônico,90.85,3376.52,0
Feminino,0,Não,Não,52,Sim,Sim,Fibra óptica,Não,Não,Não,Não,Não,Sim,Dois anos,Sim,Cartão de crédito,83.41,4635.05,0
Masculino,0,Sim,Sim,46,Sim,Não,Fibra óptica,Não,Não,Sim,Não,Sim,Não,Um ano,Sim,Cheque enviado pelo correio,113.36,4622.51,0
Feminino,1,Não,Não,9,Sim,Não,Não,Sem serviço de internet,Sem serviço de internet,Sem serviço de internet,Sem serviço de internet,Sem serviço de internet,Sem serviço de internet,Um ano,Sim,Cheque eletrônico,73.59,630.68,1
Feminino,0,Sim,Sim,50,Sim,Não,DSL,Não,Não,Não,Não,Não,Não,Mês a mês,Sim,Cheque eletrônico,63.62,3037.81,1
Feminino,0,Sim,Não,66,Sim,Não,Não,Sem serviço de internet,Sem serviço de internet,Sem serviço de internet,Sem serviço de internet,Sem serviço de internet,Sem serviço de internet,Um ano,Sim,Cartão de crédito,69.73,4492.9,0
Masculino,0,Não,Não,38,Sim,Sim,DSL,Não,Não,Não,Não,Não,Não,Um ano,Sim,Cheque eletrônico,77.98,2631.39,0
Masculino,0,Sim,Não,27,Não,Sem serviço telefônico,Não,Sem serviço de internet,Sem serviço de internet,Sem serviço de internet,Sem serviço de internet,Sem serviço de internet,Sem serviço de internet,Mês a mês,Sim,Transferência bancária,114.4,3241.3,1
Masculino,0,Não,Sim,20,Sim,Sim,Fibra óptica,Sim,Não,Não,Sim,Sim,Não,Dois anos,Não,Transferência bancária,23.9,460.99,0
Feminino,0,Sim,Sim,62,Sim,Sim,Fibra óptica,Não,Sim,Não,Sim,Não,Sim,Mês a mês,Sim,Cheque eletrônico,76.52,4804.3,1
Feminino,0,Sim,Sim,16,Sim,Sim,Fibra óptica,Não,Não,Sim,Não,Não,Não,Mês a mês,Sim,Transferência bancária,68.83,965.72,1
Feminino,0,Não,Sim,13,Sim,Não,Não,Sem serviço de internet,Sem serviço de internet,Sem serviço de internet,Sem serviço de internet,Sem serviço de internet,Sem serviço de internet,Mês a mês,Sim,Cheque eletrônico,114.84,1579.77,1
Masculino,1,Não,Sim,20,Não,Sem serviço telefônico,Fibra óptica,Não,Não,Sim,Sim,Não,Sim,Mês a mês,Sim,Transferência bancária,96.45,2016.19,0
Feminino,0,Sim,Não,24,Sim,Sim,Fibra óptica,Não,Não,Não,Não,Não,Não,Dois anos,Não,Transferência bancária,105.37,2476.8,0
Feminino,0,Sim,Sim,50,Não,Sem serviço telefônico,DSL,Não,Sim,Sim,Não,Sim,Sim,Mês a mês,Sim,Cheque eletrônico,25.6,1266.42,1
Feminino,0,Sim,Não,7,Sim,Sim,Não,Sem serviço de internet,Sem serviço de internet,Sem serviço de internet,Sem serviço de internet,Sem serviço de internet,Sem serviço de internet,Dois anos,Sim,Cheque eletrônico,103.58,676.64,0
Feminino,0,Sim,Não,29,Não,Sem serviço telefônico,Não,Sem serviço de internet,Sem serviço de internet,Sem serviço de internet,Sem serviço de internet,Sem serviço de internet,Sem serviço de internet,Dois anos,Sim,Cheque eletrônico,93.53,2547.79,0
Masculino,0,Sim,Sim,5,Sim,Não,Fibra óptica,Não,Não,Não,Não,Não,Não,Dois anos,Sim,Cartão de crédito,68.05,385.36,1
Masculino,1,Sim,Não,35,Sim,Não,Não,Sem serviço de internet,Sem serviço de internet,Sem serviço de internet,Sem serviço de internet,Sem serviço de internet,Sem serviço de internet,Mês a mês,Não,Cheque enviado pelo correio,49.86,1489.27,0
Feminino,0,Não,Sim,65,Sim,Não,DSL,Não,Não,Não,Não,Sim,Não,Mês a mês,Sim,Cheque enviado pelo correio,53.35,3521.6,1
Masculino,0,Não,Não,70,Sim,Não,Não,Sem serviço de internet,Sem serviço de internet,Sem serviço de internet,Sem serviço de internet,Sem serviço de internet,Sem serviço de internet,Mês a mês,Sim,Cheque enviado pelo correio,83.09,5484.42,0
Masculino,0,Sim,Não,7,Sim,Não,Não,Sem serviço de internet,Sem serviço de internet,Sem serviço de internet,Sem serviço de internet,Sem serviço de internet,Sem serviço de internet,Dois anos,Não,Cheque enviado pelo correio,27.71,185.44,0
Feminino,0,Sim,Sim,44,Sim,Sim,Fibra óptica,Não,Sim,Não,Sim,Não,Sim,Mês a mês,Sim,Cheque eletrônico,42.29,1876.13,0
Feminino,1,Sim,Não,72,Sim,Não,DSL,Sim,Não,Não,Não,Não,Sim,Um ano,Sim,Transferência bancária,84.2,5871.74,0
Masculino,0,Não,Sim,13,Não,Sem serviço telefônico,DSL,Não,Sim,Sim,Sim,Sim,Não,Dois anos,Não,Cartão de crédito,47.62,553.88,0
Feminino,0,Não,Não,38,Sim,Sim,Não,Sem serviço de internet,Sem serviço de internet,Sem serviço de internet,Sem serviço de internet,Sem serviço de internet,Sem serviço de internet,Um ano,Sim,Cartão de crédito,96.98,3380.12,0
Masculino,0,Não,Não,13,Não,Sem serviço telefônico,Fibra óptica,Não,Sim,Não,Não,Sim,Não,Dois anos,Sim,Cartão de crédito,91.62,1024.04,1
Feminino,1,Não,Sim,54,Sim,Não,Fibra óptica,Não,Sim,Não,Não,Não,Sim,Mês a mês,Sim,Cheque enviado pelo correio,68.37,3556.64,0
Masculino,0,Não,Não,44,Sim,Não,DSL,Não,Sim,Não,Não,Não,Sim,Um ano,Sim,Transferência bancária,96.93,4770.38,0
Feminino,0,Sim,Sim,13,Sim,Não,DSL,Não,Não,Não,Não,Não,Não,Dois anos,Não,Cheque eletrônico,34.05,441.47,0
Masculino,0,Sim,Sim,25,Não,Sem serviço telefônico,Não,Sem serviço de internet,Sem serviço de internet,Sem serviço de internet,Sem serviço de internet,Sem serviço de internet,Sem serviço de internet,Um ano,Sim,Cheque enviado pelo correio,99.42,2520.85,0
Masculino,1,Não,Sim,24,Sim,Não,DSL,Não,Sim,Não,Não,Não,Não,Dois anos,Sim,Transferência bancária,38.25,902.71,0
Masculino,0,Sim,Não,29,Sim,Sim,Fibra óptica,Sim,Não,Não,Não,Sim,Não,Mês a mês,Sim,Cartão de crédito,86.79,2809.42,1
Feminino,0,Não,Não,70,Sim,Não,Não,Sem serviço de internet,Sem serviço de internet,Sem serviço de internet,Sem serviço de internet,Sem serviço de internet,Sem serviço de internet,Dois anos,Não,Cheque eletrônico,87.53,5997.79,0
Masculino,0,Não,Não,18,Sim,Sim,DSL,Não,Sim,Não,Não,Não,Não,Mês a mês,Sim,Cheque eletrônico,78.97,1529.79,1
Masculino,0,Não,Não,5,Sim,Sim,DSL,Não,Não,Não,Não,Não,Não,Um ano,Não,Cheque eletrônico,72.46,389.62,1
Feminino,0,Sim,Sim,18,Sim,Sim,Não,Sem serviço de internet,Sem serviço de internet,Sem serviço de internet,Sem serviço de internet,Sem serviço de internet,Sem serviço de internet,Dois anos,Sim,Cheque eletrônico,106.17,1910.0,1
Feminino,0,Não,Não,63,Sim,Sim,DSL,Não,Sim,Sim,Não,Não,Sim,Um ano,Não,Cartão de crédito,84.77,5588.42,0
Masculino,1,Não,Não,37,Sim,Sim,DSL,Não,Não,Sim,Sim,Sim,Sim,Mês a mês,Sim,Transferência bancária,53.31,1934.76,1
Masculino,0,Não,Não,71,Sim,Sim,Fibra óptica,Não,Não,Não,Não,Não,Sim,Mês a mês,Sim,Cartão de crédito,96.55,7367.94,1
Feminino,1,Não,Não,55,Sim,Sim,Não,Sem serviço de internet,Sem serviço de internet,Sem serviço de internet,Sem serviço de internet,Sem serviço de internet,Sem serviço de internet,Um ano,Não,Cheque eletrônico,39.46,2405.9,0
Feminino,0,Não,Não,12,Sim,Sim,Fibra óptica,Não,Não,Não,Não,Não,Sim,Dois anos,Sim,Transferência bancária,52.44,702.93,0
Feminino,0,Sim,Sim,52,Sim,Sim,Fibra óptica,Não,Não,Sim,Não,Não,Não,Um ano,Não,Cheque enviado pelo correio,95.95,4388.86,0
Feminino,0,Sim,Sim,57,Sim,Sim,Não,Sem serviço de internet,Sem serviço de internet,Sem serviço de internet,Sem serviço de internet,Sem serviço de internet,Sem serviço de internet,Mês a mês,Não,Cheque eletrônico,114.93,6224.17,1
Feminino,0,Sim,Não,46,Sim,Sim,DSL,Não,Não,Sim,Sim,Não,Não,Dois anos,Sim,Cartão de crédito,109.06,4708.08,0
Masculino,1,Sim,Não,44,Sim,Sim,Fibra óptica,Não,Não,Sim,Sim,Sim,Não,Mês a mês,Não,Transferência bancária,48.66,2363.26,0
Feminino,0,Não,Não,24,Não,Sem serviço telefônico,Fibra óptica,Não,Não,Sim,Não,Não,Não,Mês a mês,Sim,Transferência bancária,102.81,2571.89,0
Masculino,0,Não,Não,9,Sim,Não,Não,Sem serviço de internet,Sem serviço de internet,Sem serviço de internet,Sem serviço de internet,Sem serviço de internet,Sem serviço de internet,Mês a mês,Não,Cheque eletrônico,72.46,632.5,0
Masculino,0,Sim,Sim,12,Sim,Não,DSL,Não,Não,Sim,Não,Sim,Não,Dois anos,Não,Transferência bancária,62.01,711.91,0
Masculino,0,Sim,Não,9,Sim,Sim,Fibra óptica,Não,Não,Sim,Não,Não,Não,Mês a mês,Não,Cheque eletrônico,69.21,531.85,1
Feminino,0,Sim,Não,22,Sim,Não,Não,Sem serviço de internet,Sem serviço de internet,Sem serviço de internet,Sem serviço de internet,Sem serviço de internet,Sem serviço de internet,Um ano,Não,Cheque eletrônico,88.22,2166.01,0
Masculino,0,Não,Não,17,Sim,Sim,DSL,Sim,Não,Sim,Não,Não,Não,Um ano,Não,Transferência bancária,65.14,1205.91,1
Masculino,1,Sim,Não,33,Sim,Não,Fibra óptica,Não,Sim,Sim,Não,Não,Não,Dois anos,Não,Cheque eletrônico,24.3,790.7,0
Feminino,0,Sim,Não,47,Sim,Sim,Fibra óptica,Sim,Não,Sim,Não,Sim,Sim,Mês a mês,Não,Cartão de crédito,22.51,912.33,0
Masculino,0,Sim,Não,15,Sim,Não,DSL,Não,Não,Não,Sim,Não,Sim,Mês a mês,Não,Cheque eletrônico,65.67,1101.02,0
Masculino,0,Sim,Não,33,Sim,Não,DSL,Não,Não,Não,Sim,Não,Sim,Um ano,Sim,Cheque enviado pelo correio,62.24,1925.44,0
Feminino,1,Não,Não,15,Sim,Não,Fibra óptica,Não,Sim,Não,Não,Sim,Sim,Mês a mês,Não,Cheque enviado pelo correio,98.44,1413.95,1
Masculino,0,Sim,Sim,27,Sim,Sim,DSL,Não,Não,Sim,Não,Sim,Sim,Mês a mês,Não,Cartão de crédito,40.28,1215.39,0
Masculino,0,Sim,Não,61,Sim,Não,Fibra óptica,Não,Não,Não,Não,Não,Não,Mês a mês,Não,Cheque eletrônico,76.41,4754.03,1
Masculino,0,Sim,Sim,68,Sim,Não,Não,Sem serviço de internet,Sem serviço de internet,Sem serviço de internet,Sem serviço de internet,Sem serviço de internet,Sem serviço de internet,Dois anos,Não,Cartão de crédito,80.34,5417.96,0
Feminino,0,Não,Não,48,Sim,Não,Fibra óptica,Não,Não,Não,Não,Não,Não,Mês a mês,Sim,Cheque eletrônico,35.84,1693.71,1
Feminino,0,Não,Sim,8,Sim,Não,DSL,Não,Sim,Não,Não,Não,Sim,Mês a mês,Sim,Cheque enviado pelo correio,36.01,291.1,1
Feminino,1,Sim,Não,6,Sim,Não,DSL,Não,Sim,Não,Sim,Não,Sim,Mês a mês,Sim,Cheque eletrônico,90.89,485.07,1
Masculino,0,Sim,Não,63,Sim,Não,DSL,Não,Não,Não,Não,Sim,Não,Mês a mês,Não,Transferência bancária,40.79,2389.67,0
Masculino,0,Não,Sim,2,Sim,Não,Fibra óptica,Não,Não,Não,Não,Não,Sim,Dois anos,Sim,Cheque eletrônico,42.54,72.82,0
Feminino,0,Sim,Sim,22,Sim,Sim,Fibra óptica,Não,Sim,Não,Não,Não,Não,Dois anos,Não,Cheque eletrônico,42.98,1064.41,0
Masculino,0,Não,Não,21,Sim,Não,Não,Sem serviço de internet,Sem serviço de internet,Sem serviço de internet,Sem serviço de internet,Sem serviço de internet,Sem serviço de internet,Mês a mês,Não,Cheque enviado pelo correio,86.17,2023.65,1
Masculino,0,Sim,Não,6,Sim,Não,Fibra óptica,Sim,Sim,Não,Sim,Não,Não,Dois anos,Sim,Transferência bancária,84.2,523.46,1
Feminino,0,Sim,Sim,70,Sim,Sim,DSL,Não,Sim,Não,Sim,Sim,Sim,Um ano,Não,Cheque eletrônico,113.64,7723.65,0
Feminino,0,Não,Sim,13,Sim,Não,Fibra óptica,Não,Não,Não,Sim,Sim,Não,Mês a mês,Sim,Cheque eletrônico,64.92,866.04,1
Masculino,0,Não,Não,1,Sim,Sim,Fibra óptica,Não,Sim,Não,Sim,Sim,Não,Mês a mês,Sim,Cheque eletrônico,39.5,38.76,1
Masculino,0,Não,Não,22,Sim,Sim,DSL,Não,Sim,Não,Não,Não,Sim,Dois anos,Sim,Cheque eletrônico,60.52,1476.9,0
Masculino,0,Sim,Sim,24,Sim,Não,Fibra óptica,Não,Não,Sim,Não,Sim,Não,Mês a mês,Sim,Cheque eletrônico,70.27,1724.47,1
Feminino,1,Sim,Não,64,Sim,Não,Não,Sem serviço de internet,Sem serviço de internet,Sem serviço de internet,Sem serviço de internet,Sem serviço de internet,Sem serviço de internet,Um ano,Sim,Cartão de crédito,37.54,2604.09,0
Feminino,0,Sim,Não,41,Sim,Sim,Não,Sem serviço de internet,Sem serviço de internet,Sem serviço de internet,Sem serviço de internet,Sem serviço de internet,Sem serviço de internet,Dois anos,Sim,Cheque enviado pelo correio,94.82,3469.62,0
Feminino,0,Não,Sim,22,Sim,Não,Não,Sem serviço de internet,Sem serviço de internet,Sem serviço de internet,Sem serviço de internet,Sem serviço de internet,Sem serviço de internet,Um ano,Não,Cartão de crédito,27.64,685.84,0
Feminino,0,Não,Não,61,Sim,Não,DSL,Não,Não,Sim,Não,Sim,Sim,Um ano,Sim,Cheque eletrônico,20.6,1111.09,1
Masculino,0,Sim,Sim,12,Não,Sem serviço telefônico,Fibra óptica,Sim,Sim,Não,Sim,Sim,Sim,Mês a mês,Sim,Cartão de crédito,34.65,447.24,0
Feminino,0,Não,Sim,4,Sim,Não,DSL,Sim,Não,Não,Não,Não,Não,Um ano,Sim,Cartão de crédito,21.43,83.97,1
Feminino,0,Não,Sim,12,Sim,Não,DSL,Não,Não,Sim,Não,Sim,Não,Mês a mês,Sim,Cartão de crédito,29.52,372.54,0
Feminino,0,Sim,Não,33,Sim,Sim,Fibra óptica,Sim,Sim,Não,Não,Não,Não,Um ano,Sim,Transferência bancária,25.97,956.48,1
Feminino,0,Não,Não,21,Sim,Não,Não,Sem serviço de internet,Sem serviço de internet,Sem serviço de internet,Sem serviço de internet,Sem serviço de internet,Sem serviço de internet,Um ano,Sim,Cheque eletrônico,87.12,1827.96,0
Feminino,0,Sim,Não,72,Sim,Sim,DSL,Sim,Não,Não,Sim,Sim,Sim,Mês a mês,Não,Cartão de crédito,90.61,7375.13,0
Masculino,0,Sim,Sim,72,Sim,Não,DSL,Não,Não,Não,Não,Sim,Não,Mês a mês,Sim,Cartão de crédito,50.69,3364.26,0
Masculino,0,Não,Sim,52,Sim,Não,DSL,Não,Não,Sim,Não,Sim,Não,Dois anos,Sim,Cartão de crédito,37.82,2193.98,0
Feminino,0,Sim,Não,47,Não,Sem serviço telefônico,Não,Sem serviço de internet,Sem serviço de internet,Sem serviço de internet,Sem serviço de internet,Sem serviço de internet,Sem serviço de internet,Mês a mês,Não,Cartão de crédito,94.79,4342.4,0
Masculino,0,Sim,Sim,59,Sim,Sim,Fibra óptica,Não,Não,Sim,Não,Não,Não,Um ano,Não,Cheque eletrônico,33.84,1988.32,0
Feminino,0,Não,Não,47,Sim,Não,Fibra óptica,Não,Não,Não,Sim,Não,Sim,Um ano,Sim,Cartão de crédito,57.03,2624.71,1
Feminino,0,Não,Não,56,Sim,Não,DSL,Não,Não,Não,Não,Não,Não,Um ano,Sim,Cheque enviado pelo correio,75.02,3796.81,0
Masculino,0,Não,Não,13,Sim,Não,DSL,Sim,Não,Não,Não,Não,Não,Mês a mês,Não,Transferência bancária,73.17,1004.48,0
Masculino,0,Não,Sim,44,Sim,Sim,Não,Sem serviço de internet,Sem serviço de internet,Sem serviço de internet,Sem serviço de internet,Sem serviço de internet,Sem serviço de internet,Dois anos,Não,Cartão de crédito,60.87,2708.6,0
Feminino,1,Sim,Não,35,Sim,Sim,Fibra óptica,Não,Não,Não,Sim,Sim,Não,Dois anos,Sim,Cartão de crédito,73.34,2803.98,0
Feminino,0,Não,Sim,29,Sim,Sim,Não,Sem serviço de internet,Sem serviço de internet,Sem serviço de internet,Sem serviço de internet,Sem serviço de internet,Sem serviço de internet,Um ano,Sim,Cheque eletrônico,84.66,2761.83,0
Feminino,0,Não,Não,56,Sim,Sim,DSL,Não,Não,Não,Não,Não,Não,Dois anos,Sim,Transferência bancária,42.46,2201.38,0
Masculino,0,Sim,Não,5,Sim,Sim,DSL,Sim,Não,Não,Não,Não,Não,Mês a mês,Sim,Cartão de crédito,57.11,304.51,1
Feminino,0,Não,Não,67,Sim,Não,Fibra óptica,Não,Sim,Não,Sim,Sim,Não,Mês a mês,Não,Cheque enviado pelo correio,86.71,5409.34,1
Feminino,1,Sim,Não,53,Sim,Sim,DSL,Sim,Sim,Não,Sim,Sim,Sim,Mês a mês,Não,Cheque eletrônico,30.66,1722.4,0
Feminino,0,Sim,Não,60,Sim,Não,DSL,Sim,Sim,Não,Não,Sim,Não,Mês a mês,Não,Cheque eletrônico,52.41,2982.65,1
Masculino,0,Não,Sim,6,Sim,Sim,Fibra óptica,Não,Sim,Não,Sim,Não,Não,Mês a mês,Sim,Transferência bancária,21.17,139.37,0
Feminino,0,Não,Sim,48,Sim,Não,DSL,Não,Não,Não,Sim,Não,Sim,Um ano,Sim,Transferência bancária,39.01,2041.95,0
Feminino,0,Sim,Não,35,Sim,Não,Fibra óptica,Sim,Não,Não,Não,Sim,Não,Dois anos,Não,Transferência bancária,58.91,1876.57,0
Masculino,0,Sim,Não,18,Sim,Não,DSL,Não,Não,Sim,Sim,Não,Não,Mês a mês,Não,Cartão de crédito,44.75,908.1,0
Feminino,0,Não,Não,11,Sim,Sim,DSL,Não,Não,Não,Não,Sim,Não,Mês a mês,Não,Cheque eletrônico,96.58,1041.47,1
Feminino,1,Sim,Não,51,Sim,Sim,DSL,Não,Não,Não,Não,Não,Não,Mês a mês,Não,Transferência bancária,59.03,2983.31,0
Masculino,0,Sim,Sim,23,Sim,Não,Fibra óptica,Sim,Não,Não,Não,Não,Não,Um ano,Sim,Cheque eletrônico,49.97,1067.13,0
Feminino,0,Não,Não,47,Sim,Não,Fibra óptica,Sim,Não,Sim,Sim,Sim,Não,Dois anos,Não,Transferência bancária,112.41,5044.56,0
Masculino,1,Não,Não,59,Sim,Sim,Não,Sem serviço de internet,Sem serviço de internet,Sem serviço de internet,Sem serviço de internet,Sem serviço de internet,Sem serviço de internet,Um ano,Sim,Cheque eletrônico,81.52,4778.29,0
Masculino,0,Não,Sim,57,Sim,Não,Fibra óptica,Não,Sim,Não,Sim,Não,Sim,Dois anos,Sim,Cheque eletrônico,88.96,4554.99,0
Feminino,1,Não,Não,56,Sim,Não,Não,Sem serviço de internet,Sem serviço de internet,Sem serviço de internet,Sem serviço de internet,Sem serviço de internet,Sem serviço de internet,Um ano,Não,Cheque enviado pelo correio,104.72,6001.56,0
Feminino,1,Não,Não,27,Sim,Não,Fibra óptica,Não,Sim,Não,Não,Sim,Não,Dois anos,Não,Cartão de crédito,48.56,1336.66,0
Feminino,0,Não,Não,35,Sim,Não,DSL,Não,Sim,Não,Não,Sim,Não,Um ano,Não,Cheque eletrônico,73.22,2571.66,0
Feminino,0,Sim,Não,55,Sim,Sim,Fibra óptica,Não,Sim,Não,Não,Não,Não,Mês a mês,Não,Transferência bancária,59.21,3064.06,0
Masculino,0,Não,Não,9,Sim,Não,DSL,Sim,Não,Sim,Sim,Não,Não,Dois anos,Sim,Transferência bancária,46.65,363.33,1
Feminino,1,Sim,Não,18,Sim,Sim,Não,Sem serviço de internet,Sem serviço de internet,Sem serviço de internet,Sem serviço de internet,Sem serviço de internet,Sem serviço de internet,Um ano,Sim,Cheque enviado pelo correio,19.03,378.12,0
Masculino,0,Sim,Não,44,Não,Sem serviço telefônico,Fibra óptica,Não,Não,Não,Não,Sim,Não,Mês a mês,Sim,Transferência bancária,31.9,1383.98,1
Feminino,0,Sim,Não,21,Sim,Sim,Fibra óptica,Não,Não,Não,Sim,Não,Não,Dois anos,Sim,Cheque enviado pelo correio,99.11,2211.79,0
Feminino,1,Não,Sim,56,Não,Sem serviço telefônico,DSL,Sim,Não,Sim,Sim,Não,Não,Mês a mês,Sim,Cartão de crédito,31.8,1554.58,0
Feminino,1,Sim,Sim,48,Sim,Sim,Não,Sem serviço de internet,Sem serviço de internet,Sem serviço de internet,Sem serviço de internet,Sem serviço de internet,Sem serviço de internet,Mês a mês,Sim,Cheque eletrônico,108.57,4661.47,0
Masculino,0,Sim,Sim,1,Sim,Sim,Fibra óptica,Não,Não,Sim,Não,Não,Não,Mês a mês,Sim,Cheque eletrônico,45.19,48.87,1
Feminino,0,Não,Não,27,Sim,Não,Não,Sem serviço de internet,Sem serviço de internet,Sem serviço de internet,Sem serviço de internet,Sem serviço de internet,Sem serviço de internet,Um ano,Não,Cartão de crédito,64.31,1826.0,0
Feminino,1,Não,Não,45,Sim,Sim,DSL,Não,Não,Não,Não,Sim,Não,Mês a mês,Sim,Cheque eletrônico,104.55,4990.41,0
Feminino,0,Não,Sim,63,Sim,Sim,Fibra óptica,Não,Sim,Não,Sim,Sim,Sim,Um ano,Sim,Cheque eletrônico,52.7,2846.72,1
Feminino,1,Sim,Sim,58,Sim,Não,Fibra óptica,Sim,Não,Não,Não,Sim,Sim,Um ano,Sim,Cartão de crédito,40.99,2293.11,0
Masculino,0,Sim,Não,40,Sim,Sim,Fibra óptica,Não,Sim,Não,Não,Não,Sim,Um ano,Sim,Cheque eletrônico,21.14,798.27,1
Feminino,0,Não,Não,63,Sim,Não,DSL,Sim,Não,Não,Não,Não,Sim,Um ano,Sim,Cartão de crédito,113.11,7767.45,0
Masculino,0,Sim,Não,38,Sim,Não,DSL,Sim,Não,Sim,Não,Sim,Não,Mês a mês,Não,Cheque enviado pelo correio,58.46,2148.74,0
Masculino,0,Não,Não,29,Sim,Sim,Fibra óptica,Sim,Não,Não,Não,Não,Não,Dois anos,Sim,Cheque enviado pelo correio,106.97,2643.51,0
Masculino,0,Sim,Não,40,Sim,Não,DSL,Não,Não,Não,Não,Sim,Sim,Mês a mês,Sim,Cheque eletrônico,61.56,2393.39,0
Masculino,0,Não,Não,19,Sim,Não,DSL,Não,Não,Não,Não,Não,Não,Mês a mês,Sim,Transferência bancária,106.25,1887.88,0
Masculino,0,Sim,Não,56,Sim,Sim,Fibra óptica,Não,Sim,Não,Não,Não,Não,Mês a mês,Não,Cheque enviado pelo correio,28.38,1715.36,0
Masculino,0,Sim,Sim,44,Sim,Sim,Não,Sem serviço de internet,Sem serviço de internet,Sem serviço de internet,Sem serviço de internet,Sem serviço de internet,Sem serviço de internet,Um ano,Sim,Cheque enviado pelo correio,62.1,2878.24,0
Feminino,0,Não,Não,65,Sim,Não,Não,Sem serviço de internet,Sem serviço de internet,Sem serviço de internet,Sem serviço de internet,Sem serviço de internet,Sem serviço de internet,Um ano,Sim,Transferência bancária,62.3,4290.79,0
Masculino,0,Sim,Sim,13,Sim,Sim,Fibra óptica,Não,Não,Sim,Sim,Não,Não,Mês a mês,Não,Cartão de crédito,115.35,1659.68,0
Masculino,0,Sim,Sim,30,Sim,Sim,Não,Sem serviço de internet,Sem serviço de internet,Sem serviço de internet,Sem serviço de internet,Sem serviço de internet,Sem serviço de internet,Dois anos,Não,Transferência bancária,67.31,2295.57,0
Masculino,0,Não,Não,49,Sim,Não,Não,Sem serviço de internet,Sem serviço de internet,Sem serviço de internet,Sem serviço de internet,Sem serviço de internet,Sem serviço de internet,Um ano,Sim,Transferência bancária,28.47,1596.64,0
Feminino,0,Sim,Não,63,Sim,Não,Fibra óptica,Não,Não,Sim,Não,Sim,Sim,Mês a mês,Não,Cartão de crédito,108.8,7844.62,0
Feminino,0,Sim,Não,71,Sim,Não,Fibra óptica,Não,Não,Não,Sim,Não,Sim,Mês a mês,Sim,Cartão de crédito,112.97,8921.6,1
Masculino,0,Sim,Não,35,Sim,Não,DSL,Não,Sim,Não,Sim,Não,Sim,Dois anos,Sim,Transferência bancária,58.81,2114.53,0
Feminino,0,Sim,Não,11,Sim,Sim,Não,Sem serviço de internet,Sem serviço de internet,Sem serviço de internet,Sem serviço de internet,Sem serviço de internet,Sem serviço de internet,Mês a mês,Não,Cartão de crédito,97.66,993.18,1
Masculino,1,Sim,Sim,49,Sim,Não,Não,Sem serviço de internet,Sem serviço de internet,Sem serviço de internet,Sem serviço de internet,Sem serviço de internet,Sem serviço de internet,Mês a mês,Não,Cheque eletrônico,24.96,1043.61,0
Masculino,1,Não,Sim,40,Sim,Não,Fibra óptica,Não,Sim,Sim,Sim,Não,Sim,Mês a mês,Sim,Transferência bancária,58.55,2238.27,1
Feminino,0,Não,Não,21,Sim,Não,Fibra óptica,Não,Sim,Sim,Não,Não,Não,Mês a mês,Não,Cheque enviado pelo correio,69.1,1592.17,1
Masculino,1,Sim,Não,47,Não,Sem serviço telefônico,DSL,Não,Não,Sim,Não,Não,Não,Mês a mês,Não,Cartão de crédito,105.13,5245.76,0
Feminino,0,Sim,Não,3,Sim,Sim,Fibra óptica,Não,Não,Sim,Não,Não,Não,Mês a mês,Sim,Cartão de crédito,28.1,75.21,1
Feminino,0,Não,Não,30,Não,Sem serviço telefônico,Fibra óptica,Não,Não,Não,Não,Não,Sim,Mês a mês,Sim,Cheque eletrônico,58.67,1496.46,1
Masculino,0,Não,Sim,67,Sim,Não,DSL,Não,Sim,Não,Não,Não,Não,Dois anos,Sim,Transferência bancária,69.29,4312.26,0
Masculino,0,Sim,Sim,62,Sim,Não,DSL,Não,Não,Sim,Não,Sim,Não,Dois anos,Não,Cartão de crédito,84.64,5671.74,0
Feminino,0,Não,Não,37,Sim,Sim,Fibra óptica,Sim,Sim,Sim,Não,Sim,Não,Dois anos,Não,Transferência bancária,28.32,1099.87,0
Masculino,0,Não,Não,22,Sim,Sim,Não,Sem serviço de internet,Sem serviço de internet,Sem serviço de internet,Sem serviço de internet,Sem serviço de internet,Sem serviço de internet,Mês a mês,Não,Transferência bancária,46.13,1063.09,0
Masculino,0,Sim,Não,31,Sim,Não,Fibra óptica,Sim,Não,Sim,Não,Não,Sim,Mês a mês,Sim,Cartão de crédito,22.49,738.4,0
Masculino,0,Sim,Não,46,Sim,Sim,DSL,Sim,Não,Sim,Não,Não,Não,Mês a mês,Não,Transferência bancária,32.8,1405.35,0
Feminino,0,Sim,Não,45,Sim,Não,DSL,Não,Não,Sim,Não,Não,Não,Um ano,Sim,Cartão de crédito,67.51,3121.1,0
Feminino,0,Não,Sim,14,Sim,Sim,Fibra óptica,Sim,Não,Sim,Não,Não,Não,Um ano,Não,Cartão de crédito,41.5,664.55,0
Masculino,0,Não,Não,12,Sim,Sim,DSL,Não,Não,Não,Não,Sim,Não,Mês a mês,Sim,Cheque enviado pelo correio,65.95,739.18,0
Feminino,0,Não,Não,63,Não,Sem serviço telefônico,Não,Sem serviço de internet,Sem serviço de internet,Sem serviço de internet,Sem serviço de internet,Sem serviço de internet,Sem serviço de internet,Mês a mês,Sim,Transferência bancária,96.94,6777.43,0
Feminino,0,Sim,Não,38,Sim,Sim,DSL,Não,Não,Não,Sim,Não,Sim,Dois anos,Sim,Transferência bancária,55.86,2381.23,0
Feminino,0,Não,Não,47,Sim,Não,Não,Sem serviço de internet,Sem serviço de internet,Sem serviço de internet,Sem serviço de internet,Sem serviço de internet,Sem serviço de internet,Mês a mês,Não,Cheque eletrônico,90.31,4114.2,0
Feminino,1,Não,Não,54,Sim,Sim,Fibra óptica,Não,Não,Não,Não,Sim,Sim,Um ano,Não,Cartão de crédito,94.65,4458.82,0
Feminino,0,Não,Não,55,Sim,Sim,Fibra óptica,Não,Não,Não,Sim,Não,Não,Mês a mês,Sim,Cheque enviado pelo correio,71.81,4533.73,1
Masculino,0,Sim,Sim,48,Sim,Sim,DSL,Não,Não,Sim,Sim,Sim,Sim,Dois anos,Não,Cartão de crédito,45.4,1913.87,1
Masculino,0,Não,Sim,72,Sim,Sim,Não,Sem serviço de internet,Sem serviço de internet,Sem serviço de internet,Sem serviço de internet,Sem serviço de internet,Sem serviço de internet,Dois anos,Sim,Cartão de crédito,97.75,7729.81,0
Masculino,0,Sim,Não,15,Sim,Não,DSL,Não,Sim,Não,Sim,Não,Sim,Um ano,Sim,Cheque eletrônico,55.84,799.25,1
Feminino,0,Não,Não,71,Sim,Sim,Fibra óptica,Não,Não,Sim,Não,Não,Não,Dois anos,Não,Cheque eletrônico,76.99,5645.88,0
Feminino,0,Não,Sim,16,Sim,Sim,DSL,Não,Não,Sim,Não,Não,Sim,Mês a mês,Não,Cheque eletrônico,67.27,1011.97,0
Masculino,0,Sim,Sim,43,Sim,Sim,Fibra óptica,Não,Sim,Não,Não,Sim,Não,Mês a mês,Sim,Transferência bancária,80.6,3335.72,0
Feminino,0,Não,Não,7,Sim,Sim,DSL,Não,Não,Não,Não,Não,Sim,Mês a mês,Sim,Transferência bancária,103.21,675.54,0
Masculino,0,Sim,Não,43,Sim,Não,Fibra óptica,Não,Não,Sim,Sim,Sim,Não,Mês a mês,Não,Transferência bancária,53.45,2095.15,1
Masculino,0,Não,Sim,28,Sim,Não,DSL,Sim,Não,Não,Sim,Não,Sim,Dois anos,Não,Cheque eletrônico,109.62,2942.37,0
Masculino,0,Sim,Não,66,Sim,Não,DSL,Sim,Sim,Sim,Não,Não,Não,Um ano,Sim,Cheque enviado pelo correio,28.87,2114.31,0
Feminino,0,Não,Não,60,Sim,Não,Fibra óptica,Sim,Não,Não,Não,Não,Não,Mês a mês,Sim,Cheque enviado pelo correio,44.09,2313.33,0
Feminino,0,Não,Não,3,Sim,Sim,Não,Sem serviço de internet,Sem serviço de internet,Sem serviço de internet,Sem serviço de internet,Sem serviço de internet,Sem serviço de internet,Dois anos,Não,Cartão de crédito,109.96,281.5,0
Masculino,0,Sim,Sim,1,Sim,Sim,Fibra óptica,Não,Não,Não,Não,Não,Não,Mês a mês,Sim,Cheque eletrônico,24.41,22.48,1
Masculino,0,Não,Não,31,Sim,Não,Fibra óptica,Não,Não,Sim,Não,Sim,Não,Um ano,Não,Cheque enviado pelo correio,64.25,2198.98,1
Masculino,0,Sim,Não,56,Sim,Não,DSL,Não,Sim,Não,Não,Não,Sim,Um ano,Sim,Transferência bancária,43.99,2781.44,0
Masculino,0,Sim,Sim,46,Sim,Não,Não,Sem serviço de internet,Sem serviço de internet,Sem serviço de internet,Sem serviço de internet,Sem serviço de internet,Sem serviço de internet,Mês a mês,Sim,Cheque eletrônico,96.84,4872.75,0
Feminino,0,Não,Não,32,Sim,Sim,Fibra óptica,Não,Sim,Não,Não,Não,Sim,Dois anos,Não,Cheque eletrônico,26.72,736.48,0
Feminino,1,Não,Sim,18,Sim,Sim,Não,Sem serviço de internet,Sem serviço de internet,Sem serviço de internet,Sem serviço de internet,Sem serviço de internet,Sem serviço de internet,Mês a mês,Sim,Cheque enviado pelo correio,30.68,501.78,0
Masculino,0,Não,Não,68,Sim,Não,DSL,Não,Sim,Não,Sim,Não,Não,Dois anos,Sim,Cheque enviado pelo correio,33.76,2178.3,0
Masculino,1,Não,Não,35,Não,Sem serviço telefônico,Não,Sem serviço de internet,Sem serviço de internet,Sem serviço de internet,Sem serviço de internet,Sem serviço de internet,Sem serviço de internet,Um ano,Não,Transferência bancária,49.56,1830.08,0
Feminino,0,Não,Sim,23,Sim,Não,Não,Sem serviço de internet,Sem serviço de internet,Sem serviço de internet,Sem serviço de internet,Sem serviço de internet,Sem serviço de internet,Mês a mês,Sim,Transferência bancária,103.75,2262.61,0
Feminino,0,Não,Sim,13,Sim,Sim,DSL,Não,Não,Não,Não,Não,Sim,Mês a mês,Sim,Cartão de crédito,105.53,1369.6,0
Masculino,0,Não,Não,14,Sim,Não,DSL,Sim,Sim,Sim,Não,Não,Sim,Mês a mês,Sim,Cheque eletrônico,38.15,460.52,1
Masculino,0,Não,Sim,37,Sim,Não,DSL,Não,Sim,Sim,Não,Sim,Sim,Mês a mês,Não,Cheque enviado pelo correio,69.96,2228.93,1
Masculino,0,Sim,Não,5,Sim,Não,Não,Sem serviço de internet,Sem serviço de internet,Sem serviço de internet,Sem serviço de internet,Sem serviço de internet,Sem serviço de internet,Um ano,Não,Cartão de crédito,84.51,451.97,0
Feminino,0,Sim,Não,22,Sim,Não,Fibra óptica,Não,Não,Sim,Não,Não,Não,Mês a mês,Sim,Cheque enviado pelo correio,59.23,1148.68,1
Feminino,0,Não,Não,28,Sim,Não,Não,Sem serviço de internet,Sem serviço de internet,Sem serviço de internet,Sem serviço de internet,Sem serviço de internet,Sem serviço de internet,Mês a mês,Sim,Cheque eletrônico,112.92,2948.93,0
Feminino,0,Não,Não,4,Não,Sem serviço telefônico,DSL,Não,Não,Não,Não,Não,Sim,Mês a mês,Não,Cheque enviado pelo correio,72.77,247.83,1
Masculino,0,Não,Não,50,Sim,Não,DSL,Sim,Não,Não,Sim,Não,Não,Mês a mês,Não,Transferência bancária,61.5,3120.05,0
Masculino,1,Sim,Sim,29,Sim,Sim,Fibra óptica,Não,Sim,Não,Sim,Sim,Não,Um ano,Sim,Cheque enviado pelo correio,80.5,2364.87,1
Feminino,0,Não,Sim,37,Sim,Sim,DSL,Sim,Não,Não,Sim,Sim,Sim,Dois anos,Não,Cheque eletrônico,100.15,3645.85,0
Feminino,0,Sim,Sim,35,Sim,Não,Fibra óptica,Sim,Não,Não,Não,Não,Não,Mês a mês,Não,Cartão de crédito,43.99,1672.14,0
Masculino,0,Não,Não,20,Sim,Não,Não,Sem serviço de internet,Sem serviço de internet,Sem serviço de internet,Sem serviço de internet,Sem serviço de internet,Sem serviço de internet,Mês a mês,Sim,Cheque eletrônico,110.15,2126.2,1
Feminino,0,Sim,Não,35,Não,Sem serviço telefônico,Fibra óptica,Não,Não,Não,Sim,Não,Não,Um ano,Sim,Cheque enviado pelo correio,49.83,1612.22,0
Feminino,0,Sim,Não,2,Sim,Não,DSL,Não,Não,Não,Não,Não,Sim,Mês a mês,Sim,Cheque enviado pelo correio,81.42,154.76,1
Masculino,1,Não,Não,58,Sim,Não,Fibra óptica,Sim,Não,Não,Não,Sim,Não,Mês a mês,Não,Cheque enviado pelo correio,89.78,5505.22,1
Feminino,0,Não,Não,18,Sim,Sim,DSL,Não,Não,Não,Não,Não,Não,Um ano,Sim,Transferência bancária,108.25,2210.12,1
Masculino,0,Sim,Sim,56,Sim,Não,DSL,Sim,Sim,Não,Não,Não,Não,Dois anos,Sim,Cheque enviado pelo correio,80.68,4795.62,0
Masculino,0,Sim,Sim,64,Sim,Não,DSL,Sim,Não,Não,Sim,Não,Não,Dois anos,Sim,Cheque eletrônico,111.98,8223.74,0
Masculino,0,Sim,Não,52,Sim,Não,Fibra óptica,Não,Não,Sim,Não,Sim,Sim,Dois anos,Sim,Cheque enviado pelo correio,89.29,4791.46,0
Masculino,0,Sim,Não,22,Sim,Sim,Não,Sem serviço de internet,Sem serviço de internet,Sem serviço de internet,Sem serviço de internet,Sem serviço de internet,Sem serviço de internet,Dois anos,Não,Cheque eletrônico,97.29,2427.53,0
Masculino,0,Sim,Não,60,Sim,Sim,Fibra óptica,Não,Sim,Não,Não,Não,Não,Mês a mês,Sim,Transferência bancária,95.85,5132.7,0
Masculino,1,Não,Não,10,Sim,Sim,Não,Sem serviço de internet,Sem serviço de internet,Sem serviço de internet,Sem serviço de internet,Sem serviço de internet,Sem serviço de internet,Um ano,Sim,Cheque eletrônico,78.17,720.26,0
Masculino,0,Não,Não,6,Sim,Sim,DSL,Sim,Não,Sim,Sim,Não,Não,Um ano,Sim,Transferência bancária,107.16,673.96,0
Feminino,1,Sim,Sim,6,Não,Sem serviço telefônico,Fibra óptica,Sim,Sim,Não,Não,Sim,Não,Um ano,Não,Cheque enviado pelo correio,51.62,308.7,1
Masculino,0,Não,Não,28,Sim,Sim,DSL,Sim,Não,Não,Não,Sim,Não,Mês a mês,Sim,Cartão de crédito,39.19,1052.41,0
Masculino,0,Sim,Não,42,Sim,Não,DSL,Não,Sim,Não,Não,Sim,Não,Dois anos,Não,Cheque eletrônico,34.78,1397.21,0
Feminino,0,Sim,Sim,41,Sim,Sim,DSL,Não,Sim,Sim,Sim,Sim,Não,Dois anos,Sim,Cheque eletrônico,70.72,2726.64,0
Feminino,0,Sim,Não,63,Sim,Sim,Fibra óptica,Sim,Sim,Sim,Não,Não,Sim,Dois anos,Sim,Cheque eletrônico,110.41,7604.71,0
Feminino,1,Não,Não,22,Não,Sem serviço telefônico,Não,Sem serviço de internet,Sem serviço de internet,Sem serviço de internet,Sem serviço de internet,Sem serviço de internet,Sem serviço de internet,Dois anos,Sim,Cheque enviado pelo correio,75.58,1590.33,0
Masculino,0,Sim,Não,29,Sim,Não,DSL,Não,Sim,Não,Sim,Não,Não,Mês a mês,Sim,Cheque enviado pelo correio,105.64,2674.74,0
Feminino,0,Sim,Sim,71,Sim,Sim,Fibra óptica,Sim,Não,Não,Sim,Não,Não,Dois anos,Sim,Cheque enviado pelo correio,32.31,2053.93,0
Masculino,0,Sim,Sim,34,Sim,Sim,DSL,Não,Não,Sim,Não,Sim,Não,Mês a mês,Sim,Cartão de crédito,90.16,3060.06,1
Masculino,0,Sim,Sim,2,Sim,Sim,Fibra óptica,Não,Sim,Não,Não,Não,Sim,Mês a mês,Sim,Transferência bancária,116.34,206.68,1
Masculino,0,Sim,Sim,26,Sim,Não,Fibra óptica,Não,Sim,Não,Não,Sim,Sim,Mês a mês,Sim,Transferência bancária,72.56,2074.73,0
Masculino,0,Não,Não,19,Sim,Sim,Fibra óptica,Sim,Sim,Sim,Não,Sim,Não,Mês a mês,Não,Transferência bancária,97.58,2084.74,1
Feminino,0,Não,Não,20,Sim,Sim,Não,Sem serviço de internet,Sem serviço de internet,Sem serviço de internet,Sem serviço de internet,Sem serviço de internet,Sem serviço de internet,Mês a mês,Não,Transferência bancária,70.61,1228.37,0
Feminino,0,Não,Não,33,Sim,Não,Fibra óptica,Não,Sim,Sim,Não,Não,Sim,Mês a mês,Sim,Transferência bancária,104.72,3840.79,1
Masculino,0,Sim,Não,4,Sim,Sim,DSL,Não,Sim,Não,Não,Sim,Não,Dois anos,Sim,Cheque eletrônico,76.98,325.14,0
Masculino,0,Sim,Sim,32,Sim,Não,Fibra óptica,Não,Não,Não,Não,Não,Sim,Mês a mês,Sim,Cheque enviado pelo correio,37.71,1143.53,0
Masculino,0,Sim,Não,19,Sim,Não,Fibra óptica,Não,Não,Não,Não,Sim,Não,Um ano,Sim,Cheque eletrônico,41.25,725.52,0
Feminino,1,Sim,Não,3,Sim,Sim,Fibra óptica,Não,Sim,Sim,Não,Sim,Não,Dois anos,Sim,Cartão de crédito,53.66,156.42,0
Masculino,0,Não,Não,61,Sim,Não,Não,Sem serviço de internet,Sem serviço de internet,Sem serviço de internet,Sem serviço de internet,Sem serviço de internet,Sem serviço de internet,Mês a mês,Sim,Cheque eletrônico,114.9,7218.33,0
Masculino,0,Sim,Sim,38,Sim,Sim,Fibra óptica,Não,Não,Sim,Sim,Não,Sim,Dois anos,Sim,Transferência bancária,80.6,2824.41,0
Feminino,0,Sim,Não,6,Sim,Sim,Fibra óptica,Sim,Não,Sim,Não,Não,Não,Dois anos,Não,Cheque eletrônico,66.37,443.64,1
Feminino,0,Não,Não,56,Sim,Não,Fibra óptica,Não,Não,Sim,Não,Sim,Não,Dois anos,Sim,Cheque eletrônico,54.72,2630.2,0
Masculino,0,Sim,Não,40,Sim,Sim,Fibra óptica,Não,Não,Não,Não,Não,Não,Um ano,Sim,Cartão de crédito,105.92,3690.69,0
Feminino,0,Não,Sim,69,Sim,Sim,Não,Sem serviço de internet,Sem serviço de internet,Sem serviço de internet,Sem serviço de internet,Sem serviço de internet,Sem serviço de internet,Dois anos,Sim,Cartão de crédito,48.29,3309.17,0
Feminino,0,Sim,Não,42,Sim,Não,Não,Sem serviço de internet,Sem serviço de internet,Sem serviço de internet,Sem serviço de internet,Sem serviço de internet,Sem serviço de internet,Um ano,Não,Cheque eletrônico,65.2,2609.22,0
Masculino,0,Não,Não,2,Sim,Sim,Fibra óptica,Sim,Não,Sim,Não,Sim,Sim,Mês a mês,Sim,Cheque enviado pelo correio,31.63,59.68,1
Feminino,1,Sim,Sim,28,Sim,Sim,Fibra óptica,Não,Sim,Não,Não,Sim,Não,Dois anos,Não,Cheque enviado pelo correio,56.01,1547.82,0
Masculino,0,Não,Não,17,Sim,Sim,DSL,Não,Não,Não,Sim,Não,Sim,Dois anos,Não,Cheque eletrônico,105.71,1836.68,0
Feminino,0,Sim,Sim,70,Sim,Não,Fibra óptica,Não,Não,Sim,Sim,Não,Não,Mês a mês,Sim,Cartão de crédito,25.25,1581.01,0
Masculino,0,Não,Não,69,Sim,Sim,Não,Sem serviço de internet,Sem serviço de internet,Sem serviço de internet,Sem serviço de internet,Sem serviço de internet,Sem serviço de internet,Mês a mês,Sim,Cartão de crédito,22.05,1680.77,0
Masculino,0,Sim,Não,39,Sim,Não,Fibra óptica,Não,Não,Sim,Não,Sim,Sim,Dois anos,Sim,Cheque enviado pelo correio,61.31,2278.96,0
Masculino,1,Não,Sim,7,Sim,Não,DSL,Não,Sim,Sim,Não,Não,Sim,Dois anos,Não,Cheque eletrônico,84.83,592.42,0
Feminino,0,Sim,Não,32,Sim,Não,Fibra óptica,Não,Não,Não,Não,Sim,Não,Dois anos,Não,Cheque enviado pelo correio,21.64,706.34,0
Masculino,0,Sim,Sim,4,Sim,Sim,Não,Sem serviço de internet,Sem serviço de internet,Sem serviço de internet,Sem serviço de internet,Sem serviço de internet,Sem serviço de internet,Mês a mês,Não,Cheque eletrônico,65.37,273.1,0
Feminino,0,Não,Não,21,Sim,Não,Fibra óptica,Não,Não,Não,Não,Sim,Sim,Dois anos,Sim,Transferência bancária,21.91,406.66,0
Masculino,0,Não,Não,32,Sim,Não,Fibra óptica,Sim,Sim,Sim,Não,Sim,Não,Mês a mês,Não,Cartão de crédito,84.56,2985.59,1
Masculino,0,Sim,Não,14,Sim,Não,DSL,Não,Não,Sim,Não,Não,Não,Dois anos,Sim,Cheque eletrônico,88.71,1079.57,0
Feminino,0,Não,Não,70,Sim,Sim,Fibra óptica,Não,Não,Não,Sim,Sim,Não,Um ano,Não,Transferência bancária,107.98,6921.33,0
Masculino,0,Sim,Não,46,Sim,Sim,Fibra óptica,Sim,Não,Não,Não,Sim,Não,Mês a mês,Sim,Cheque eletrônico,112.42,4548.28,1
Masculino,0,Não,Não,20,Não,Sem serviço telefônico,Fibra óptica,Não,Sim,Não,Não,Sim,Sim,Mês a mês,Não,Cheque eletrônico,96.86,2090.13,1
Feminino,0,Não,Não,58,Não,Sem serviço telefônico,Não,Sem serviço de internet,Sem serviço de internet,Sem serviço de internet,Sem serviço de internet,Sem serviço de internet,Sem serviço de internet,Um ano,Sim,Cheque enviado pelo correio,69.7,4301.41,0
Masculino,0,Não,Sim,48,Não,Sem serviço telefônico,Fibra óptica,Não,Não,Não,Sim,Não,Sim,Um ano,Sim,Cheque eletrônico,39.15,1765.82,0
Masculino,0,Não,Sim,7,Sim,Sim,Fibra óptica,Não,Não,Não,Não,Não,Não,Dois anos,Não,Cheque eletrônico,86.78,658.85,1
Masculino,0,Não,Não,40,Sim,Sim,Não,Sem serviço de internet,Sem serviço de internet,Sem serviço de internet,Sem serviço de internet,Sem serviço de internet,Sem serviço de internet,Dois anos,Não,Cartão de crédito,115.75,5198.18,0
Masculino,0,Sim,Não,59,Sim,Sim,Não,Sem serviço de internet,Sem serviço de internet,Sem serviço de internet,Sem serviço de internet,Sem serviço de internet,Sem serviço de internet,Mês a mês,Sim,Cheque eletrônico,104.88,5602.25,0
Feminino,0,Não,Não,36,Sim,Sim,DSL,Não,Não,Não,Sim,Não,Não,Mês a mês,Não,Cheque enviado pelo correio,76.98,2661.08,1
Feminino,0,Sim,Sim,44,Sim,Sim,DSL,Não,Não,Não,Não,Não,Sim,Mês a mês,Não,Cheque enviado pelo correio,109.48,4859.24,0
Masculino,0,Não,Não,31,Sim,Não,Não,Sem serviço de internet,Sem serviço de internet,Sem serviço de internet,Sem serviço de internet,Sem serviço de internet,Sem serviço de internet,Mês a mês,Não,Cartão de crédito,55.21,1611.3,0
Feminino,0,Não,Não,42,Sim,Não,Fibra óptica,Não,Não,Não,Não,Não,Sim,Mês a mês,Sim,Transferência bancária,75.32,3319.74,0
Masculino,0,Sim,Não,44,Sim,Não,DSL,Não,Sim,Sim,Sim,Não,Não,Um ano,Sim,Cheque enviado pelo correio,67.52,3268.33,0
Feminino,0,Não,Não,43,Sim,Sim,Fibra óptica,Sim,Não,Não,Não,Não,Não,Um ano,Sim,Transferência bancária,69.7,3204.51,0
Masculino,1,Não,Não,43,Sim,Sim,Fibra óptica,Não,Não,Sim,Não,Não,Sim,Um ano,Não,Cartão de crédito,115.43,5624.25,1
Masculino,1,Não,Não,47,Sim,Sim,Fibra óptica,Não,Não,Não,Não,Não,Não,Dois anos,Não,Cheque eletrônico,42.06,1910.26,0
Masculino,1,Sim,Não,6,Não,Sem serviço telefônico,DSL,Não,Não,Sim,Não,Sim,Sim,Mês a mês,Sim,Cheque eletrônico,22.39,121.54,0
Masculino,0,Sim,Não,66,Sim,Não,Não,Sem serviço de internet,Sem serviço de internet,Sem serviço de internet,Sem serviço de internet,Sem serviço de internet,Sem serviço de internet,Dois anos,Não,Cartão de crédito,18.81,1379.24,0
Masculino,0,Não,Sim,9,Sim,Sim,DSL,Não,Não,Não,Não,Sim,Não,Mês a mês,Não,Cheque eletrônico,38.65,398.78,1
Masculino,0,Sim,Não,11,Sim,Não,Fibra óptica,Não,Não,Não,Não,Não,Não,Mês a mês,Sim,Cheque enviado pelo correio,74.75,809.23,0
Feminino,0,Sim,Não,18,Não,Sem serviço telefônico,DSL,Não,Não,Sim,Não,Não,Não,Um ano,Sim,Cartão de crédito,96.15,1570.18,0
Masculino,0,Não,Não,25,Sim,Não,DSL,Não,Não,Não,Não,Sim,Não,Mês a mês,Não,Transferência bancária,42.6,997.26,0
Feminino,0,Sim,Sim,58,Sim,Sim,DSL,Sim,Não,Não,Não,Sim,Não,Um ano,Sim,Cheque eletrônico,36.17,2060.91,0
Masculino,0,Não,Sim,30,Sim,Não,DSL,Sim,Não,Não,Sim,Não,Não,Mês a mês,Não,Cheque eletrônico,57.54,1540.08,0
Feminino,1,Não,Não,1,Sim,Sim,Fibra óptica,Sim,Não,Não,Sim,Sim,Não,Um ano,Não,Cheque eletrônico,88.57,85.68,1
Feminino,0,Não,Não,63,Sim,Sim,DSL,Não,Não,Não,Sim,Sim,Não,Dois anos,Não,Cheque eletrônico,39.8,2655.26,0
Feminino,0,Sim,Não,29,Sim,Não,Fibra óptica,Não,Não,Não,Não,Sim,Não,Dois anos,Não,Cheque eletrônico,81.74,2384.65,0
Masculino,0,Sim,Não,66,Sim,Sim,DSL,Sim,Não,Não,Não,Não,Sim,Mês a mês,Sim,Transferência bancária,65.95,4723.86,0
Masculino,1,Sim,Não,53,Sim,Não,Não,Sem serviço de internet,Sem serviço de internet,Sem serviço de internet,Sem serviço de internet,Sem serviço de internet,Sem serviço de internet,Dois anos,Não,Cheque eletrônico,29.84,1394.54,0
Feminino,0,Não,Sim,19,Sim,Sim,Fibra óptica,Não,Não,Não,Não,Não,Sim,Mês a mês,Sim,Cartão de crédito,60.88,1274.35,1
Masculino,0,Sim,Não,66,Não,Sem serviço telefônico,Fibra óptica,Não,Sim,Sim,Não,Sim,Não,Mês a mês,Não,Cheque eletrônico,46.48,2914.86,0
Feminino,1,Não,Não,52,Sim,Sim,Não,Sem serviço de internet,Sem serviço de internet,Sem serviço de internet,Sem serviço de internet,Sem serviço de internet,Sem serviço de internet,Um ano,Sim,Cheque eletrônico,73.92,3674.9,0
Masculino,0,Não,Não,31,Sim,Não,Não,Sem serviço de internet,Sem serviço de internet,Sem serviço de internet,Sem serviço de internet,Sem serviço de internet,Sem serviço de internet,Mês a mês,Não,Cheque eletrônico,86.68,2761.82,0
Feminino,0,Não,Não,60,Sim,Não,Fibra óptica,Não,Não,Não,Não,Não,Sim,Mês a mês,Não,Cheque eletrônico,112.99,7227.77,1
Feminino,0,Sim,Não,68,Sim,Sim,Fibra óptica,Não,Não,Não,Não,Sim,Não,Mês a mês,Sim,Cartão de crédito,84.0,5120.22,0
Masculino,0,Sim,Não,30,Sim,Não,Fibra óptica,Não,Não,Não,Sim,Não,Não,Mês a mês,Não,Cheque eletrônico,28.04,720.13,0
Feminino,0,Não,Não,13,Sim,Sim,Fibra óptica,Não,Não,Não,Não,Sim,Não,Um ano,Não,Transferência bancária,77.66,941.97,1
Masculino,0,Sim,Não,15,Não,Sem serviço telefônico,Não,Sem serviço de internet,Sem serviço de internet,Sem serviço de internet,Sem serviço de internet,Sem serviço de internet,Sem serviço de internet,Dois anos,Sim,Transferência bancária,93.51,1330.6,0
Feminino,1,Sim,Não,20,Sim,Sim,Fibra óptica,Não,Não,Não,Não,Sim,Não,Dois anos,Sim,Cheque enviado pelo correio,63.57,1138.81,0
Feminino,1,Sim,Sim,34,Não,Sem serviço telefônico,DSL,Não,Não,Não,Sim,Não,Não,Mês a mês,Sim,Cheque enviado pelo correio,77.93,2861.92,1
Masculino,0,Não,Não,20,Sim,Sim,Não,Sem serviço de internet,Sem serviço de internet,Sem serviço de internet,Sem serviço de internet,Sem serviço de internet,Sem serviço de internet,Mês a mês,Sim,Cheque eletrônico,59.03,1235.77,0
Masculino,0,Não,Sim,50,Sim,Não,Fibra óptica,Não,Não,Não,Não,Não,Não,Mês a mês,Sim,Transferência bancária,32.49,1479.93,1
Masculino,0,Não,Sim,27,Sim,Sim,Fibra óptica,Não,Não,Não,Não,Sim,Sim,Mês a mês,Sim,Cheque enviado pelo correio,41.77,1011.1,0
Feminino,0,Não,Sim,30,Sim,Sim,Não,Sem serviço de internet,Sem serviço de internet,Sem serviço de internet,Sem serviço de internet,Sem serviço de internet,Sem serviço de internet,Mês a mês,Sim,Cheque enviado pelo correio,69.35,2072.04,0
Masculino,0,Sim,Não,56,Sim,Não,DSL,Sim,Sim,Sim,Não,Não,Sim,Dois anos,Sim,Cheque eletrônico,90.27,5593.78,0
Feminino,0,Não,Não,65,Sim,Não,Fibra óptica,Não,Sim,Não,Não,Não,Não,Mês a mês,Sim,Transferência bancária,72.07,4509.95,1
Feminino,0,Sim,Não,55,Sim,Sim,DSL,Não,Não,Não,Não,Não,Não,Mês a mês,Sim,Cheque enviado pelo correio,73.68,4210.11,0
Masculino,0,Não,Sim,24,Sim,Sim,Não,Sem serviço de internet,Sem serviço de internet,Sem serviço de internet,Sem serviço de internet,Sem serviço de internet,Sem serviço de internet,Mês a mês,Não,Cheque eletrônico,59.8,1316.05,1
Masculino,1,Sim,Sim,25,Sim,Não,Fibra óptica,Não,Sim,Não,Não,Não,Não,Dois anos,Não,Cheque enviado pelo correio,39.42,1105.28,0
Feminino,0,Sim,Não,53,Sim,Sim,Fibra óptica,Não,Sim,Não,Sim,Não,Não,Dois anos,Sim,Cheque eletrônico,53.3,3092.19,0
Feminino,0,Não,Sim,11,Sim,Sim,Fibra óptica,Sim,Não,Não,Não,Não,Sim,Dois anos,Sim,Cheque eletrônico,35.76,432.55,1
Masculino,0,Sim,Não,60,Não,Sem serviço telefônico,Não,Sem serviço de internet,Sem serviço de internet,Sem serviço de internet,Sem serviço de internet,Sem serviço de internet,Sem serviço de internet,Um ano,Sim,Cartão de crédito,85.48,4376.07,1
Masculino,0,Não,Não,47,Sim,Não,Fibra óptica,Não,Sim,Não,Não,Sim,Não,Um ano,Sim,Cartão de crédito,83.74,3922.86,0
Masculino,0,Sim,Não,25,Sim,Não,Fibra óptica,Não,Não,Não,Sim,Não,Não,Mês a mês,Sim,Cartão de crédito,89.2,1913.12,0
Masculino,0,Sim,Não,25,Sim,Não,Fibra óptica,Não,Não,Não,Não,Não,Não,Um ano,Sim,Cartão de crédito,28.96,799.63,1
Masculino,0,Sim,Sim,17,Não,Sem serviço telefônico,Não,Sem serviço de internet,Sem serviço de internet,Sem serviço de internet,Sem serviço de internet,Sem serviço de internet,Sem serviço de internet,Dois anos,Não,Cartão de crédito,54.7,838.4,0
Feminino,0,Não,Não,12,Sim,Não,Fibra óptica,Não,Não,Sim,Não,Não,Sim,Dois anos,Não,Cheque enviado pelo correio,90.09,1153.89,0
Feminino,0,Sim,Não,52,Sim,Sim,DSL,Não,Não,Não,Não,Não,Sim,Dois anos,Não,Transferência bancária,99.9,4802.21,0
Feminino,0,Não,Não,11,Sim,Não,Fibra óptica,Não,Não,Sim,Sim,Sim,Não,Mês a mês,Sim,Cheque eletrônico,116.95,1415.59,0
Feminino,0,Sim,Sim,10,Sim,Sim,Não,Sem serviço de internet,Sem serviço de internet,Sem serviço de internet,Sem serviço de internet,Sem serviço de internet,Sem serviço de internet,Mês a mês,Sim,Cheque enviado pelo correio,112.48,1061.99,1
Masculino,1,Sim,Não,60,Sim,Não,DSL,Não,Não,Não,Não,Sim,Sim,Mês a mês,Não,Transferência bancária,30.62,1584.19,1
Masculino,0,Sim,Não,54,Sim,Sim,Fibra óptica,Não,Sim,Não,Não,Não,Sim,Um ano,Não,Cheque eletrônico,96.58,4507.03,1
Masculino,1,Não,Sim,63,Sim,Sim,Fibra óptica,Não,Não,Não,Não,Sim,Não,Mês a mês,Sim,Cartão de crédito,84.21,5875.16,0
Feminino,0,Não,Não,20,Sim,Sim,Fibra óptica,Não,Não,Não,Não,Não,Não,Dois anos,Não,Cheque eletrônico,20.35,455.19,0
Feminino,1,Sim,Sim,5,Sim,Não,Fibra óptica,Não,Não,Não,Não,Sim,Sim,Dois anos,Não,Cartão de crédito,108.48,582.43,1
Masculino,0,Não,Não,41,Sim,Não,Não,Sem serviço de internet,Sem serviço de internet,Sem serviço de internet,Sem serviço de internet,Sem serviço de internet,Sem serviço de internet,Mês a mês,Não,Transferência bancária,67.52,3159.79,0
Masculino,0,Não,Não,63,Não,Sem serviço telefônico,Fibra óptica,Não,Não,Sim,Sim,Não,Sim,Um ano,Sim,Cartão de crédito,95.24,6745.66,1
Feminino,0,Sim,Não,56,Sim,Não,DSL,Sim,Não,Sim,Sim,Não,Não,Um ano,Não,Cheque eletrônico,73.12,4361.4,0
Feminino,0,Não,Não,32,Sim,Sim,Fibra óptica,Não,Não,Não,Sim,Não,Sim,Dois anos,Sim,Transferência bancária,50.81,1388.11,0
Masculino,0,Sim,Não,27,Sim,Sim,Fibra óptica,Sim,Sim,Sim,Sim,Sim,Sim,Mês a mês,Não,Cheque eletrônico,66.78,1634.32,0
Masculino,0,Não,Não,68,Sim,Sim,Fibra óptica,Sim,Não,Não,Não,Sim,Não,Mês a mês,Sim,Cheque eletrônico,101.08,6293.29,1
Feminino,0,Não,Não,48,Sim,Não,Fibra óptica,Não,Não,Não,Não,Não,Sim,Um ano,Não,Cheque eletrônico,38.84,1741.24,0
Masculino,0,Sim,Sim,7,Sim,Sim,Fibra óptica,Sim,Não,Sim,Não,Sim,Sim,Mês a mês,Sim,Cartão de crédito,73.18,477.06,1
Masculino,0,Sim,Não,46,Sim,Não,DSL,Sim,Não,Não,Sim,Sim,Não,Mês a mês,Sim,Cartão de crédito,80.58,3362.94,0
Masculino,0,Não,Não,18,Não,Sem serviço telefônico,Fibra óptica,Sim,Sim,Sim,Não,Não,Não,Mês a mês,Sim,Cheque eletrônico,76.59,1372.76,0
Feminino,0,Não,Não,38,Sim,Não,Não,Sem serviço de internet,Sem serviço de internet,Sem serviço de internet,Sem serviço de internet,Sem serviço de internet,Sem serviço de internet,Dois anos,Sim,Cheque eletrônico,57.46,2485.44,0
Feminino,0,Não,Não,65,Sim,Não,Não,Sem serviço de internet,Sem serviço de internet,Sem serviço de internet,Sem serviço de internet,Sem serviço de internet,Sem serviço de internet,Um ano,Sim,Cartão de crédito,34.48,1936.01,0
Feminino,0,Sim,Não,17,Sim,Não,Não,Sem serviço de internet,Sem serviço de internet,Sem serviço de internet,Sem serviço de internet,Sem serviço de internet,Sem serviço de internet,Um ano,Não,Cheque enviado pelo correio,44.15,676.23,0
Feminino,1,Sim,Não,38,Sim,Não,Não,Sem serviço de internet,Sem serviço de internet,Sem serviço de internet,Sem serviço de internet,Sem serviço de internet,Sem serviço de internet,Mês a mês,Não,Cheque eletrônico,63.72,2323.05,0
Feminino,0,Sim,Não,63,Não,Sem serviço telefônico,Não,Sem serviço de internet,Sem serviço de internet,Sem serviço de internet,Sem serviço de internet,Sem serviço de internet,Sem serviço de internet,Um ano,Sim,Transferência bancária,38.65,2514.97,0
Feminino,0,Sim,Não,42,Sim,Sim,Fibra óptica,Não,Não,Não,Não,Não,Não,Mês a mês,Não,Cheque enviado pelo correio,90.93,3400.37,1
Feminino,1,Não,Não,8,Sim,Não,Fibra óptica,Sim,Não,Sim,Não,Não,Não,Mês a mês,Sim,Transferência bancária,45.82,373.13,1
Masculino,0,Não,Não,30,Sim,Sim,DSL,Não,Não,Não,Não,Não,Não,Um ano,Não,Cheque eletrônico,37.76,1008.2,0
Masculino,0,Não,Sim,64,Sim,Sim,Fibra óptica,Não,Não,Sim,Não,Sim,Não,Dois anos,Sim,Transferência bancária,53.57,3123.98,0
Masculino,0,Sim,Sim,9,Sim,Sim,Não,Sem serviço de internet,Sem serviço de internet,Sem serviço de internet,Sem serviço de internet,Sem serviço de internet,Sem serviço de internet,Um ano,Não,Cartão de crédito,40.57,312.27,1
Masculino,0,Não,Não,57,Sim,Não,Fibra óptica,Não,Não,Sim,Não,Sim,Não,Mês a mês,Não,Cartão de crédito,88.52,5742.62,1
Masculino,0,Não,Sim,59,Sim,Não,DSL,Não,Não,Não,Sim,Não,Não,Um ano,Sim,Cartão de crédito,97.87,5360.42,0
Masculino,0,Não,Não,67,Sim,Sim,DSL,Não,Não,Não,Sim,Sim,Sim,Dois anos,Sim,Cheque eletrônico,59.95,4151.17,0
Masculino,0,Não,Não,5,Sim,Não,Não,Sem serviço de internet,Sem serviço de internet,Sem serviço de internet,Sem serviço de internet,Sem serviço de internet,Sem serviço de internet,Mês a mês,Não,Cartão de crédito,84.27,389.47,1
Feminino,0,Não,Sim,4,Sim,Não,DSL,Sim,Sim,Não,Não,Não,Não,Dois anos,Sim,Cheque eletrônico,37.73,170.24,0
Feminino,0,Não,Não,8,Sim,Sim,Fibra óptica,Não,Sim,Não,Sim,Não,Não,Um ano,Sim,Cartão de crédito,51.59,356.41,1
Masculino,0,Sim,Não,42,Sim,Não,Fibra óptica,Sim,Não,Não,Não,Não,Não,Dois anos,Não,Cheque eletrônico,33.35,1398.24,0
Masculino,0,Sim,Não,35,Sim,Não,Não,Sem serviço de internet,Sem serviço de internet,Sem serviço de internet,Sem serviço de internet,Sem serviço de internet,Sem serviço de internet,Um ano,Sim,Cheque eletrônico,39.12,1298.07,0
Feminino,0,Não,Sim,13,Sim,Sim,Não,Sem serviço de internet,Sem serviço de internet,Sem serviço de internet,Sem serviço de internet,Sem serviço de internet,Sem serviço de internet,Um ano,Não,Transferência bancária,65.32,814.95,0
Masculino,0,Não,Não,5,Sim,Sim,Não,Sem serviço de internet,Sem serviço de internet,Sem serviço de internet,Sem serviço de internet,Sem serviço de internet,Sem serviço de internet,Um ano,Sim,Transferência bancária,82.71,364.05,0
Masculino,0,Sim,Não,40,Sim,Sim,DSL,Não,Não,Não,Não,Sim,Não,Dois anos,Sim,Cartão de crédito,32.34,1251.71,0
Feminino,1,Sim,Sim,19,Sim,Não,Fibra óptica,Sim,Sim,Não,Não,Não,Sim,Dois anos,Não,Cheque eletrônico,70.9,1441.46,0
Masculino,1,Não,Não,4,Sim,Sim,DSL,Não,Não,Não,Sim,Não,Não,Um ano,Sim,Cheque enviado pelo correio,64.12,270.63,0
Feminino,0,Não,Não,59,Sim,Não,Não,Sem serviço de internet,Sem serviço de internet,Sem serviço de internet,Sem serviço de internet,Sem serviço de internet,Sem serviço de internet,Mês a mês,Sim,Transferência bancária,19.18,1273.79,0
Masculino,0,Sim,Sim,18,Sim,Não,Fibra óptica,Não,Não,Não,Não,Não,Não,Mês a mês,Sim,Cartão de crédito,105.46,1647.34,1
Feminino,0,Não,Não,24,Sim,Sim,DSL,Sim,Não,Não,Sim,Sim,Sim,Mês a mês,Sim,Cartão de crédito,75.86,2040.85,0
Feminino,0,Não,Não,31,Sim,Sim,Fibra óptica,Não,Não,Não,Não,Não,Não,Dois anos,Não,Cartão de crédito,44.01,1344.39,0
Feminino,0,Sim,Sim,58,Não,Sem serviço telefônico,DSL,Sim,Sim,Sim,Não,Não,Não,Dois anos,Sim,Cheque enviado pelo correio,77.71,4399.71,0
Masculino,0,Sim,Sim,28,Sim,Sim,DSL,Não,Não,Não,Não,Não,Não,Mês a mês,Sim,Cartão de crédito,110.91,3040.75,0
Feminino,0,Não,Sim,9,Sim,Sim,DSL,Não,Sim,Não,Não,Não,Não,Mês a mês,Não,Cartão de crédito,19.97,190.23,1
Masculino,0,Não,Sim,45,Sim,Sim,Fibra óptica,Não,Não,Não,Sim,Não,Não,Mês a mês,Não,Cheque eletrônico,113.21,5014.88,1
Masculino,1,Não,Não,49,Sim,Não,Fibra óptica,Não,Não,Não,Não,Sim,Não,Um ano,Não,Cheque enviado pelo correio,83.6,4683.51,0
Masculino,0,Não,Sim,2,Sim,Sim,Não,Sem serviço de internet,Sem serviço de internet,Sem serviço de internet,Sem serviço de internet,Sem serviço de internet,Sem serviço de internet,Mês a mês,Sim,Cheque eletrônico,71.88,151.54,1
Masculino,0,Sim,Não,6,Sim,Não,Não,Sem serviço de internet,Sem serviço de internet,Sem serviço de internet,Sem serviço de internet,Sem serviço de internet,Sem serviço de internet,Dois anos,Sim,Cheque eletrônico,57.7,357.19,0
Feminino,0,Não,Não,29,Sim,Sim,Fibra óptica,Não,Não,Não,Não,Sim,Não,Mês a mês,Não,Cartão de crédito,31.21,812.1,0
Feminino,0,Sim,Não,26,Sim,Não,Fibra óptica,Não,Sim,Não,Sim,Não,Não,Mês a mês,Sim,Cartão de crédito,19.81,474.55,0
Masculino,0,Sim,Sim,28,Sim,Não,DSL,Não,Sim,Sim,Não,Não,Não,Mês a mês,Não,Cheque enviado pelo correio,61.46,1814.11,1
Masculino,0,Sim,Não,7,Sim,Sim,Fibra óptica,Não,Sim,Não,Não,Sim,Não,Um ano,Não,Cheque enviado pelo correio,73.14,493.3,1
Feminino,0,Sim,Sim,34,Sim,Sim,Fibra óptica,Não,Sim,Sim,Não,Não,Não,Mês a mês,Não,Cheque enviado pelo correio,116.96,4294.96,0
Masculino,0,Não,Não,56,Sim,Não,DSL,Não,Não,Não,Sim,Não,Não,Um ano,Não,Transferência bancária,70.54,3865.65,0
Feminino,0,Não,Não,10,Sim,Não,DSL,Sim,Não,Não,Não,Não,Sim,Dois anos,Sim,Cartão de crédito,88.51,983.83,1
Masculino,0,Não,Não,57,Sim,Sim,Fibra óptica,Não,Não,Não,Não,Sim,Não,Um ano,Sim,Cartão de crédito,81.18,4760.71,1
Masculino,0,Sim,Não,47,Sim,Não,Não,Sem serviço de internet,Sem serviço de internet,Sem serviço de internet,Sem serviço de internet,Sem serviço de internet,Sem serviço de internet,Dois anos,Não,Cheque eletrônico,105.92,5492.48,0
Feminino,1,Não,Não,27,Sim,Sim,Fibra óptica,Não,Não,Sim,Sim,Sim,Sim,Mês a mês,Não,Cartão de crédito,66.72,2007.31,0
Masculino,0,Não,Não,39,Sim,Sim,Fibra óptica,Não,Não,Não,Não,Não,Sim,Um ano,Não,Cheque enviado pelo correio,35.65,1319.09,0
Feminino,0,Não,Não,22,Sim,Sim,Fibra óptica,Não,Sim,Não,Sim,Sim,Sim,Um ano,Sim,Cartão de crédito,41.64,886.69,0
Masculino,0,Não,Não,19,Não,Sem serviço telefônico,DSL,Não,Não,Não,Não,Sim,Sim,Mês a mês,Sim,Cartão de crédito,53.87,1092.32,0
Masculino,0,Sim,Não,9,Sim,Não,Não,Sem serviço de internet,Sem serviço de internet,Sem serviço de internet,Sem serviço de internet,Sem serviço de internet,Sem serviço de internet,Dois anos,Sim,Cheque enviado pelo correio,36.97,295.06,0
Masculino,0,Sim,Não,19,Sim,Não,Fibra óptica,Não,Sim,Não,Não,Sim,Sim,Dois anos,Sim,Cheque eletrônico,97.2,1649.63,0
Feminino,0,Sim,Não,2,Sim,Não,Fibra óptica,Não,Não,Não,Não,Sim,Sim,Mês a mês,Sim,Cheque enviado pelo correio,54.96,120.53,1
Masculino,0,Não,Não,61,Sim,Sim,Fibra óptica,Sim,Não,Não,Não,Não,Sim,Mês a mês,Sim,Cheque eletrônico,56.08,2920.95,0
Masculino,0,Não,Não,59,Sim,Não,Fibra óptica,Não,Não,Sim,Não,Sim,Sim,Mês a mês,Não,Cheque enviado pelo correio,68.05,3457.95,1
Masculino,0,Sim,Não,70,Sim,Não,DSL,Não,Sim,Não,Não,Sim,Sim,Mês a mês,Sim,Cartão de crédito,46.74,3346.0,0
Masculino,0,Sim,Sim,71,Sim,Sim,DSL,Sim,Sim,Não,Sim,Sim,Sim,Mês a mês,Não,Cartão de crédito,30.52,2467.87,1
Feminino,0,Sim,Sim,70,Sim,Não,Fibra óptica,Sim,Sim,Não,Não,Não,Não,Dois anos,Não,Cheque enviado pelo correio,91.48,7234.93,0
Feminino,0,Não,Não,33,Sim,Não,Não,Sem serviço de internet,Sem serviço de internet,Sem serviço de internet,Sem serviço de internet,Sem serviço de internet,Sem serviço de internet,Um ano,Sim,Transferência bancária,77.11,2499.6,1
Masculino,0,Sim,Não,65,Sim,Sim,DSL,Não,Não,Não,Não,Não,Não,Mês a mês,Não,Transferência bancária,37.1,2627.91,1
Feminino,0,Sim,Não,25,Sim,Sim,Fibra óptica,Não,Sim,Não,Sim,Não,Não,Dois anos,Não,Transferência bancária,24.18,640.14,0
Masculino,0,Sim,Não,70,Sim,Não,Fibra óptica,Não,Não,Não,Não,Não,Não,Mês a mês,Sim,Transferência bancária,71.8,5483.81,1
Masculino,0,Não,Não,28,Sim,Sim,DSL,Não,Não,Sim,Não,Sim,Sim,Mês a mês,Sim,Cartão de crédito,84.65,2187.25,0
Masculino,0,Não,Não,18,Sim,Sim,DSL,Sim,Não,Não,Não,Não,Não,Um ano,Não,Cheque eletrônico,41.36,705.75,0
Feminino,0,Não,Sim,63,Sim,Não,DSL,Não,Não,Sim,Sim,Não,Não,Dois anos,Sim,Cheque eletrônico,57.14,3898.87,0
Feminino,0,Sim,Não,49,Sim,Sim,DSL,Sim,Não,Não,Não,Não,Não,Dois anos,Sim,Cheque eletrônico,105.99,4840.46,0
Feminino,0,Sim,Sim,66,Sim,Sim,Fibra óptica,Sim,Sim,Não,Não,Sim,Não,Dois anos,Sim,Transferência bancária,68.55,4874.35,0
Feminino,1,Sim,Não,40,Sim,Não,Fibra óptica,Não,Não,Não,Não,Não,Não,Mês a mês,Não,Cheque enviado pelo correio,103.87,4469.81,0
Feminino,0,Sim,Sim,66,Sim,Sim,Não,Sem serviço de internet,Sem serviço de internet,Sem serviço de internet,Sem serviço de internet,Sem serviço de internet,Sem serviço de internet,Mês a mês,Não,Transferência bancária,72.64,5174.67,0
Feminino,0,Sim,Não,4,Sim,Sim,Não,Sem serviço de internet,Sem serviço de internet,Sem serviço de internet,Sem serviço de internet,Sem serviço de internet,Sem serviço de internet,Um ano,Não,Cheque enviado pelo correio,79.07,310.26,0
Feminino,0,Sim,Não,34,Sim,Não,Não,Sem serviço de internet,Sem serviço de internet,Sem serviço de internet,Sem serviço de internet,Sem serviço de internet,Sem serviço de internet,Dois anos,Não,Transferência bancária,76.19,2351.62,0
Feminino,0,Não,Sim,5,Sim,Sim,Não,Sem serviço de internet,Sem serviço de internet,Sem serviço de internet,Sem serviço de internet,Sem serviço de internet,Sem serviço de internet,Um ano,Não,Cheque eletrônico,31.63,138.96,0
Feminino,0,Sim,Não,22,Sim,Não,Fibra óptica,Não,Não,Sim,Não,Sim,Sim,Mês a mês,Sim,Cheque enviado pelo correio,22.95,458.56,0
Masculino,1,Sim,Não,20,Não,Sem serviço telefônico,Fibra óptica,Não,Sim,Não,Sim,Não,Não,Dois anos,Sim,Transferência bancária,89.82,1791.44,0
Feminino,0,Não,Sim,47,Sim,Não,Não,Sem serviço de internet,Sem serviço de internet,Sem serviço de internet,Sem serviço de internet,Sem serviço de internet,Sem serviço de internet,Dois anos,Sim,Cheque eletrônico,78.59,3428.94,0
Feminino,0,Não,Não,34,Sim,Sim,Não,Sem serviço de internet,Sem serviço de internet,Sem serviço de internet,Sem serviço de internet,Sem serviço de internet,Sem serviço de internet,Mês a mês,Sim,Cheque eletrônico,52.85,1990.27,1
Feminino,0,Não,Não,44,Sim,Sim,Fibra óptica,Não,Não,Sim,Não,Não,Não,Mês a mês,Sim,Cheque eletrônico,76.79,3615.24,1
Feminino,0,Não,Não,6,Sim,Sim,Fibra óptica,Não,Não,Não,Não,Sim,Não,Dois anos,Sim,Cartão de crédito,72.57,466.85,1
Feminino,0,Sim,Sim,56,Sim,Sim,Fibra óptica,Não,Sim,Não,Sim,Sim,Sim,Um ano,Não,Cheque enviado pelo correio,91.59,4815.22,0
Feminino,0,Não,Sim,29,Sim,Não,Não,Sem serviço de internet,Sem serviço de internet,Sem serviço de internet,Sem serviço de internet,Sem serviço de internet,Sem serviço de internet,Mês a mês,Sim,Cheque eletrônico,75.95,2182.76,1
Feminino,0,Não,Não,53,Sim,Não,DSL,Sim,Não,Não,Não,Não,Não,Mês a mês,Não,Transferência bancária,83.91,4626.18,0
Feminino,0,Sim,Sim,1,Sim,Não,DSL,Não,Não,Não,Não,Não,Não,Um ano,Sim,Cheque eletrônico,72.7,71.49,0
Feminino,0,Sim,Sim,59,Sim,Sim,Fibra óptica,Não,Não,Não,Não,Sim,Não,Um ano,Não,Cheque enviado pelo correio,33.87,2174.91,0
Feminino,0,Não,Não,48,Sim,Sim,Fibra óptica,Não,Não,Não,Não,Não,Não,Mês a mês,Sim,Cheque eletrônico,103.65,5110.88,0
Feminino,0,Sim,Não,7,Sim,Sim,Fibra óptica,Sim,Não,Não,Sim,Não,Não,Dois anos,Não,Transferência bancária,58.16,419.03,0
Masculino,0,Sim,Não,32,Sim,Sim,Fibra óptica,Não,Sim,Não,Não,Não,Não,Mês a mês,Sim,Cheque eletrônico,38.68,1073.46,1
Masculino,0,Sim,Não,61,Sim,Sim,Não,Sem serviço de internet,Sem serviço de internet,Sem serviço de internet,Sem serviço de internet,Sem serviço de internet,Sem serviço de internet,Mês a mês,Sim,Cartão de crédito,114.66,7611.86,1
Feminino,0,Sim,Não,57,Sim,Sim,Fibra óptica,Não,Não,Não,Sim,Sim,Sim,Mês a mês,Sim,Transferência bancária,83.3,4211.94,1
Feminino,0,Sim,Não,51,Sim,Sim,Fibra óptica,Sim,Não,Não,Não,Não,Não,Mês a mês,Sim,Cheque eletrônico,110.08,5109.64,1
Masculino,0,Sim,Sim,19,Não,Sem serviço telefônico,Não,Sem serviço de internet,Sem serviço de internet,Sem serviço de internet,Sem serviço de internet,Sem serviço de internet,Sem serviço de internet,Um ano,Não,Cheque enviado pelo correio,42.54,715.66,0
Feminino,0,Sim,Não,27,Não,Sem serviço telefônico,Fibra óptica,Não,Não,Não,Sim,Sim,Não,Mês a mês,Sim,Cheque eletrônico,82.93,2464.4,1
Masculino,0,Sim,Não,63,Não,Sem serviço telefônico,Não,Sem serviço de internet,Sem serviço de internet,Sem serviço de internet,Sem serviço de internet,Sem serviço de internet,Sem serviço de internet,Mês a mês,Sim,Transferência bancária,61.24,4302.99,0
Masculino,0,Não,Não,60,Sim,Sim,Fibra óptica,Não,Não,Sim,Não,Sim,Não,Um ano,Sim,Transferência bancária,22.27,1527.57,0
Masculino,0,Sim,Não,61,Sim,Não,Não,Sem serviço de internet,Sem serviço de internet,Sem serviço de internet,Sem serviço de internet,Sem serviço de internet,Sem serviço de internet,Mês a mês,Sim,Cheque eletrônico,65.45,3591.91,0
Masculino,0,Não,Não,61,Sim,Não,Não,Sem serviço de internet,Sem serviço de internet,Sem serviço de internet,Sem serviço de internet,Sem serviço de internet,Sem serviço de internet,Mês a mês,Não,Transferência bancária,52.45,3535.5,0
Masculino,0,Não,Sim,45,Sim,Sim,Fibra óptica,Não,Não,Não,Não,Sim,Não,Mês a mês,Sim,Cartão de crédito,26.77,1234.21,0
Feminino,0,Não,Sim,21,Sim,Não,Fibra óptica,Não,Não,Não,Não,Sim,Não,Um ano,Sim,Cartão de crédito,92.97,2188.0,0
Masculino,0,Não,Não,44,Sim,Não,Fibra óptica,Sim,Sim,Sim,Não,Sim,Não,Mês a mês,Não,Cheque eletrônico,72.92,3008.61,1
Feminino,0,Sim,Não,1,Sim,Não,DSL,Não,Não,Não,Não,Não,Sim,Mês a mês,Sim,Cheque enviado pelo correio,21.34,19.91,0
Feminino,0,Sim,Sim,44,Sim,Não,DSL,Não,Sim,Não,Sim,Sim,Não,Um ano,Não,Cheque eletrônico,42.31,2032.24,0
Masculino,0,Não,Não,62,Sim,Não,Não,Sem serviço de internet,Sem serviço de internet,Sem serviço de internet,Sem serviço de internet,Sem serviço de internet,Sem serviço de internet,Mês a mês,Não,Transferência bancária,114.76,6576.61,1
Masculino,0,Sim,Não,61,Sim,Sim,Fibra óptica,Não,Sim,Não,Sim,Não,Não,Mês a mês,Sim,Cartão de crédito,89.99,4785.23,1
Feminino,0,Não,Não,50,Sim,Não,Fibra óptica,Sim,Sim,Não,Não,Sim,Não,Mês a mês,Sim,Transferência bancária,110.4,5421.58,1
Masculino,0,Não,Não,41,Sim,Não,Fibra óptica,Não,Não,Não,Não,Sim,Não,Mês a mês,Não,Cartão de crédito,73.78,3120.06,1
Masculino,0,Sim,Sim,33,Sim,Sim,DSL,Não,Sim,Não,Não,Não,Não,Dois anos,Sim,Cheque eletrônico,100.86,3534.65,1
Feminino,0,Não,Não,12,Sim,Não,Não,Sem serviço de internet,Sem serviço de internet,Sem serviço de internet,Sem serviço de internet,Sem serviço de internet,Sem serviço de internet,Um ano,Sim,Cheque eletrônico,68.92,738.05,0
Feminino,0,Não,Não,2,Sim,Não,Fibra óptica,Não,Não,Não,Sim,Não,Sim,Um ano,Não,Cartão de crédito,66.63,133.84,0
Masculino,0,Sim,Sim,21,Não,Sem serviço telefônico,Fibra óptica,Não,Não,Sim,Não,Sim,Não,Dois anos,Não,Cheque enviado pelo correio,37.86,755.3,1
Feminino,0,Sim,Não,14,Sim,Não,Fibra óptica,Não,Não,Sim,Sim,Não,Sim,Mês a mês,Não,Transferência bancária,96.83,1334.83,1
Masculino,0,Não,Não,34,Sim,Não,Fibra óptica,Sim,Não,Não,Sim,Não,Não,Mês a mês,Sim,Cartão de crédito,69.11,2065.07,0
Masculino,0,Não,Sim,64,Sim,Sim,DSL,Não,Não,Não,Sim,Sim,Sim,Um ano,Sim,Transferência bancária,36.4,2497.49,0
Masculino,0,Sim,Não,23,Sim,Não,Fibra óptica,Não,Sim,Não,Sim,Não,Não,Um ano,Não,Transferência bancária,62.17,1490.45,0
Feminino,0,Sim,Sim,50,Sim,Não,Não,Sem serviço de internet,Sem serviço de internet,Sem serviço de internet,Sem serviço de internet,Sem serviço de internet,Sem serviço de internet,Dois anos,Sim,Cheque enviado pelo correio,65.16,3288.07,0
Feminino,0,Não,Não,14,Sim,Sim,Fibra óptica,Sim,Sim,Sim,Sim,Não,Sim,Mês a mês,Sim,Cartão de crédito,21.61,273.54,0
Feminino,0,Não,Não,46,Sim,Não,Não,Sem serviço de internet,Sem serviço de internet,Sem serviço de internet,Sem serviço de internet,Sem serviço de internet,Sem serviço de internet,Um ano,Sim,Transferência bancária,91.63,3801.26,0
Feminino,0,Não,Não,5,Sim,Não,Fibra óptica,Não,Não,Sim,Sim,Não,Não,Um ano,Sim,Transferência bancária,20.01,91.08,0
Feminino,1,Não,Não,66,Sim,Não,Não,Sem serviço de internet,Sem serviço de internet,Sem serviço de internet,Sem serviço de internet,Sem serviço de internet,Sem serviço de internet,Mês a mês,Não,Cheque eletrônico,73.7,5284.13,0
Masculino,0,Sim,Não,22,Sim,Sim,Não,Sem serviço de internet,Sem serviço de internet,Sem serviço de internet,Sem serviço de internet,Sem serviço de internet,Sem serviço de internet,Mês a mês,Sim,Cheque enviado pelo correio,82.55,1740.04,0
Masculino,0,Sim,Não,70,Não,Sem serviço telefônico,Não,Sem serviço de internet,Sem serviço de internet,Sem serviço de internet,Sem serviço de internet,Sem serviço de internet,Sem serviço de internet,Mês a mês,Sim,Cartão de crédito,22.38,1507.84,1
Masculino,0,Não,Não,2,Sim,Não,Não,Sem serviço de internet,Sem serviço de internet,Sem serviço de internet,Sem serviço de internet,Sem serviço de internet,Sem serviço de internet,Dois anos,Não,Cheque enviado pelo correio,50.5,96.62,0
Masculino,0,Não,Não,29,Sim,Sim,Fibra óptica,Não,Não,Não,Não,Sim,Sim,Mês a mês,Não,Cartão de crédito,95.01,2447.47,1
Feminino,0,Sim,Não,61,Sim,Sim,Fibra óptica,Sim,Não,Sim,Sim,Não,Não,Um ano,Sim,Cartão de crédito,32.37,2182.59,0
Masculino,0,Sim,Não,71,Sim,Não,DSL,Não,Não,Não,Não,Não,Não,Mês a mês,Não,Transferência bancária,67.41,4885.1,1
Feminino,0,Não,Sim,16,Não,Sem serviço telefônico,Não,Sem serviço de internet,Sem serviço de internet,Sem serviço de internet,Sem serviço de internet,Sem serviço de internet,Sem serviço de internet,Mês a mês,Sim,Cheque eletrônico,29.38,539.87,1
Masculino,0,Sim,Sim,64,Sim,Sim,Fibra óptica,Sim,Não,Sim,Não,Não,Sim,Dois anos,Sim,Cheque eletrônico,114.03,7335.86,0
Feminino,1,Não,Não,14,Sim,Não,Não,Sem serviço de internet,Sem serviço de internet,Sem serviço de internet,Sem serviço de internet,Sem serviço de internet,Sem serviço de internet,Mês a mês,Não,Cheque enviado pelo correio,41.15,608.8,0
Feminino,0,Sim,Não,43,Não,Sem serviço telefônico,DSL,Não,Sim,Não,Não,Não,Não,Mês a mês,Não,Cheque eletrônico,62.0,2913.84,1
Masculino,0,Sim,Não,43,Sim,Sim,Fibra óptica,Sim,Não,Sim,Não,Não,Sim,Mês a mês,Sim,Cheque enviado pelo correio,60.24,2836.46,0
Masculino,0,Sim,Sim,70,Sim,Não,Fibra óptica,Não,Sim,Sim,Não,Sim,Não,Mês a mês,Não,Transferência bancária,77.94,5354.87,1
Masculino,0,Não,Não,55,Sim,Não,Fibra óptica,Não,Não,Não,Sim,Não,Não,Mês a mês,Não,Cheque enviado pelo correio,50.81,2694.29,1
Masculino,0,Não,Sim,31,Sim,Não,Fibra óptica,Não,Sim,Não,Não,Não,Sim,Dois anos,Sim,Cheque eletrônico,66.02,1830.35,1
Feminino,0,Não,Não,40,Não,Sem serviço telefônico,DSL,Não,Não,Sim,Não,Não,Não,Mês a mês,Sim,Cartão de crédito,110.21,4764.69,0
Masculino,0,Não,Não,27,Sim,Sim,Fibra óptica,Não,Sim,Não,Não,Sim,Sim,Um ano,Sim,Cheque enviado pelo correio,23.77,666.04,0
Masculino,0,Sim,Sim,52,Sim,Sim,DSL,Não,Não,Não,Não,Não,Sim,Mês a mês,Não,Cheque eletrônico,19.48,912.83,1
Feminino,0,Sim,Não,7,Sim,Sim,DSL,Sim,Não,Não,Não,Sim,Sim,Dois anos,Sim,Cheque eletrônico,117.74,823.36,0
Masculino,0,Não,Não,46,Sim,Sim,Não,Sem serviço de internet,Sem serviço de internet,Sem serviço de internet,Sem serviço de internet,Sem serviço de internet,Sem serviço de internet,Mês a mês,Não,Cheque enviado pelo correio,64.76,3041.34,0
Masculino,1,Não,Sim,33,Sim,Sim,DSL,Não,Não,Sim,Sim,Não,Não,Mês a mês,Não,Transferência bancária,51.23,1875.77,0
Masculino,0,Não,Não,8,Sim,Sim,DSL,Sim,Não,Não,Não,Sim,Sim,Um ano,Não,Cheque enviado pelo correio,39.6,277.46,1
Masculino,0,Não,Não,5,Sim,Sim,Não,Sem serviço de internet,Sem serviço de internet,Sem serviço de internet,Sem serviço de internet,Sem serviço de internet,Sem serviço de internet,Mês a mês,Não,Transferência bancária,85.98,386.28,1
Masculino,0,Sim,Sim,61,Sim,Sim,Fibra óptica,Não,Sim,Sim,Não,Não,Não,Um ano,Sim,Cartão de crédito,80.62,4967.77,0
Feminino,0,Sim,Não,72,Sim,Não,Fibra óptica,Não,Sim,Sim,Não,Não,Sim,Dois anos,Não,Cheque enviado pelo correio,44.22,2749.98,0
Masculino,1,Não,Sim,60,Sim,Sim,Não,Sem serviço de internet,Sem serviço de internet,Sem serviço de internet,Sem serviço de internet,Sem serviço de internet,Sem serviço de internet,Mês a mês,Não,Cheque eletrônico,42.31,2449.9,0
Masculino,0,Sim,Não,24,Sim,Sim,Fibra óptica,Não,Não,Sim,Não,Não,Sim,Dois anos,Sim,Cheque enviado pelo correio,101.28,2077.6,0
Masculino,0,Sim,Não,7,Sim,Não,Fibra óptica,Não,Não,Não,Não,Não,Sim,Mês a mês,Sim,Transferência bancária,91.9,596.5,1
Masculino,0,Não,Não,61,Sim,Sim,Fibra óptica,Sim,Não,Não,Sim,Sim,Não,Mês a mês,Sim,Cheque eletrônico,94.39,5172.86,0
Masculino,1,Sim,Sim,36,Sim,Sim,Fibra óptica,Não,Sim,Não,Não,Não,Sim,Mês a mês,Sim,Cheque eletrônico,63.57,2141.56,1
Feminino,0,Não,Sim,27,Não,Sem serviço telefônico,DSL,Não,Não,Não,Não,Não,Não,Dois anos,Sim,Cheque enviado pelo correio,49.01,1429.33,0
Masculino,0,Sim,Não,29,Sim,Não,Fibra óptica,Sim,Não,Não,Não,Sim,Sim,Mês a mês,Sim,Transferência bancária,67.78,1875.58,1
Feminino,0,Não,Não,20,Sim,Não,DSL,Não,Não,Sim,Não,Sim,Sim,Mês a mês,Sim,Cheque eletrônico,77.38,1729.91,0
Feminino,0,Não,Não,70,Sim,Sim,Não,Sem serviço de internet,Sem serviço de internet,Sem serviço de internet,Sem serviço de internet,Sem serviço de internet,Sem serviço de internet,Um ano,Sim,Cheque enviado pelo correio,90.26,5895.31,0
Masculino,0,Não,Sim,3,Sim,Não,DSL,Não,Não,Sim,Não,Não,Não,Dois anos,Não,Transferência bancária,63.94,170.43,0
Masculino,1,Sim,Não,39,Sim,Sim,DSL,Não,Não,Não,Não,Não,Não,Dois anos,Não,Cheque enviado pelo correio,87.51,2962.43,0
Masculino,0,Sim,Não,45,Sim,Sim,Fibra óptica,Não,Não,Sim,Não,Sim,Não,Dois anos,Sim,Cheque eletrônico,70.08,3619.14,1
Masculino,0,Sim,Não,68,Sim,Sim,Fibra óptica,Sim,Não,Não,Sim,Sim,Sim,Dois anos,Sim,Cheque enviado pelo correio,34.14,2040.17,0
Feminino,0,Sim,Não,31,Sim,Não,Fibra óptica,Não,Não,Não,Não,Não,Não,Mês a mês,Não,Cheque enviado pelo correio,25.62,761.22,1
Masculino,0,Não,Não,38,Sim,Sim,DSL,Sim,Não,Sim,Sim,Não,Sim,Mês a mês,Sim,Cheque eletrônico,74.09,3108.57,0
Masculino,0,Sim,Sim,6,Sim,Não,DSL,Sim,Não,Sim,Sim,Não,Sim,Dois anos,Não,Cartão de crédito,64.35,354.45,0
Masculino,1,Sim,Não,8,Sim,Não,DSL,Não,Sim,Sim,Não,Não,Não,Dois anos,Sim,Transferência bancária,56.07,390.0,0
Masculino,0,Sim,Sim,28,Não,Sem serviço telefônico,Não,Sem serviço de internet,Sem serviço de internet,Sem serviço de internet,Sem serviço de internet,Sem serviço de internet,Sem serviço de internet,Mês a mês,Não,Cartão de crédito,75.01,2126.51,0
Masculino,0,Não,Não,15,Sim,Não,Fibra óptica,Não,Não,Não,Não,Não,Não,Mês a mês,Sim,Cheque eletrônico,88.1,1137.13,1
Masculino,0,Sim,Não,8,Sim,Não,Fibra óptica,Não,Sim,Sim,Não,Sim,Não,Um ano,Não,Cartão de crédito,41.16,350.97,1
Feminino,0,Não,Não,54,Sim,Não,DSL,Sim,Sim,Sim,Não,Não,Não,Mês a mês,Sim,Cheque enviado pelo correio,72.52,4033.94,0
Feminino,0,Não,Não,6,Sim,Sim,DSL,Não,Não,Não,Não,Sim,Não,Mês a mês,Sim,Cheque eletrônico,39.93,220.3,1
Masculino,0,Não,Não,29,Sim,Não,Fibra óptica,Não,Não,Sim,Sim,Sim,Não,Dois anos,Sim,Cartão de crédito,82.02,2372.35,1
Masculino,0,Não,Não,34,Sim,Não,Fibra óptica,Não,Não,Não,Não,Não,Não,Mês a mês,Sim,Cheque eletrônico,73.58,2131.46,0
Masculino,0,Sim,Sim,7,Sim,Não,Não,Sem serviço de internet,Sem serviço de internet,Sem serviço de internet,Sem serviço de internet,Sem serviço de internet,Sem serviço de internet,Mês a mês,Sim,Transferência bancária,88.02,623.91,0
Feminino,0,Não,Não,40,Não,Sem serviço telefônico,DSL,Não,Não,Não,Não,Sim,Não,Um ano,Sim,Cartão de crédito,101.55,4397.05,0
Masculino,0,Não,Não,13,Sim,Não,Fibra óptica,Não,Sim,Não,Não,Não,Não,Dois anos,Sim,Cartão de crédito,50.65,571.2,0
Feminino,0,Não,Não,62,Sim,Não,Não,Sem serviço de internet,Sem serviço de internet,Sem serviço de internet,Sem serviço de internet,Sem serviço de internet,Sem serviço de internet,Mês a mês,Sim,Cheque eletrônico,107.28,6103.61,1
Masculino,1,Não,Sim,65,Sim,Sim,Fibra óptica,Sim,Não,Não,Não,Sim,Sim,Mês a mês,Não,Cartão de crédito,25.66,1729.78,0
Masculino,0,Sim,Sim,41,Sim,Não,Não,Sem serviço de internet,Sem serviço de internet,Sem serviço de internet,Sem serviço de internet,Sem serviço de internet,Sem serviço de internet,Mês a mês,Não,Transferência bancária,81.56,2890.51,1
Masculino,0,Sim,Não,42,Sim,Não,Fibra óptica,Sim,Não,Sim,Não,Não,Sim,Mês a mês,Sim,Cartão de crédito,48.63,2235.68,1
Masculino,0,Não,Não,66,Sim,Sim,DSL,Não,Sim,Não,Sim,Sim,Sim,Mês a mês,Não,Transferência bancária,92.74,5798.5,0
Feminino,0,Não,Sim,11,Não,Sem serviço telefônico,DSL,Não,Não,Não,Não,Não,Não,Mês a mês,Não,Transferência bancária,18.77,188.57,1
Feminino,0,Sim,Sim,50,Sim,Sim,DSL,Não,Não,Não,Sim,Sim,Não,Mês a mês,Sim,Transferência bancária,101.05,5585.7,1
Masculino,0,Sim,Sim,71,Sim,Não,Fibra óptica,Sim,Não,Sim,Não,Não,Sim,Um ano,Sim,Cheque enviado pelo correio,101.29,7524.54,0
Masculino,0,Sim,Não,35,Sim,Não,DSL,Sim,Sim,Não,Não,Sim,Não,Mês a mês,Sim,Cartão de crédito,66.35,2600.09,1
Feminino,0,Não,Não,20,Sim,Sim,Fibra óptica,Não,Sim,Sim,Não,Não,Sim,Mês a mês,Não,Cheque eletrônico,110.94,2146.01,0
Feminino,0,Não,Não,28,Sim,Sim,Fibra óptica,Não,Sim,Sim,Não,Não,Não,Mês a mês,Sim,Cheque eletrônico,59.66,1910.94,1
Feminino,0,Não,Sim,37,Sim,Sim,Fibra óptica,Sim,Sim,Sim,Sim,Sim,Não,Mês a mês,Sim,Transferência bancária,108.49,4562.05,0
Feminino,1,Sim,Não,3,Sim,Não,DSL,Não,Sim,Não,Não,Não,Não,Dois anos,Sim,Transferência bancária,18.06,55.32,1
Masculino,0,Sim,Sim,59,Sim,Sim,Fibra óptica,Sim,Sim,Não,Não,Não,Sim,Um ano,Sim,Cartão de crédito,58.72,3701.03,0
Feminino,0,Sim,Não,27,Sim,Sim,Fibra óptica,Sim,Não,Não,Não,Não,Não,Dois anos,Sim,Transferência bancária,23.89,620.32,0
Masculino,0,Sim,Não,32,Não,Sem serviço telefônico,Fibra óptica,Não,Sim,Não,Sim,Sim,Sim,Mês a mês,Sim,Cheque eletrônico,37.08,1029.24,0
Feminino,0,Não,Não,48,Sim,Não,Fibra óptica,Sim,Não,Sim,Não,Não,Sim,Um ano,Não,Cartão de crédito,61.86,2817.82,0
Feminino,0,Sim,Não,46,Sim,Não,DSL,Sim,Sim,Não,Não,Não,Sim,Mês a mês,Sim,Cheque eletrônico,86.2,3676.34,1
Feminino,0,Não,Não,47,Sim,Sim,DSL,Não,Não,Não,Não,Não,Sim,Dois anos,Sim,Cheque enviado pelo correio,49.03,2051.69,0
Feminino,1,Não,Não,40,Sim,Sim,Fibra óptica,Não,Sim,Sim,Não,Não,Não,Mês a mês,Não,Transferência bancária,41.2,1640.73,0
Feminino,1,Não,Não,3,Não,Sem serviço telefônico,Não,Sem serviço de internet,Sem serviço de internet,Sem serviço de internet,Sem serviço de internet,Sem serviço de internet,Sem serviço de internet,Mês a mês,Não,Transferência bancária,103.06,349.42,0
Masculino,0,Sim,Sim,29,Sim,Não,DSL,Sim,Sim,Sim,Não,Sim,Não,Mês a mês,Sim,Cheque enviado pelo correio,23.46,758.69,0
Masculino,0,Sim,Não,58,Sim,Sim,Não,Sem serviço de internet,Sem serviço de internet,Sem serviço de internet,Sem serviço de internet,Sem serviço de internet,Sem serviço de internet,Mês a mês,Não,Cheque eletrônico,102.54,5557.99,0
Feminino,1,Sim,Sim,50,Sim,Sim,DSL,Não,Não,Não,Sim,Sim,Sim,Mês a mês,Sim,Cheque eletrônico,20.64,1186.73,0
Feminino,0,Não,Não,10,Sim,Não,Fibra óptica,Não,Sim,Não,Não,Sim,Sim,Dois anos,Sim,Cartão de crédito,18.96,212.95,1
Masculino,1,Não,Sim,61,Sim,Sim,DSL,Não,Sim,Não,Não,Sim,Não,Mês a mês,Sim,Cheque enviado pelo correio,111.62,5979.28,1
Feminino,0,Sim,Sim,61,Sim,Sim,Fibra óptica,Não,Não,Não,Não,Não,Sim,Mês a mês,Sim,Transferência bancária,52.05,2929.82,0
Feminino,0,Sim,Não,23,Sim,Não,DSL,Não,Sim,Não,Não,Não,Sim,Mês a mês,Sim,Transferência bancária,34.48,752.39,0
Masculino,0,Não,Não,6,Sim,Sim,Não,Sem serviço de internet,Sem serviço de internet,Sem serviço de internet,Sem serviço de internet,Sem serviço de internet,Sem serviço de internet,Dois anos,Não,Transferência bancária,36.51,200.89,0
Feminino,0,Não,Não,60,Não,Sem serviço telefônico,Fibra óptica,Não,Sim,Não,Não,Sim,Não,Mês a mês,Sim,Transferência bancária,82.68,4426.56,1
Feminino,0,Não,Sim,27,Sim,Não,Fibra óptica,Não,Sim,Sim,Sim,Sim,Sim,Mês a mês,Não,Cheque eletrônico,100.64,2637.07,1
Masculino,0,Sim,Sim,55,Sim,Sim,Fibra óptica,Não,Sim,Não,Não,Não,Não,Mês a mês,Sim,Cheque eletrônico,62.99,3558.91,1
Masculino,0,Sim,Não,31,Sim,Não,DSL,Não,Não,Não,Não,Sim,Não,Mês a mês,Não,Cheque eletrônico,40.56,1357.0,0
Masculino,0,Sim,Não,30,Sim,Não,DSL,Não,Não,Sim,Sim,Sim,Sim,Um ano,Sim,Transferência bancária,49.27,1654.19,0
Feminino,0,Sim,Não,67,Sim,Não,Fibra óptica,Sim,Sim,Sim,Sim,Sim,Sim,Mês a mês,Não,Cheque eletrônico,37.93,2445.59,1
Masculino,0,Não,Não,13,Sim,Não,Fibra óptica,Não,Não,Não,Sim,Não,Sim,Mês a mês,Não,Cheque eletrônico,37.06,500.89,1
Masculino,0,Sim,Não,59,Sim,Não,DSL,Não,Não,Não,Não,Não,Sim,Mês a mês,Sim,Cartão de crédito,73.86,4326.13,0
Masculino,0,Sim,Não,54,Sim,Não,DSL,Sim,Sim,Sim,Não,Sim,Não,Dois anos,Sim,Transferência bancária,70.65,4040.89,0
Masculino,0,Não,Não,21,Sim,Não,DSL,Não,Sim,Sim,Sim,Sim,Sim,Dois anos,Não,Cheque enviado pelo correio,85.43,1918.87,0
Masculino,1,Sim,Não,43,Sim,Não,Fibra óptica,Não,Não,Sim,Não,Não,Não,Um ano,Sim,Cheque eletrônico,35.51,1306.15,0
Masculino,1,Não,Sim,11,Sim,Não,DSL,Sim,Não,Sim,Não,Não,Sim,Dois anos,Sim,Cheque enviado pelo correio,22.04,256.51,0
Feminino,0,Sim,Sim,67,Sim,Não,Fibra óptica,Não,Não,Não,Não,Sim,Não,Dois anos,Não,Cheque enviado pelo correio,74.71,4329.38,0
Feminino,0,Não,Não,38,Sim,Não,Fibra óptica,Sim,Sim,Não,Não,Não,Não,Um ano,Não,Cheque enviado pelo correio,105.91,3694.5,0
Masculino,0,Sim,Sim,24,Sim,Não,DSL,Sim,Não,Não,Não,Sim,Não,Mês a mês,Não,Cheque enviado pelo correio,89.21,2006.54,1
Masculino,1,Não,Sim,51,Não,Sem serviço telefônico,DSL,Não,Sim,Sim,Não,Sim,Não,Mês a mês,Não,Cheque eletrônico,40.05,2105.67,0
Masculino,0,Sim,Não,61,Sim,Sim,Fibra óptica,Não,Não,Não,Não,Sim,Sim,Um ano,Sim,Cheque eletrônico,60.38,3424.25,0
Feminino,0,Sim,Não,46,Sim,Sim,Fibra óptica,Não,Sim,Não,Sim,Não,Sim,Mês a mês,Sim,Cheque eletrônico,39.56,1807.67,0
Feminino,0,Não,Não,43,Sim,Não,Não,Sem serviço de internet,Sem serviço de internet,Sem serviço de internet,Sem serviço de internet,Sem serviço de internet,Sem serviço de internet,Mês a mês,Sim,Cheque enviado pelo correio,34.91,1545.47,0
Feminino,0,Sim,Não,27,Sim,Não,Fibra óptica,Não,Não,Não,Não,Não,Sim,Mês a mês,Não,Cartão de crédito,105.69,3251.11,1
Feminino,0,Sim,Não,30,Sim,Sim,Não,Sem serviço de internet,Sem serviço de internet,Sem serviço de internet,Sem serviço de internet,Sem serviço de internet,Sem serviço de internet,Dois anos,Sim,Cheque enviado pelo correio,33.24,1041.02,0
Feminino,0,Não,Não,63,Sim,Não,Não,Sem serviço de internet,Sem serviço de internet,Sem serviço de internet,Sem serviço de internet,Sem serviço de internet,Sem serviço de internet,Mês a mês,Não,Cheque eletrônico,87.67,5879.3,0
Feminino,1,Não,Sim,10,Sim,Sim,DSL,Não,Sim,Não,Não,Não,Sim,Dois anos,Não,Transferência bancária,53.15,506.9,0
Feminino,1,Sim,Não,3,Sim,Sim,DSL,Não,Não,Não,Não,Não,Sim,Dois anos,Sim,Cheque eletrônico,43.86,128.92,1
Feminino,0,Sim,Não,60,Sim,Não,DSL,Não,Não,Sim,Não,Não,Sim,Dois anos,Não,Cheque eletrônico,111.29,5946.85,0
Feminino,0,Sim,Não,27,Sim,Sim,Fibra óptica,Não,Não,Não,Não,Não,Sim,Dois anos,Sim,Cheque eletrônico,106.36,2734.94,0
Masculino,0,Sim,Não,45,Sim,Sim,DSL,Não,Não,Não,Não,Não,Sim,Dois anos,Sim,Cheque eletrônico,40.63,1596.07,0
Masculino,0,Não,Não,62,Sim,Não,Não,Sem serviço de internet,Sem serviço de internet,Sem serviço de internet,Sem serviço de internet,Sem serviço de internet,Sem serviço de internet,Mês a mês,Não,Cheque enviado pelo correio,59.18,3527.81,0
Masculino,0,Não,Não,24,Sim,Sim,DSL,Não,Não,Não,Não,Sim,Sim,Mês a mês,Sim,Transferência bancária,88.53,2274.73,0
Masculino,0,Sim,Não,46,Sim,Não,Não,Sem serviço de internet,Sem serviço de internet,Sem serviço de internet,Sem serviço de internet,Sem serviço de internet,Sem serviço de internet,Mês a mês,Não,Transferência bancária,99.27,4838.53,0
Feminino,0,Não,Não,44,Sim,Sim,Não,Sem serviço de internet,Sem serviço de internet,Sem serviço de internet,Sem serviço de internet,Sem serviço de internet,Sem serviço de internet,Mês a mês,Sim,Cheque enviado pelo correio,61.84,2777.27,0
Feminino,0,Não,Não,63,Sim,Não,Fibra óptica,Não,Não,Não,Não,Não,Sim,Dois anos,Sim,Cartão de crédito,109.4,6849.46,0
Masculino,0,Não,Não,4,Sim,Não,DSL,Não,Sim,Não,Sim,Não,Sim,Dois anos,Sim,Cheque eletrônico,59.71,262.09,0
Feminino,0,Sim,Não,16,Sim,Não,DSL,Não,Sim,Sim,Não,Sim,Não,Dois anos,Não,Cheque enviado pelo correio,28.7,526.14,0
Masculino,0,Sim,Não,51,Sim,Sim,Não,Sem serviço de internet,Sem serviço de internet,Sem serviço de internet,Sem serviço de internet,Sem serviço de internet,Sem serviço de internet,Mês a mês,Não,Transferência bancária,116.25,6805.26,0
Feminino,1,Não,Sim,48,Sim,Não,Fibra óptica,Não,Sim,Sim,Não,Não,Não,Mês a mês,Não,Cheque eletrônico,111.01,4557.89,1
Masculino,1,Sim,Sim,65,Sim,Sim,DSL,Não,Não,Sim,Não,Sim,Sim,Um ano,Não,Cheque enviado pelo correio,95.3,5467.81,0
Feminino,1,Sim,Não,69,Sim,Sim,Fibra óptica,Não,Sim,Não,Não,Sim,Não,Um ano,Sim,Cheque eletrônico,107.24,7089.25,0
Feminino,0,Sim,Não,45,Sim,Sim,Fibra óptica,Não,Sim,Não,Sim,Não,Não,Dois anos,Não,Cheque eletrônico,82.71,3871.84,0
Masculino,0,Sim,Sim,3,Sim,Não,Fibra óptica,Não,Não,Sim,Não,Não,Não,Mês a mês,Não,Cheque eletrônico,58.2,181.36,1
Feminino,0,Não,Não,17,Não,Sem serviço telefônico,Não,Sem serviço de internet,Sem serviço de internet,Sem serviço de internet,Sem serviço de internet,Sem serviço de internet,Sem serviço de internet,Mês a mês,Sim,Cartão de crédito,55.47,1046.52,0
Masculino,1,Não,Não,37,Sim,Não,DSL,Não,Não,Não,Não,Sim,Sim,Dois anos,Não,Transferência bancária,48.61,1817.96,0
Masculino,0,Sim,Não,5,Sim,Não,DSL,Não,Não,Não,Sim,Não,Sim,Um ano,Sim,Transferência bancária,86.5,399.61,0
Masculino,0,Sim,Sim,47,Sim,Sim,Fibra óptica,Sim,Sim,Não,Sim,Sim,Sim,Dois anos,Sim,Cheque eletrônico,47.7,2005.17,0
Masculino,0,Não,Não,44,Sim,Não,DSL,Sim,Não,Não,Sim,Não,Não,Mês a mês,Sim,Cheque enviado pelo correio,52.2,2293.49,0
Feminino,0,Sim,Não,33,Sim,Sim,Não,Sem serviço de internet,Sem serviço de internet,Sem serviço de internet,Sem serviço de internet,Sem serviço de internet,Sem serviço de internet,Um ano,Sim,Transferência bancária,67.93,2563.95,0
Feminino,0,Não,Não,21,Sim,Sim,Fibra óptica,Não,Sim,Sim,Sim,Não,Não,Um ano,Sim,Transferência bancária,62.6,1352.76,0
Feminino,0,Não,Sim,67,Sim,Sim,Não,Sem serviço de internet,Sem serviço de internet,Sem serviço de internet,Sem serviço de internet,Sem serviço de internet,Sem serviço de internet,Dois anos,Sim,Cheque enviado pelo correio,22.86,1342.11,0
Masculino,0,Sim,Não,68,Sim,Sim,Fibra óptica,Não,Sim,Sim,Não,Não,Não,Dois anos,Não,Cartão de crédito,61.0,3583.87,0
Feminino,0,Não,Sim,32,Sim,Não,Não,Sem serviço de internet,Sem serviço de internet,Sem serviço de internet,Sem serviço de internet,Sem serviço de internet,Sem serviço de internet,Mês a mês,Sim,Cheque eletrônico,66.91,2268.45,0
Masculino,1,Não,Não,24,Sim,Sim,DSL,Não,Não,Sim,Não,Não,Não,Mês a mês,Não,Cartão de crédito,73.73,1877.18,0
Feminino,0,Sim,Sim,35,Sim,Sim,Fibra óptica,Não,Não,Não,Não,Não,Sim,Mês a mês,Não,Cheque enviado pelo correio,104.94,3781.59,0
Feminino,0,Sim,Não,18,Sim,Não,Fibra óptica,Não,Sim,Não,Não,Sim,Sim,Dois anos,Não,Transferência bancária,52.8,1009.52,0
Feminino,0,Não,Sim,67,Sim,Sim,Fibra óptica,Sim,Não,Não,Sim,Sim,Não,Mês a mês,Não,Cheque enviado pelo correio,88.05,5476.5,1
Masculino,1,Sim,Sim,54,Sim,Sim,Fibra óptica,Sim,Não,Sim,Não,Sim,Não,Dois anos,Sim,Cheque enviado pelo correio,109.7,5858.19,0
Feminino,0,Não,Não,26,Sim,Não,DSL,Não,Sim,Não,Não,Sim,Não,Mês a mês,Não,Cheque eletrônico,111.12,2932.81,0
Feminino,1,Não,Não,60,Sim,Sim,Fibra óptica,Não,Não,Sim,Não,Não,Sim,Mês a mês,Não,Cheque enviado pelo correio,111.9,5895.26,1
Masculino,0,Sim,Não,65,Sim,Não,Não,Sem serviço de internet,Sem serviço de internet,Sem serviço de internet,Sem serviço de internet,Sem serviço de internet,Sem serviço de internet,Mês a mês,Não,Cheque eletrônico,101.96,7483.09,1
Feminino,1,Sim,Não,51,Sim,Sim,DSL,Não,Não,Não,Não,Não,Sim,Dois anos,Sim,Cheque enviado pelo correio,73.6,3968.08,1
Masculino,1,Não,Não,60,Sim,Sim,Não,Sem serviço de internet,Sem serviço de internet,Sem serviço de internet,Sem serviço de internet,Sem serviço de internet,Sem serviço de internet,Um ano,Sim,Transferência bancária,88.68,5911.77,0
Feminino,0,Sim,Sim,59,Sim,Não,DSL,Não,Não,Não,Sim,Não,Sim,Mês a mês,Sim,Cheque eletrônico,24.88,1303.03,0
Masculino,0,Não,Não,17,Sim,Sim,DSL,Não,Não,Sim,Sim,Não,Sim,Mês a mês,Não,Transferência bancária,36.66,616.02,0
Masculino,0,Não,Não,21,Sim,Sim,Fibra óptica,Não,Sim,Não,Não,Não,Não,Mês a mês,Não,Transferência bancária,117.01,2703.4,0
Feminino,0,Não,Não,67,Sim,Sim,DSL,Sim,Não,Sim,Não,Não,Não,Mês a mês,Não,Cartão de crédito,20.52,1463.56,1
Masculino,0,Sim,Sim,28,Sim,Sim,DSL,Não,Não,Sim,Não,Não,Sim,Mês a mês,Sim,Cheque eletrônico,21.0,601.75,1
Masculino,0,Não,Não,44,Sim,Não,Não,Sem serviço de internet,Sem serviço de internet,Sem serviço de internet,Sem serviço de internet,Sem serviço de internet,Sem serviço de internet,Um ano,Sim,Cheque eletrônico,41.84,1571.74,0
Masculino,0,Não,Sim,70,Sim,Sim,Fibra óptica,Não,Sim,Não,Não,Não,Não,Um ano,Não,Cheque enviado pelo correio,74.4,5280.34,0
Masculino,0,Não,Não,62,Sim,Sim,DSL,Não,Sim,Não,Não,Não,Não,Mês a mês,Não,Cheque enviado pelo correio,37.88,2232.26,0
Masculino,0,Sim,Sim,42,Sim,Não,DSL,Não,Não,Não,Não,Não,Sim,Dois anos,Não,Cheque enviado pelo correio,28.24,1022.78,0
Masculino,0,Não,Sim,22,Sim,Sim,DSL,Não,Não,Não,Não,Sim,Sim,Mês a mês,Sim,Cheque enviado pelo correio,32.6,669.48,0
Feminino,0,Não,Não,38,Sim,Sim,Fibra óptica,Não,Não,Não,Não,Sim,Não,Dois anos,Não,Cartão de crédito,64.27,2648.4,0
Masculino,0,Sim,Não,14,Sim,Não,DSL,Não,Não,Sim,Sim,Não,Não,Um ano,Sim,Cheque eletrônico,70.93,1136.42,0
Masculino,0,Não,Não,26,Sim,Não,Não,Sem serviço de internet,Sem serviço de internet,Sem serviço de internet,Sem serviço de internet,Sem serviço de internet,Sem serviço de internet,Dois anos,Não,Cartão de crédito,43.12,1091.34,0
Feminino,0,Sim,Sim,40,Sim,Sim,Não,Sem serviço de internet,Sem serviço de internet,Sem serviço de internet,Sem serviço de internet,Sem serviço de internet,Sem serviço de internet,Um ano,Não,Transferência bancária,113.39,3986.27,0
Feminino,1,Sim,Sim,54,Sim,Sim,DSL,Não,Sim,Sim,Não,Sim,Não,Mês a mês,Não,Cartão de crédito,98.99,6012.76,0
Feminino,0,Não,Não,13,Sim,Sim,Não,Sem serviço de internet,Sem serviço de internet,Sem serviço de internet,Sem serviço de internet,Sem serviço de internet,Sem serviço de internet,Mês a mês,Sim,Cartão de crédito,65.02,735.71,0
Feminino,0,Sim,Não,19,Sim,Sim,Não,Sem serviço de internet,Sem serviço de internet,Sem serviço de internet,Sem serviço de internet,Sem serviço de internet,Sem serviço de internet,Mês a mês,Não,Transferência bancária,34.63,622.54,1
Feminino,0,Não,Sim,42,Sim,Sim,DSL,Sim,Não,Não,Não,Não,Sim,Dois anos,Não,Cartão de crédito,107.13,4045.72,0
Feminino,0,Não,Não,41,Sim,Sim,DSL,Não,Não,Sim,Não,Sim,Não,Um ano,Sim,Cheque enviado pelo correio,33.45,1269.46,0
Feminino,1,Sim,Sim,50,Sim,Sim,DSL,Não,Não,Sim,Sim,Não,Não,Dois anos,Não,Transferência bancária,86.36,4516.43,0
Masculino,1,Sim,Não,3,Sim,Sim,Fibra óptica,Não,Sim,Não,Não,Sim,Sim,Mês a mês,Sim,Cheque eletrônico,80.53,208.51,1
Masculino,0,Não,Sim,31,Sim,Sim,DSL,Não,Não,Não,Sim,Não,Sim,Mês a mês,Não,Cartão de crédito,106.14,3173.37,1
Feminino,0,Não,Sim,15,Sim,Não,DSL,Sim,Não,Não,Não,Não,Sim,Mês a mês,Não,Cheque eletrônico,49.81,636.13,1
Masculino,0,Não,Sim,54,Sim,Sim,Fibra óptica,Não,Não,Sim,Não,Sim,Sim,Mês a mês,Sim,Cartão de crédito,42.77,2250.39,0
Masculino,0,Não,Sim,53,Sim,Sim,Não,Sem serviço de internet,Sem serviço de internet,Sem serviço de internet,Sem serviço de internet,Sem serviço de internet,Sem serviço de internet,Dois anos,Não,Cheque eletrônico,60.44,3167.92,0
Masculino,1,Sim,Sim,45,Sim,Sim,Fibra óptica,Sim,Sim,Sim,Sim,Sim,Sim,Mês a mês,Sim,Cheque eletrônico,106.22,5256.3,1
Feminino,0,Sim,Não,38,Sim,Sim,Fibra óptica,Sim,Sim,Não,Não,Sim,Sim,Mês a mês,Sim,Transferência bancária,31.61,1203.6,0
Feminino,0,Não,Sim,50,Sim,Não,DSL,Não,Sim,Não,Não,Sim,Sim,Mês a mês,Sim,Cheque eletrônico,112.73,5058.09,1
Masculino,0,Não,Sim,24,Não,Sem serviço telefônico,DSL,Não,Não,Não,Não,Não,Não,Dois anos,Não,Cheque enviado pelo correio,84.15,2081.17,0
Feminino,1,Sim,Sim,17,Não,Sem serviço telefônico,Fibra óptica,Sim,Não,Não,Não,Sim,Não,Mês a mês,Não,Cheque enviado pelo correio,25.5,401.12,1
Masculino,0,Não,Não,18,Sim,Sim,Fibra óptica,Não,Sim,Não,Não,Não,Não,Um ano,Sim,Cheque enviado pelo correio,78.48,1417.14,0
Masculino,0,Não,Não,42,Sim,Não,Fibra óptica,Sim,Não,Não,Não,Não,Sim,Mês a mês,Não,Cartão de crédito,71.04,2776.71,1
Masculino,0,Não,Não,17,Sim,Sim,Fibra óptica,Não,Sim,Sim,Sim,Sim,Não,Mês a mês,Não,Transferência bancária,80.93,1271.4,1
Masculino,0,Sim,Não,16,Sim,Não,Fibra óptica,Não,Sim,Sim,Sim,Sim,Não,Mês a mês,Não,Transferência bancária,67.45,1173.48,1
Feminino,0,Não,Sim,52,Sim,Sim,DSL,Não,Não,Não,Não,Não,Sim,Dois anos,Sim,Cartão de crédito,97.77,5095.46,0
Feminino,1,Não,Sim,36,Sim,Não,Fibra óptica,Sim,Sim,Não,Não,Não,Sim,Um ano,Sim,Transferência bancária,101.83,3970.52,0
Feminino,0,Não,Não,39,Sim,Sim,Fibra óptica,Não,Sim,Não,Não,Não,Sim,Mês a mês,Sim,Transferência bancária,73.84,2821.45,0
Masculino,0,Não,Não,25,Sim,Sim,DSL,Não,Sim,Não,Sim,Sim,Sim,Mês a mês,Sim,Cheque enviado pelo correio,27.34,642.91,1
Feminino,0,Não,Não,42,Sim,Sim,Fibra óptica,Não,Não,Não,Não,Não,Sim,Mês a mês,Não,Cartão de crédito,68.16,2890.69,1
Masculino,0,Não,Não,21,Sim,Não,Fibra óptica,Não,Não,Não,Sim,Sim,Não,Mês a mês,Não,Transferência bancária,27.49,634.3,0
Feminino,0,Não,Não,68,Não,Sem serviço telefônico,Fibra óptica,Sim,Não,Sim,Sim,Sim,Sim,Um ano,Sim,Cartão de crédito,20.26,1215.2,0
Masculino,0,Sim,Não,59,Sim,Não,Fibra óptica,Não,Não,Não,Não,Sim,Não,Mês a mês,Sim,Cheque eletrônico,61.08,4113.44,0
Masculino,0,Sim,Sim,30,Sim,Sim,Não,Sem serviço de internet,Sem serviço de internet,Sem serviço de internet,Sem serviço de internet,Sem serviço de internet,Sem serviço de internet,Mês a mês,Sim,Cheque eletrônico,114.99,3463.46,1
Masculino,1,Não,Sim,57,Sim,Não,Fibra óptica,Sim,Não,Não,Sim,Não,Não,Mês a mês,Não,Cheque enviado pelo correio,35.06,1976.84,0
Feminino,0,Sim,Não,33,Sim,Sim,Não,Sem serviço de internet,Sem serviço de internet,Sem serviço de internet,Sem serviço de internet,Sem serviço de internet,Sem serviço de internet,Mês a mês,Não,Transferência bancária,98.38,3704.06,0
Feminino,0,Sim,Sim,53,Sim,Não,Fibra óptica,Não,Não,Não,Sim,Sim,Sim,Mês a mês,Não,Cartão de crédito,19.0,962.62,0
Feminino,0,Sim,Não,16,Sim,Sim,DSL,Não,Sim,Não,Não,Não,Não,Mês a mês,Sim,Cartão de crédito,27.19,423.1,0
Feminino,0,Sim,Não,49,Sim,Não,Não,Sem serviço de internet,Sem serviço de internet,Sem serviço de internet,Sem serviço de internet,Sem serviço de internet,Sem serviço de internet,Mês a mês,Sim,Cheque eletrônico,101.83,4442.99,1
Masculino,0,Sim,Não,5,Sim,Não,Não,Sem serviço de internet,Sem serviço de internet,Sem serviço de internet,Sem serviço de internet,Sem serviço de internet,Sem serviço de internet,Mês a mês,Não,Transferência bancária,56.06,312.81,0
Feminino,0,Sim,Sim,60,Sim,Não,Fibra óptica,Não,Não,Sim,Não,Não,Não,Mês a mês,Sim,Cheque eletrônico,114.85,7883.83,0
Feminino,0,Não,Não,71,Sim,Sim,Fibra óptica,Não,Não,Não,Sim,Sim,Não,Mês a mês,Sim,Cheque enviado pelo correio,24.18,1540.43,1
Masculino,0,Não,Não,55,Sim,Sim,DSL,Não,Não,Não,Não,Sim,Não,Mês a mês,Sim,Cheque eletrônico,51.5,3214.2,0
Masculino,0,Não,Não,35,Sim,Não,DSL,Não,Não,Sim,Não,Não,Não,Um ano,Não,Cheque eletrônico,76.3,2276.51,1
Masculino,0,Sim,Sim,69,Sim,Não,Não,Sem serviço de internet,Sem serviço de internet,Sem serviço de internet,Sem serviço de internet,Sem serviço de internet,Sem serviço de internet,Dois anos,Não,Cheque eletrônico,86.6,6400.06,0
Feminino,1,Não,Sim,42,Sim,Sim,Fibra óptica,Sim,Não,Não,Não,Sim,Não,Um ano,Não,Cheque eletrônico,68.64,3011.48,0
Masculino,0,Não,Não,69,Sim,Não,Fibra óptica,Não,Não,Não,Sim,Não,Sim,Mês a mês,Não,Cheque eletrônico,102.3,6131.47,0
Masculino,0,Não,Não,24,Sim,Não,DSL,Não,Não,Não,Não,Não,Não,Mês a mês,Sim,Cartão de crédito,84.29,1744.09,1
Masculino,0,Sim,Não,71,Sim,Sim,Fibra óptica,Sim,Não,Sim,Não,Sim,Não,Dois anos,Não,Transferência bancária,111.74,6880.76,0
Feminino,0,Sim,Não,71,Sim,Não,Fibra óptica,Não,Não,Não,Não,Não,Não,Mês a mês,Não,Cheque eletrônico,96.1,7518.34,1
Masculino,0,Não,Não,55,Sim,Não,Fibra óptica,Sim,Sim,Não,Não,Sim,Sim,Dois anos,Sim,Cheque enviado pelo correio,114.58,6376.16,0
Feminino,0,Não,Não,14,Sim,Não,Fibra óptica,Não,Não,Sim,Não,Sim,Não,Um ano,Não,Cheque eletrônico,91.7,1393.37,0
Feminino,0,Não,Sim,55,Sim,Sim,Não,Sem serviço de internet,Sem serviço de internet,Sem serviço de internet,Sem serviço de internet,Sem serviço de internet,Sem serviço de internet,Um ano,Não,Transferência bancária,41.96,2526.08,0
Masculino,0,Não,Não,15,Sim,Sim,Fibra óptica,Não,Não,Não,Não,Sim,Não,Mês a mês,Sim,Cartão de crédito,69.84,1106.14,0
Masculino,0,Sim,Sim,5,Sim,Sim,Não,Sem serviço de internet,Sem serviço de internet,Sem serviço de internet,Sem serviço de internet,Sem serviço de internet,Sem serviço de internet,Dois anos,Sim,Cheque enviado pelo correio,52.69,298.99,0
Feminino,0,Não,Sim,4,Não,Sem serviço telefônico,DSL,Sim,Sim,Não,Não,Não,Não,Mês a mês,Sim,Cartão de crédito,64.41,221.64,0
Masculino,1,Sim,Sim,30,Sim,Não,Não,Sem serviço de internet,Sem serviço de internet,Sem serviço de internet,Sem serviço de internet,Sem serviço de internet,Sem serviço de internet,Mês a mês,Sim,Cheque eletrônico,66.57,1846.12,1
Masculino,0,Não,Não,53,Sim,Não,DSL,Sim,Não,Sim,Não,Não,Sim,Um ano,Sim,Transferência bancária,113.1,5912.95,0
Feminino,0,Não,Sim,30,Sim,Sim,Não,Sem serviço de internet,Sem serviço de internet,Sem serviço de internet,Sem serviço de internet,Sem serviço de internet,Sem serviço de internet,Mês a mês,Sim,Cheque enviado pelo correio,92.07,2993.91,1
Feminino,0,Não,Sim,61,Sim,Não,DSL,Sim,Não,Não,Não,Sim,Não,Mês a mês,Sim,Cartão de crédito,94.31,5510.15,0
Masculino,0,Sim,Não,71,Sim,Sim,Fibra óptica,Sim,Sim,Sim,Não,Não,Não,Mês a mês,Sim,Cheque eletrônico,108.34,7468.31,1
Feminino,0,Sim,Sim,68,Sim,Não,Fibra óptica,Não,Sim,Sim,Não,Sim,Não,Mês a mês,Sim,Cheque eletrônico,18.87,1355.46,0
Masculino,0,Não,Não,55,Sim,Não,Não,Sem serviço de internet,Sem serviço de internet,Sem serviço de internet,Sem serviço de internet,Sem serviço de internet,Sem serviço de internet,Um ano,Sim,Cheque enviado pelo correio,91.93,4787.08,0
Masculino,0,Não,Não,71,Sim,Não,DSL,Não,Não,Sim,Não,Não,Sim,Mês a mês,Sim,Transferência bancária,92.43,7467.54,0
Masculino,0,Não,Não,42,Sim,Não,Fibra óptica,Não,Não,Sim,Sim,Não,Não,Dois anos,Não,Cheque eletrônico,66.78,2673.68,0
Feminino,0,Não,Sim,29,Sim,Sim,DSL,Sim,Sim,Não,Não,Sim,Não,Dois anos,Sim,Cartão de crédito,48.37,1426.88,0
Masculino,0,Sim,Sim,35,Sim,Não,Fibra óptica,Não,Sim,Não,Não,Sim,Sim,Mês a mês,Não,Cheque enviado pelo correio,23.1,694.88,1
Masculino,1,Não,Não,45,Sim,Sim,Não,Sem serviço de internet,Sem serviço de internet,Sem serviço de internet,Sem serviço de internet,Sem serviço de internet,Sem serviço de internet,Mês a mês,Sim,Cheque enviado pelo correio,114.86,4936.51,0
Masculino,0,Não,Não,29,Sim,Não,DSL,Não,Sim,Sim,Sim,Sim,Sim,Mês a mês,Sim,Cheque enviado pelo correio,67.29,1690.37,0
Feminino,1,Não,Sim,70,Sim,Sim,Fibra óptica,Não,Sim,Sim,Sim,Não,Sim,Mês a mês,Sim,Cheque enviado pelo correio,29.69,2310.29,0
Feminino,0,Sim,Não,3,Sim,Não,Fibra óptica,Não,Não,Não,Não,Não,Não,Mês a mês,Sim,Cheque enviado pelo correio,84.81,279.03,1
Feminino,0,Não,Não,57,Sim,Não,DSL,Sim,Não,Não,Sim,Não,Sim,Mês a mês,Não,Cheque eletrônico,96.13,5085.35,0
Feminino,1,Sim,Sim,66,Sim,Sim,Não,Sem serviço de internet,Sem serviço de internet,Sem serviço de internet,Sem serviço de internet,Sem serviço de internet,Sem serviço de internet,Mês a mês,Não,Cheque eletrônico,110.04,8342.79,1
Feminino,0,Não,Não,22,Sim,Não,DSL,Não,Sim,Sim,Não,Não,Sim,Mês a mês,Não,Cheque enviado pelo correio,66.67,1465.92,0
Masculino,1,Não,Sim,27,Sim,Não,DSL,Sim,Sim,Não,Não,Não,Não,Mês a mês,Não,Transferência bancária,98.92,2425.53,0
Feminino,0,Sim,Não,22,Sim,Sim,DSL,Não,Não,Não,Não,Sim,Não,Mês a mês,Sim,Cheque enviado pelo correio,103.58,2131.85,0
Feminino,0,Sim,Não,49,Sim,Não,Fibra óptica,Não,Não,Sim,Não,Sim,Sim,Dois anos,Sim,Cheque eletrônico,39.34,1818.96,0
Feminino,1,Não,Sim,24,Sim,Sim,Não,Sem serviço de internet,Sem serviço de internet,Sem serviço de internet,Sem serviço de internet,Sem serviço de internet,Sem serviço de internet,Mês a mês,Não,Cheque enviado pelo correio,60.0,1290.72,0
Masculino,0,Não,Não,27,Sim,Não,DSL,Não,Não,Sim,Não,Não,Não,Mês a mês,Sim,Cheque enviado pelo correio,78.4,2137.83,0
Feminino,1,Sim,Não,36,Sim,Não,Fibra óptica,Sim,Não,Não,Não,Não,Não,Dois anos,Não,Cheque eletrônico,71.8,2360.72,0
Feminino,1,Sim,Não,17,Sim,Não,Fibra óptica,Sim,Não,Não,Não,Não,Sim,Dois anos,Não,Cheque enviado pelo correio,117.48,1748.61,0
Masculino,0,Não,Não,56,Sim,Sim,DSL,Não,Sim,Não,Sim,Não,Não,Um ano,Sim,Cartão de crédito,55.27,3557.79,0
Feminino,0,Não,Não,10,Sim,Sim,Fibra óptica,Não,Não,Sim,Não,Não,Sim,Mês a mês,Sim,Cheque eletrônico,104.72,1122.64,1
Masculino,0,Sim,Não,54,Sim,Não,Fibra óptica,Não,Não,Sim,Sim,Não,Sim,Mês a mês,Sim,Cheque eletrônico,37.45,2264.91,0
Masculino,0,Não,Sim,38,Sim,Não,DSL,Não,Sim,Sim,Não,Não,Não,Mês a mês,Não,Transferência bancária,108.82,3574.77,0
Masculino,0,Sim,Sim,4,Sim,Não,DSL,Sim,Sim,Sim,Não,Não,Sim,Mês a mês,Sim,Transferência bancária,19.34,73.52,0
Masculino,0,Sim,Não,50,Sim,Sim,Fibra óptica,Não,Sim,Sim,Não,Não,Não,Mês a mês,Não,Transferência bancária,91.0,4222.95,1
Masculino,0,Sim,Não,61,Sim,Não,Fibra óptica,Não,Não,Sim,Não,Não,Não,Mês a mês,Não,Cheque enviado pelo correio,64.69,4403.46,1
Feminino,0,Não,Sim,21,Sim,Sim,DSL,Não,Sim,Não,Não,Sim,Não,Um ano,Sim,Cheque eletrônico,18.82,446.88,0
Masculino,1,Sim,Não,36,Não,Sem serviço telefônico,Não,Sem serviço de internet,Sem serviço de internet,Sem serviço de internet,Sem serviço de internet,Sem serviço de internet,Sem serviço de internet,Um ano,Sim,Cheque eletrônico,107.44,3786.98,0
Masculino,0,Não,Não,46,Sim,Sim,Fibra óptica,Sim,Sim,Sim,Não,Sim,Não,Um ano,Não,Cheque eletrônico,84.53,3851.06,0
Feminino,0,Sim,Não,71,Não,Sem serviço telefônico,Fibra óptica,Não,Não,Não,Sim,Sim,Não,Mês a mês,Não,Cheque eletrônico,90.61,7369.0,1
Masculino,0,Não,Sim,44,Sim,Sim,Fibra óptica,Não,Não,Sim,Não,Não,Não,Dois anos,Sim,Transferência bancária,79.2,3426.26,0
Feminino,0,Não,Não,64,Sim,Sim,Fibra óptica,Sim,Sim,Não,Não,Sim,Sim,Mês a mês,Não,Transferência bancária,109.73,6950.5,1
Feminino,0,Não,Não,18,Não,Sem serviço telefônico,Fibra óptica,Sim,Sim,Sim,Não,Sim,Sim,Mês a mês,Sim,Transferência bancária,99.69,1971.29,1
Feminino,0,Não,Não,13,Não,Sem serviço telefônico,DSL,Não,Não,Não,Sim,Sim,Sim,Mês a mês,Sim,Transferência bancária,47.61,677.42,1
Masculino,1,Não,Sim,13,Sim,Não,DSL,Não,Sim,Sim,Não,Não,Sim,Um ano,Sim,Cartão de crédito,52.03,603.45,0
Masculino,0,Não,Não,25,Sim,Não,DSL,Sim,Não,Não,Não,Não,Não,Mês a mês,Não,Cartão de crédito,30.73,816.6,0
Masculino,0,Sim,Não,5,Sim,Sim,Fibra óptica,Não,Não,Não,Sim,Sim,Não,Mês a mês,Sim,Cheque eletrônico,22.78,118.6,1
Feminino,1,Sim,Não,39,Sim,Não,DSL,Sim,Sim,Não,Sim,Não,Sim,Um ano,Sim,Cheque eletrônico,95.98,4037.19,0
Masculino,1,Não,Sim,29,Sim,Não,Fibra óptica,Sim,Não,Não,Não,Não,Sim,Dois anos,Sim,Transferência bancária,51.01,1499.74,0
Masculino,0,Sim,Não,57,Sim,Sim,Fibra óptica,Sim,Sim,Não,Não,Sim,Sim,Mês a mês,Sim,Cartão de crédito,72.06,4706.58,1
Masculino,0,Sim,Sim,46,Sim,Sim,Não,Sem serviço de internet,Sem serviço de internet,Sem serviço de internet,Sem serviço de internet,Sem serviço de internet,Sem serviço de internet,Dois anos,Sim,Cheque enviado pelo correio,88.54,4249.27,0
Feminino,0,Não,Sim,33,Sim,Sim,Fibra óptica,Não,Não,Não,Não,Não,Sim,Dois anos,Sim,Cheque eletrônico,89.66,2859.74,1
Feminino,0,Sim,Sim,10,Não,Sem serviço telefônico,Fibra óptica,Não,Não,Não,Sim,Sim,Não,Mês a mês,Sim,Transferência bancária,104.6,1126.41,1
Masculino,0,Não,Sim,58,Sim,Sim,DSL,Sim,Sim,Não,Não,Não,Sim,Um ano,Não,Cheque enviado pelo correio,99.23,4916.79,0
Masculino,0,Sim,Não,25,Sim,Não,DSL,Sim,Não,Não,Não,Não,Sim,Dois anos,Sim,Cheque eletrônico,87.21,2066.58,0
Masculino,1,Não,Sim,39,Sim,Não,Fibra óptica,Não,Não,Não,Sim,Não,Não,Um ano,Sim,Transferência bancária,38.46,1491.68,0
Masculino,0,Não,Não,16,Sim,Sim,Fibra óptica,Não,Sim,Sim,Não,Não,Sim,Mês a mês,Sim,Cheque enviado pelo correio,101.39,1597.95,0
Feminino,0,Não,Não,60,Sim,Não,DSL,Sim,Não,Não,Não,Sim,Não,Um ano,Sim,Transferência bancária,28.97,1563.98,0
Feminino,0,Sim,Não,28,Sim,Não,Não,Sem serviço de internet,Sem serviço de internet,Sem serviço de internet,Sem serviço de internet,Sem serviço de internet,Sem serviço de internet,Um ano,Sim,Transferência bancária,41.2,1064.08,0
Feminino,0,Não,Não,44,Sim,Sim,Não,Sem serviço de internet,Sem serviço de internet,Sem serviço de internet,Sem serviço de internet,Sem serviço de internet,Sem serviço de internet,Mês a mês,Não,Cartão de crédito,51.41,2564.59,0
Feminino,0,Não,Não,58,Sim,Sim,Não,Sem serviço de internet,Sem serviço de internet,Sem serviço de internet,Sem serviço de internet,Sem serviço de internet,Sem serviço de internet,Mês a mês,Sim,Transferência bancária,74.51,4832.68,1
Masculino,0,Não,Não,32,Sim,Não,Fibra óptica,Sim,Não,Não,Não,Sim,Não,Mês a mês,Não,Cartão de crédito,112.4,3224.75,0
Masculino,0,Não,Não,63,Sim,Sim,Fibra óptica,Sim,Sim,Não,Sim,Não,Não,Um ano,Sim,Cheque enviado pelo correio,75.42,4585.91,0
Masculino,0,Sim,Não,45,Sim,Não,Fibra óptica,Não,Não,Sim,Não,Não,Não,Mês a mês,Não,Cheque enviado pelo correio,83.38,3399.03,0
Feminino,0,Não,Não,53,Sim,Sim,Fibra óptica,Não,Não,Não,Sim,Não,Não,Mês a mês,Sim,Cheque eletrônico,76.73,4386.75,0
Masculino,0,Não,Não,61,Sim,Não,Fibra óptica,Sim,Não,Não,Não,Sim,Sim,Dois anos,Sim,Cheque eletrônico,26.5,1489.37,0
Feminino,0,Sim,Não,50,Sim,Não,DSL,Sim,Não,Não,Não,Sim,Não,Dois anos,Não,Transferência bancária,48.12,2104.26,0
Feminino,0,Não,Não,27,Sim,Sim,Fibra óptica,Não,Não,Não,Não,Não,Não,Dois anos,Sim,Cheque eletrônico,110.54,3316.76,0
Masculino,0,Não,Sim,26,Sim,Sim,Fibra óptica,Não,Não,Não,Não,Sim,Sim,Um ano,Sim,Transferência bancária,41.7,1160.8,1
Masculino,1,Não,Sim,3,Não,Sem serviço telefônico,DSL,Sim,Não,Sim,Não,Não,Não,Mês a mês,Não,Transferência bancária,59.33,193.03,1
Masculino,0,Sim,Não,39,Sim,Não,Fibra óptica,Não,Sim,Não,Sim,Sim,Não,Um ano,Sim,Cheque eletrônico,76.19,3217.66,0
Feminino,0,Não,Sim,65,Sim,Não,Fibra óptica,Não,Não,Não,Sim,Sim,Não,Mês a mês,Não,Cheque enviado pelo correio,93.43,6081.51,1
Masculino,1,Não,Não,35,Sim,Não,DSL,Não,Não,Não,Não,Não,Não,Mês a mês,Não,Cartão de crédito,74.5,2761.43,0
Feminino,1,Não,Sim,53,Não,Sem serviço telefônico,Fibra óptica,Não,Sim,Sim,Não,Sim,Não,Dois anos,Sim,Cartão de crédito,62.42,3471.39,0
Masculino,0,Não,Não,46,Sim,Sim,DSL,Não,Não,Não,Não,Não,Não,Mês a mês,Sim,Cheque enviado pelo correio,87.88,4610.61,0
Feminino,0,Não,Não,68,Sim,Não,Não,Sem serviço de internet,Sem serviço de internet,Sem serviço de internet,Sem serviço de internet,Sem serviço de internet,Sem serviço de internet,Mês a mês,Sim,Transferência bancária,79.01,4592.51,0
Feminino,0,Não,Sim,22,Sim,Sim,DSL,Não,Sim,Sim,Não,Sim,Sim,Mês a mês,Sim,Cheque eletrônico,68.92,1564.55,1
Masculino,0,Não,Não,60,Sim,Sim,DSL,Não,Não,Sim,Não,Não,Sim,Mês a mês,Não,Cheque eletrônico,76.92,4011.32,0
Feminino,0,Sim,Não,6,Sim,Não,Fibra óptica,Não,Não,Sim,Sim,Sim,Não,Mês a mês,Não,Cartão de crédito,58.68,389.25,1
Feminino,0,Sim,Não,52,Sim,Não,Não,Sem serviço de internet,Sem serviço de internet,Sem serviço de internet,Sem serviço de internet,Sem serviço de internet,Sem serviço de internet,Mês a mês,Sim,Cheque enviado pelo correio,69.24,3296.34,0
Masculino,0,Sim,Não,29,Sim,Sim,Fibra óptica,Sim,Sim,Não,Não,Não,Não,Mês a mês,Sim,Cheque eletrônico,62.89,1709.7,0
Feminino,0,Sim,Sim,43,Sim,Sim,Não,Sem serviço de internet,Sem serviço de internet,Sem serviço de internet,Sem serviço de internet,Sem serviço de internet,Sem serviço de internet,Mês a mês,Não,Cheque eletrônico,117.8,4562.42,0
Masculino,0,Sim,Não,34,Sim,Não,DSL,Não,Não,Não,Sim,Não,Sim,Mês a mês,Sim,Cartão de crédito,23.57,821.52,0
Feminino,0,Sim,Sim,31,Sim,Sim,Não,Sem serviço de internet,Sem serviço de internet,Sem serviço de internet,Sem serviço de internet,Sem serviço de internet,Sem serviço de internet,Dois anos,Não,Cartão de crédito,83.85,2871.69,0
Masculino,0,Não,Não,46,Sim,Sim,Não,Sem serviço de internet,Sem serviço de internet,Sem serviço de internet,Sem serviço de internet,Sem serviço de internet,Sem serviço de internet,Mês a mês,Não,Transferência bancária,42.23,1855.13,0
Masculino,0,Sim,Não,4,Sim,Não,DSL,Sim,Sim,Sim,Não,Não,Sim,Mês a mês,Sim,Cheque eletrônico,55.28,190.53,1
Feminino,0,Sim,Não,2,Sim,Sim,Fibra óptica,Sim,Sim,Sim,Não,Não,Não,Mês a mês,Não,Transferência bancária,36.97,70.59,1
Feminino,0,Sim,Não,5,Sim,Sim,DSL,Sim,Sim,Não,Sim,Sim,Não,Um ano,Sim,Cartão de crédito,93.21,520.02,0
Feminino,0,Não,Não,46,Sim,Sim,Não,Sem serviço de internet,Sem serviço de internet,Sem serviço de internet,Sem serviço de internet,Sem serviço de internet,Sem serviço de internet,Dois anos,Sim,Cartão de crédito,46.73,2229.92,0
Feminino,1,Sim,Sim,19,Não,Sem serviço telefônico,DSL,Sim,Sim,Não,Não,Não,Sim,Mês a mês,Sim,Cheque enviado pelo correio,83.42,1597.24,0
Feminino,0,Sim,Não,38,Sim,Não,Não,Sem serviço de internet,Sem serviço de internet,Sem serviço de internet,Sem serviço de internet,Sem serviço de internet,Sem serviço de internet,Mês a mês,Não,Cheque eletrônico,74.85,2541.27,1
Masculino,0,Sim,Não,59,Sim,Sim,DSL,Não,Sim,Sim,Não,Não,Não,Dois anos,Sim,Cartão de crédito,60.86,3657.94,0
Feminino,1,Não,Sim,72,Sim,Sim,Não,Sem serviço de internet,Sem serviço de internet,Sem serviço de internet,Sem serviço de internet,Sem serviço de internet,Sem serviço de internet,Mês a mês,Sim,Cartão de crédito,52.09,3561.09,0
Masculino,0,Não,Não,20,Sim,Não,DSL,Não,Não,Não,Não,Sim,Não,Mês a mês,Não,Cheque enviado pelo correio,87.95,1941.42,1
Masculino,0,Não,Não,68,Sim,Não,Fibra óptica,Não,Não,Não,Não,Não,Sim,Um ano,Não,Transferência bancária,71.74,4810.61,0
Feminino,1,Sim,Sim,53,Sim,Não,DSL,Não,Sim,Sim,Não,Não,Não,Um ano,Sim,Cheque enviado pelo correio,22.71,1192.39,0
Masculino,0,Não,Não,55,Sim,Não,Fibra óptica,Sim,Não,Não,Sim,Não,Não,Um ano,Sim,Cheque enviado pelo correio,91.91,5593.55,0
Masculino,0,Não,Não,39,Sim,Não,DSL,Sim,Não,Sim,Não,Sim,Não,Mês a mês,Não,Cheque eletrônico,93.67,3746.45,1
Masculino,0,Sim,Sim,36,Não,Sem serviço telefônico,DSL,Sim,Não,Não,Não,Sim,Sim,Um ano,Não,Cheque eletrônico,59.86,1884.17,1
Masculino,0,Sim,Não,58,Sim,Não,Fibra óptica,Sim,Sim,Não,Não,Não,Sim,Um ano,Não,Cartão de crédito,19.96,1034.07,0
Feminino,0,Sim,Não,15,Sim,Sim,Fibra óptica,Não,Não,Não,Não,Não,Não,Mês a mês,Sim,Cheque eletrônico,37.09,612.81,0
Masculino,0,Não,Não,1,Sim,Não,Fibra óptica,Não,Não,Não,Não,Sim,Não,Um ano,Não,Cheque eletrônico,75.41,80.13,0
Feminino,0,Sim,Não,9,Não,Sem serviço telefônico,Fibra óptica,Não,Não,Não,Não,Não,Não,Mês a mês,Sim,Cheque eletrônico,93.63,868.52,1
Feminino,0,Sim,Não,23,Sim,Não,DSL,Não,Não,Não,Sim,Sim,Sim,Mês a mês,Sim,Cheque eletrônico,26.51,688.5,1
Masculino,0,Não,Não,52,Sim,Sim,DSL,Não,Não,Sim,Não,Não,Não,Mês a mês,Sim,Cheque eletrônico,85.29,4799.64,0
Feminino,0,Não,Sim,26,Sim,Sim,Não,Sem serviço de internet,Sem serviço de internet,Sem serviço de internet,Sem serviço de internet,Sem serviço de internet,Sem serviço de internet,Mês a mês,Sim,Transferência bancária,68.13,1918.87,0
Feminino,0,Não,Não,60,Sim,Não,Fibra óptica,Não,Sim,Não,Não,Sim,Não,Um ano,Não,Cheque eletrônico,41.46,2762.36,1
Feminino,0,Não,Sim,18,Sim,Não,DSL,Não,Não,Sim,Sim,Não,Não,Mês a mês,Sim,Cheque eletrônico,66.6,1230.4,0
Masculino,0,Não,Não,58,Sim,Sim,Fibra óptica,Sim,Não,Não,Sim,Não,Não,Um ano,Não,Cheque enviado pelo correio,24.36,1519.8,0
Feminino,0,Não,Não,65,Sim,Não,Fibra óptica,Sim,Não,Sim,Sim,Sim,Não,Mês a mês,Sim,Transferência bancária,83.92,4714.95,0
Feminino,0,Sim,Sim,69,Sim,Sim,DSL,Não,Não,Não,Não,Não,Não,Mês a mês,Sim,Cheque eletrônico,30.57,2231.59,0
Feminino,0,Sim,Não,14,Sim,Não,Fibra óptica,Não,Sim,Sim,Não,Não,Não,Mês a mês,Não,Cheque enviado pelo correio,20.3,315.75,0
Masculino,1,Não,Não,46,Sim,Não,Fibra óptica,Sim,Não,Não,Sim,Sim,Sim,Mês a mês,Sim,Cheque enviado pelo correio,20.66,1073.8,0
Feminino,0,Não,Sim,69,Sim,Não,Fibra óptica,Não,Sim,Não,Não,Sim,Não,Mês a mês,Sim,Cheque enviado pelo correio,89.11,5478.81,1
Masculino,0,Não,Sim,32,Sim,Não,DSL,Sim,Não,Não,Não,Sim,Não,Um ano,Sim,Transferência bancária,42.39,1559.46,1
Masculino,0,Sim,Não,51,Sim,Não,DSL,Não,Não,Não,Não,Não,Não,Mês a mês,Sim,Transferência bancária,71.03,3770.27,0
Masculino,1,Sim,Sim,69,Sim,Sim,Não,Sem serviço de internet,Sem serviço de internet,Sem serviço de internet,Sem serviço de internet,Sem serviço de internet,Sem serviço de internet,Um ano,Não,Cheque enviado pelo correio,22.59,1451.83,0
Masculino,0,Sim,Não,15,Sim,Sim,Fibra óptica,Não,Não,Não,Não,Não,Não,Um ano,Sim,Cheque eletrônico,22.46,315.17,0
Masculino,0,Não,Não,53,Sim,Sim,DSL,Não,Não,Sim,Sim,Não,Sim,Mês a mês,Sim,Transferência bancária,102.82,5812.77,0
Masculino,0,Não,Não,71,Sim,Sim,DSL,Não,Sim,Não,Não,Não,Não,Dois anos,Sim,Cheque eletrônico,88.75,5902.77,0
Feminino,0,Não,Sim,69,Não,Sem serviço telefônico,Não,Sem serviço de internet,Sem serviço de internet,Sem serviço de internet,Sem serviço de internet,Sem serviço de internet,Sem serviço de internet,Mês a mês,Não,Cheque enviado pelo correio,29.05,1954.47,0
Masculino,0,Não,Não,15,Sim,Não,DSL,Sim,Não,Sim,Não,Não,Não,Mês a mês,Não,Cheque eletrônico,72.79,1209.36,0
Feminino,0,Sim,Sim,30,Sim,Sim,Fibra óptica,Não,Sim,Não,Não,Sim,Sim,Dois anos,Sim,Cheque eletrônico,33.29,941.77,0
Feminino,1,Sim,Não,24,Sim,Não,DSL,Não,Não,Não,Não,Sim,Não,Mês a mês,Não,Transferência bancária,95.9,2594.59,1
Masculino,0,Sim,Não,35,Sim,Não,Fibra óptica,Não,Sim,Não,Não,Não,Não,Mês a mês,Sim,Cartão de crédito,84.83,3110.13,0
Feminino,0,Não,Não,69,Sim,Não,DSL,Não,Não,Sim,Não,Sim,Sim,Mês a mês,Sim,Cheque eletrônico,112.64,6991.47,1
Feminino,1,Sim,Não,12,Sim,Não,DSL,Não,Não,Sim,Não,Sim,Não,Um ano,Não,Transferência bancária,74.44,825.36,0
Feminino,0,Não,Não,46,Sim,Sim,Fibra óptica,Não,Não,Sim,Não,Não,Sim,Mês a mês,Sim,Cheque eletrônico,57.24,2536.59,1
Feminino,0,Não,Não,69,Sim,Não,Fibra óptica,Sim,Não,Não,Não,Não,Não,Mês a mês,Não,Cheque enviado pelo correio,87.57,6772.06,1
Masculino,0,Sim,Sim,36,Sim,Não,Fibra óptica,Não,Não,Não,Não,Sim,Sim,Mês a mês,Sim,Cartão de crédito,77.45,2842.74,0
Feminino,0,Sim,Não,48,Não,Sem serviço telefônico,Não,Sem serviço de internet,Sem serviço de internet,Sem serviço de internet,Sem serviço de internet,Sem serviço de internet,Sem serviço de internet,Um ano,Sim,Cheque eletrônico,58.92,2442.44,0
Masculino,0,Sim,Sim,67,Sim,Não,Não,Sem serviço de internet,Sem serviço de internet,Sem serviço de internet,Sem serviço de internet,Sem serviço de internet,Sem serviço de internet,Dois anos,Sim,Cartão de crédito,60.0,4232.45,0
Feminino,0,Não,Não,54,Sim,Sim,Fibra óptica,Sim,Não,Não,Não,Não,Não,Dois anos,Sim,Transferência bancária,32.97,1619.71,0
Feminino,0,Sim,Não,36,Sim,Sim,Fibra óptica,Não,Não,Sim,Sim,Não,Não,Dois anos,Sim,Transferência bancária,65.73,2104.55,0
Masculino,0,Sim,Não,52,Sim,Não,Fibra óptica,Sim,Não,Sim,Não,Não,Não,Mês a mês,Sim,Cheque eletrônico,33.44,1666.92,0
Feminino,0,Não,Não,22,Sim,Não,Fibra óptica,Não,Não,Sim,Não,Sim,Não,Um ano,Sim,Cheque eletrônico,35.26,849.6,1
Feminino,0,Não,Sim,38,Sim,Não,Fibra óptica,Não,Não,Não,Não,Sim,Sim,Dois anos,Não,Cartão de crédito,33.57,1463.35,0
Feminino,0,Não,Não,62,Não,Sem serviço telefônico,Fibra óptica,Não,Sim,Não,Sim,Sim,Sim,Dois anos,Sim,Cheque eletrônico,66.07,4649.6,0
Masculino,0,Não,Sim,65,Sim,Sim,Não,Sem serviço de internet,Sem serviço de internet,Sem serviço de internet,Sem serviço de internet,Sem serviço de internet,Sem serviço de internet,Mês a mês,Sim,Cheque eletrônico,66.78,3822.98,1
Feminino,0,Não,Sim,3,Sim,Não,DSL,Não,Não,Sim,Não,Não,Sim,Mês a mês,Sim,Transferência bancária,24.37,72.68,1
Masculino,0,Não,Sim,8,Sim,Sim,Fibra óptica,Não,Sim,Não,Sim,Não,Sim,Mês a mês,Sim,Transferência bancária,83.02,634.36,0
Feminino,1,Sim,Não,39,Sim,Sim,Fibra óptica,Não,Não,Não,Não,Não,Não,Mês a mês,Sim,Cheque enviado pelo correio,34.29,1190.24,1
Masculino,0,Sim,Não,18,Sim,Não,DSL,Sim,Sim,Não,Não,Não,Não,Dois anos,Sim,Cartão de crédito,64.25,1047.54,0
Masculino,0,Não,Não,3,Sim,Sim,Fibra óptica,Não,Não,Não,Não,Não,Sim,Um ano,Não,Cartão de crédito,78.84,239.11,1
Feminino,0,Não,Sim,18,Sim,Não,DSL,Não,Não,Sim,Não,Não,Sim,Um ano,Não,Cartão de crédito,23.47,389.8,0
Feminino,0,Não,Não,1,Sim,Não,Fibra óptica,Sim,Não,Sim,Não,Sim,Não,Dois anos,Sim,Cheque eletrônico,73.62,68.07,0
Masculino,0,Não,Não,26,Sim,Sim,Não,Sem serviço de internet,Sem serviço de internet,Sem serviço de internet,Sem serviço de internet,Sem serviço de internet,Sem serviço de internet,Dois anos,Não,Cheque eletrônico,109.7,2947.99,0
Masculino,0,Não,Não,52,Sim,Sim,Fibra óptica,Não,Não,Não,Não,Não,Não,Mês a mês,Sim,Cheque eletrônico,31.54,1474.48,1
Feminino,0,Sim,Sim,12,Sim,Sim,DSL,Não,Sim,Não,Não,Sim,Sim,Mês a mês,Sim,Cheque eletrônico,109.76,1274.23,0
Masculino,0,Sim,Não,38,Não,Sem serviço telefônico,Não,Sem serviço de internet,Sem serviço de internet,Sem serviço de internet,Sem serviço de internet,Sem serviço de internet,Sem serviço de internet,Mês a mês,Sim,Cartão de crédito,99.71,3477.82,0
Feminino,1,Sim,Não,41,Sim,Sim,Fibra óptica,Não,Não,Não,Sim,Não,Não,Dois anos,Sim,Cartão de crédito,71.65,2849.75,0
Feminino,0,Não,Sim,53,Sim,Não,DSL,Não,Não,Sim,Não,Não,Sim,Mês a mês,Sim,Cheque eletrônico,30.52,1510.71,0
Feminino,0,Sim,Não,13,Sim,Não,Fibra óptica,Não,Sim,Sim,Não,Sim,Sim,Mês a mês,Não,Cheque eletrônico,90.35,1222.72,1
Feminino,0,Sim,Sim,13,Sim,Sim,Fibra óptica,Não,Não,Não,Sim,Não,Não,Um ano,Não,Cheque eletrônico,82.75,993.44,1
Masculino,0,Sim,Não,18,Sim,Sim,Fibra óptica,Não,Não,Não,Não,Sim,Sim,Mês a mês,Não,Cheque eletrônico,84.61,1400.4,1
Feminino,0,Sim,Sim,19,Sim,Sim,Fibra óptica,Não,Não,Sim,Sim,Não,Sim,Dois anos,Sim,Cheque enviado pelo correio,30.94,517.6,0
Masculino,0,Sim,Sim,19,Sim,Sim,Fibra óptica,Não,Não,Sim,Não,Sim,Não,Mês a mês,Sim,Cheque enviado pelo correio,66.96,1127.39,1
Feminino,0,Sim,Não,70,Sim,Sim,Fibra óptica,Não,Não,Não,Não,Não,Não,Um ano,Sim,Cheque enviado pelo correio,83.35,6398.35,0
Masculino,0,Não,Não,48,Sim,Sim,Não,Sem serviço de internet,Sem serviço de internet,Sem serviço de internet,Sem serviço de internet,Sem serviço de internet,Sem serviço de internet,Dois anos,Sim,Transferência bancária,64.58,3325.25,0
Feminino,0,Sim,Não,71,Não,Sem serviço telefônico,Não,Sem serviço de internet,Sem serviço de internet,Sem serviço de internet,Sem serviço de internet,Sem serviço de internet,Sem serviço de internet,Dois anos,Sim,Cheque eletrônico,77.02,4863.23,0
Masculino,0,Sim,Não,71,Sim,Sim,Fibra óptica,Não,Não,Não,Não,Não,Sim,Mês a mês,Não,Cartão de crédito,74.44,5666.09,0
Masculino,0,Não,Não,28,Sim,Sim,Fibra óptica,Não,Não,Não,Não,Sim,Não,Dois anos,Não,Cartão de crédito,60.69,1676.13,0
Feminino,0,Não,Não,19,Sim,Não,Fibra óptica,Não,Não,Não,Não,Não,Não,Dois anos,Não,Cheque eletrônico,33.11,596.26,0
Feminino,1,Sim,Não,48,Sim,Não,Fibra óptica,Sim,Não,Não,Sim,Não,Não,Mês a mês,Não,Transferência bancária,99.26,4745.19,1
Feminino,0,Sim,Não,29,Sim,Sim,Fibra óptica,Não,Não,Sim,Não,Não,Não,Mês a mês,Sim,Transferência bancária,82.17,2163.27,1
Feminino,0,Não,Não,48,Sim,Não,DSL,Não,Não,Não,Não,Sim,Sim,Dois anos,Sim,Cheque eletrônico,82.12,3600.46,0
Masculino,0,Sim,Não,19,Sim,Não,Fibra óptica,Não,Sim,Não,Sim,Não,Sim,Um ano,Não,Cheque enviado pelo correio,23.35,446.82,0
Feminino,0,Sim,Sim,47,Sim,Não,Fibra óptica,Sim,Não,Não,Não,Sim,Não,Mês a mês,Não,Transferência bancária,93.42,4687.14,1
Masculino,1,Sim,Não,60,Não,Sem serviço telefônico,DSL,Sim,Não,Sim,Sim,Sim,Não,Dois anos,Não,Transferência bancária,39.64,2585.03,0
Masculino,0,Sim,Sim,48,Sim,Sim,DSL,Sim,Não,Não,Não,Não,Sim,Dois anos,Sim,Cartão de crédito,86.45,4712.54,0
Feminino,0,Não,Não,20,Sim,Não,DSL,Sim,Não,Sim,Não,Não,Não,Mês a mês,Sim,Cheque eletrônico,86.24,1629.23,1
Masculino,0,Não,Não,19,Sim,Não,Fibra óptica,Sim,Não,Não,Sim,Não,Não,Um ano,Sim,Cheque eletrônico,27.07,499.22,0
Masculino,0,Não,Não,42,Sim,Não,DSL,Não,Não,Sim,Não,Não,Não,Um ano,Não,Transferência bancária,71.25,3271.53,0
Masculino,0,Não,Sim,49,Sim,Não,Não,Sem serviço de internet,Sem serviço de internet,Sem serviço de internet,Sem serviço de internet,Sem serviço de internet,Sem serviço de internet,Mês a mês,Sim,Cheque eletrônico,89.08,4285.84,1
Masculino,0,Sim,Não,15,Sim,Sim,DSL,Não,Sim,Não,Não,Não,Sim,Mês a mês,Não,Cheque enviado pelo correio,95.91,1598.07,0
Feminino,0,Não,Sim,60,Sim,Não,DSL,Sim,Não,Não,Não,Não,Sim,Um ano,Sim,Cheque eletrônico,59.26,3481.24,0
Feminino,0,Sim,Não,68,Sim,Não,Fibra óptica,Não,Não,Não,Não,Não,Não,Mês a mês,Não,Cheque eletrônico,20.49,1261.22,0
Feminino,0,Sim,Não,27,Sim,Não,Fibra óptica,Não,Não,Não,Não,Sim,Não,Mês a mês,Sim,Cheque eletrônico,88.19,2136.82,0
Feminino,1,Não,Sim,55,Sim,Sim,Fibra óptica,Sim,Não,Sim,Não,Não,Não,Mês a mês,Sim,Cheque eletrônico,49.31,2946.65,0
Masculino,0,Não,Não,15,Sim,Não,Não,Sem serviço de internet,Sem serviço de internet,Sem serviço de internet,Sem serviço de internet,Sem serviço de internet,Sem serviço de internet,Mês a mês,Não,Cheque eletrônico,41.79,634.51,0
Masculino,0,Sim,Sim,52,Sim,Não,DSL,Não,Não,Não,Não,Sim,Sim,Mês a mês,Sim,Cartão de crédito,97.66,5222.11,0
Feminino,0,Não,Não,31,Sim,Sim,DSL,Não,Sim,Não,Não,Sim,Não,Mês a mês,Sim,Cheque eletrônico,55.74,1773.35,1
Feminino,0,Sim,Não,7,Não,Sem serviço telefônico,DSL,Não,Não,Sim,Não,Não,Não,Dois anos,Não,Transferência bancária,67.16,475.63,0
Feminino,0,Sim,Sim,13,Sim,Não,DSL,Não,Sim,Não,Sim,Sim,Sim,Dois anos,Sim,Cheque eletrônico,56.48,630.46,0
Masculino,0,Sim,Sim,54,Sim,Não,Não,Sem serviço de internet,Sem serviço de internet,Sem serviço de internet,Sem serviço de internet,Sem serviço de internet,Sem serviço de internet,Dois anos,Sim,Cheque enviado pelo correio,108.78,5675.1,0
Feminino,0,Não,Não,13,Não,Sem serviço telefônico,Fibra óptica,Não,Não,Não,Não,Não,Sim,Mês a mês,Sim,Transferência bancária,60.45,800.44,1
Feminino,1,Não,Não,20,Sim,Não,Não,Sem serviço de internet,Sem serviço de internet,Sem serviço de internet,Sem serviço de internet,Sem serviço de internet,Sem serviço de internet,Dois anos,Não,Cheque eletrônico,55.21,1239.76,0
Feminino,0,Não,Sim,10,Sim,Sim,DSL,Não,Não,Não,Não,Sim,Não,Mês a mês,Sim,Cheque eletrônico,39.42,366.81,1
Masculino,0,Sim,Sim,52,Sim,Não,Fibra óptica,Não,Não,Não,Não,Não,Não,Dois anos,Não,Cartão de crédito,62.32,2889.44,0
Masculino,0,Sim,Não,37,Não,Sem serviço telefônico,Fibra óptica,Não,Sim,Não,Sim,Não,Sim,Mês a mês,Sim,Cartão de crédito,67.65,2535.88,0
Masculino,0,Não,Sim,52,Sim,Não,Fibra óptica,Não,Não,Sim,Não,Sim,Não,Mês a mês,Sim,Transferência bancária,84.35,4134.95,1
Masculino,0,Sim,Não,27,Sim,Sim,Fibra óptica,Não,Sim,Não,Sim,Sim,Sim,Mês a mês,Não,Cheque enviado pelo correio,90.99,2594.42,1
Masculino,0,Sim,Não,34,Sim,Não,DSL,Não,Não,Sim,Não,Não,Não,Dois anos,Sim,Transferência bancária,41.55,1448.11,0
Masculino,0,Não,Sim,62,Sim,Não,Fibra óptica,Não,Não,Não,Sim,Não,Sim,Um ano,Não,Cartão de crédito,112.39,7175.39,0
Masculino,1,Não,Não,16,Sim,Sim,DSL,Sim,Não,Sim,Não,Sim,Não,Mês a mês,Sim,Cheque enviado pelo correio,81.19,1327.08,0
Masculino,0,Sim,Não,59,Sim,Sim,Fibra óptica,Sim,Sim,Não,Não,Sim,Não,Mês a mês,Sim,Cheque eletrônico,28.23,1901.8,0
Feminino,0,Sim,Não,21,Sim,Não,DSL,Não,Não,Não,Não,Não,Sim,Um ano,Não,Cartão de crédito,94.47,2054.13,0
Feminino,0,Sim,Não,16,Sim,Não,Não,Sem serviço de internet,Sem serviço de internet,Sem serviço de internet,Sem serviço de internet,Sem serviço de internet,Sem serviço de internet,Mês a mês,Não,Cheque eletrônico,88.1,1420.64,0
Masculino,0,Não,Não,13,Sim,Não,Não,Sem serviço de internet,Sem serviço de internet,Sem serviço de internet,Sem serviço de internet,Sem serviço de internet,Sem serviço de internet,Mês a mês,Não,Cartão de crédito,87.26,972.73,1
Masculino,0,Não,Não,33,Sim,Não,Não,Sem serviço de internet,Sem serviço de internet,Sem serviço de internet,Sem serviço de internet,Sem serviço de internet,Sem serviço de internet,Mês a mês,Sim,Transferência bancária,96.25,2815.38,1
Feminino,0,Não,Sim,54,Sim,Não,DSL,Não,Não,Sim,Não,Não,Não,Mês a mês,Não,Cheque enviado pelo correio,81.95,4904.21,1
Masculino,0,Sim,Não,69,Sim,Não,DSL,Não,Não,Não,Sim,Não,Não,Mês a mês,Não,Transferência bancária,19.69,1544.51,0
Masculino,0,Sim,Não,27,Sim,Sim,Fibra óptica,Não,Não,Não,Não,Não,Sim,Um ano,Sim,Cheque enviado pelo correio,83.93,1951.59,1
Masculino,0,Não,Sim,52,Sim,Sim,DSL,Sim,Não,Sim,Sim,Não,Não,Mês a mês,Sim,Cheque enviado pelo correio,98.09,4501.61,1
Feminino,0,Não,Não,65,Sim,Sim,Fibra óptica,Não,Sim,Não,Não,Não,Não,Mês a mês,Não,Cheque eletrônico,72.75,5244.99,0
Feminino,0,Não,Não,44,Não,Sem serviço telefônico,DSL,Sim,Não,Sim,Não,Sim,Não,Mês a mês,Sim,Cartão de crédito,36.34,1461.4,0
Feminino,0,Sim,Não,30,Sim,Sim,DSL,Sim,Não,Sim,Não,Sim,Sim,Dois anos,Não,Transferência bancária,85.26,2222.07,0
Feminino,0,Não,Sim,23,Sim,Não,DSL,Não,Não,Não,Não,Não,Não,Mês a mês,Sim,Transferência bancária,22.7,578.94,1
Feminino,0,Não,Não,16,Sim,Não,Fibra óptica,Não,Sim,Não,Não,Não,Não,Mês a mês,Sim,Cheque eletrônico,63.99,1108.48,1
Masculino,0,Não,Não,55,Sim,Não,Fibra óptica,Não,Sim,Sim,Sim,Não,Não,Mês a mês,Sim,Cheque eletrônico,65.87,3758.08,0
Feminino,0,Não,Não,18,Sim,Sim,Fibra óptica,Não,Sim,Sim,Sim,Não,Não,Mês a mês,Sim,Cartão de crédito,116.22,1833.09,1
Masculino,0,Sim,Não,17,Sim,Sim,Não,Sem serviço de internet,Sem serviço de internet,Sem serviço de internet,Sem serviço de internet,Sem serviço de internet,Sem serviço de internet,Dois anos,Não,Cheque enviado pelo correio,36.08,637.51,0
Masculino,0,Sim,Não,52,Sim,Sim,Fibra óptica,Não,Sim,Não,Não,Sim,Não,Um ano,Sim,Cheque enviado pelo correio,71.96,3407.28,0
Feminino,0,Sim,Não,45,Sim,Não,Não,Sem serviço de internet,Sem serviço de internet,Sem serviço de internet,Sem serviço de internet,Sem serviço de internet,Sem serviço de internet,Dois anos,Sim,Cheque eletrônico,87.38,4270.82,0
Feminino,0,Não,Sim,56,Sim,Sim,Não,Sem serviço de internet,Sem serviço de internet,Sem serviço de internet,Sem serviço de internet,Sem serviço de internet,Sem serviço de internet,Mês a mês,Sim,Cheque enviado pelo correio,19.47,1145.34,0
Masculino,0,Não,Não,54,Sim,Sim,Não,Sem serviço de internet,Sem serviço de internet,Sem serviço de internet,Sem serviço de internet,Sem serviço de internet,Sem serviço de internet,Um ano,Sim,Transferência bancária,108.34,6237.17,0
Masculino,0,Não,Sim,9,Sim,Sim,DSL,Não,Não,Não,Sim,Não,Não,Mês a mês,Sim,Cheque eletrônico,87.75,775.62,1
Masculino,0,Sim,Não,17,Não,Sem serviço telefônico,Não,Sem serviço de internet,Sem serviço de internet,Sem serviço de internet,Sem serviço de internet,Sem serviço de internet,Sem serviço de internet,Mês a mês,Sim,Cheque eletrônico,80.49,1319.61,0
Feminino,0,Não,Não,27,Sim,Não,Fibra óptica,Não,Sim,Sim,Não,Não,Sim,Dois anos,Não,Cheque enviado pelo correio,82.22,2075.27,0
Feminino,0,Não,Sim,37,Sim,Sim,Fibra óptica,Sim,Não,Sim,Não,Sim,Não,Mês a mês,Sim,Cheque eletrônico,29.52,1238.8,0
Feminino,0,Sim,Não,22,Sim,Sim,Não,Sem serviço de internet,Sem serviço de internet,Sem serviço de internet,Sem serviço de internet,Sem serviço de internet,Sem serviço de internet,Mês a mês,Não,Cartão de crédito,113.8,2211.12,0
Feminino,0,Não,Não,72,Sim,Sim,Fibra óptica,Não,Sim,Sim,Não,Não,Não,Mês a mês,Sim,Transferência bancária,62.17,4363.5,0
Feminino,1,Sim,Sim,67,Sim,Sim,Fibra óptica,Não,Não,Sim,Não,Não,Não,Dois anos,Não,Cheque eletrônico,75.22,5482.78,0
Masculino,0,Sim,Sim,38,Sim,Não,Fibra óptica,Não,Não,Sim,Sim,Sim,Sim,Mês a mês,Não,Cheque eletrônico,43.38,1700.16,0
Feminino,0,Sim,Sim,72,Não,Sem serviço telefônico,Fibra óptica,Não,Não,Não,Sim,Não,Não,Mês a mês,Não,Cheque eletrônico,29.14,2358.62,0
Masculino,0,Não,Sim,44,Sim,Sim,DSL,Não,Não,Não,Sim,Não,Sim,Dois anos,Sim,Cheque enviado pelo correio,96.79,4580.62,0
Masculino,0,Não,Não,36,Não,Sem serviço telefônico,Fibra óptica,Não,Não,Não,Não,Não,Sim,Dois anos,Não,Cheque eletrônico,76.72,2772.12,1
Masculino,0,Sim,Não,25,Sim,Não,DSL,Não,Não,Não,Não,Não,Sim,Dois anos,Sim,Cheque enviado pelo correio,57.01,1563.93,0
Feminino,0,Não,Sim,42,Sim,Não,DSL,Não,Sim,Não,Sim,Não,Sim,Dois anos,Não,Cheque eletrônico,33.84,1596.83,0
Feminino,0,Não,Não,13,Sim,Sim,Não,Sem serviço de internet,Sem serviço de internet,Sem serviço de internet,Sem serviço de internet,Sem serviço de internet,Sem serviço de internet,Mês a mês,Sim,Transferência bancária,58.69,790.67,0
Feminino,0,Não,Não,56,Sim,Não,Fibra óptica,Sim,Não,Não,Não,Não,Não,Mês a mês,Sim,Transferência bancária,18.29,940.72,0
Masculino,0,Sim,Não,51,Sim,Sim,Fibra óptica,Não,Não,Não,Não,Sim,Sim,Um ano,Não,Cartão de crédito,115.42,6271.1,0
Masculino,0,Não,Sim,50,Sim,Não,Fibra óptica,Sim,Sim,Sim,Não,Sim,Sim,Dois anos,Sim,Cartão de crédito,81.3,3554.3,0
Masculino,0,Não,Não,52,Sim,Sim,Não,Sem serviço de internet,Sem serviço de internet,Sem serviço de internet,Sem serviço de internet,Sem serviço de internet,Sem serviço de internet,Mês a mês,Não,Transferência bancária,46.82,2449.73,0
Masculino,0,Sim,Não,33,Sim,Sim,Fibra óptica,Não,Sim,Não,Não,Sim,Sim,Um ano,Sim,Cheque eletrônico,104.4,3018.32,0
Masculino,0,Sim,Não,25,Sim,Não,Fibra óptica,Não,Não,Sim,Não,Sim,Não,Dois anos,Não,Cheque enviado pelo correio,27.41,590.05,0
Masculino,1,Não,Não,58,Sim,Não,Fibra óptica,Não,Sim,Não,Não,Não,Não,Dois anos,Não,Cartão de crédito,40.17,2172.26,0
Feminino,1,Sim,Sim,40,Sim,Não,DSL,Não,Não,Não,Não,Não,Sim,Um ano,Sim,Cheque eletrônico,50.23,2193.8,0
Feminino,0,Não,Não,38,Sim,Não,Fibra óptica,Sim,Não,Sim,Não,Não,Não,Mês a mês,Não,Cheque enviado pelo correio,108.31,4341.8,1
Feminino,0,Sim,Não,3,Sim,Sim,DSL,Não,Não,Sim,Não,Sim,Não,Um ano,Não,Transferência bancária,43.44,113.9,1
Feminino,1,Não,Não,16,Sim,Sim,DSL,Sim,Sim,Sim,Não,Sim,Não,Dois anos,Não,Transferência bancária,59.85,919.49,0
Masculino,0,Sim,Não,2,Sim,Não,DSL,Não,Não,Não,Não,Sim,Não,Um ano,Sim,Cartão de crédito,79.68,171.88,0
Masculino,0,Sim,Não,23,Sim,Sim,Fibra óptica,Sim,Sim,Não,Não,Não,Não,Mês a mês,Sim,Cheque eletrônico,95.35,2088.25,1
Feminino,1,Sim,Não,30,Sim,Não,DSL,Não,Não,Sim,Não,Sim,Sim,Mês a mês,Não,Cartão de crédito,84.35,2870.87,1
Masculino,0,Não,Não,10,Sim,Sim,DSL,Não,Não,Não,Não,Não,Sim,Mês a mês,Não,Cheque eletrônico,86.24,988.58,1
Feminino,0,Não,Sim,65,Sim,Sim,Fibra óptica,Não,Não,Sim,Não,Sim,Não,Um ano,Não,Cheque eletrônico,92.27,5139.74,0
Feminino,0,Sim,Não,22,Não,Sem serviço telefônico,DSL,Não,Não,Não,Não,Não,Sim,Um ano,Não,Cartão de crédito,76.72,1664.78,0
Feminino,0,Sim,Não,52,Sim,Sim,Fibra óptica,Não,Não,Não,Não,Não,Não,Mês a mês,Sim,Cartão de crédito,68.78,3601.42,1
Masculino,1,Não,Não,56,Não,Sem serviço telefônico,DSL,Não,Não,Sim,Não,Sim,Não,Um ano,Não,Cheque eletrônico,101.01,6381.52,0
Feminino,0,Sim,Não,33,Sim,Não,Fibra óptica,Sim,Não,Sim,Não,Não,Sim,Um ano,Não,Cheque eletrônico,89.34,2855.41,0
Feminino,0,Não,Não,30,Sim,Sim,DSL,Não,Sim,Não,Não,Sim,Não,Mês a mês,Sim,Cheque enviado pelo correio,65.78,1723.13,1
Feminino,0,Sim,Não,24,Sim,Não,Fibra óptica,Sim,Não,Não,Não,Não,Não,Dois anos,Não,Cheque enviado pelo correio,102.85,2364.97,0
Masculino,0,Não,Não,5,Sim,Sim,Fibra óptica,Sim,Não,Não,Sim,Não,Sim,Mês a mês,Sim,Cheque enviado pelo correio,35.59,177.81,1
Masculino,0,Não,Sim,53,Sim,Não,Não,Sem serviço de internet,Sem serviço de internet,Sem serviço de internet,Sem serviço de internet,Sem serviço de internet,Sem serviço de internet,Mês a mês,Não,Cheque enviado pelo correio,106.33,5119.31,1
Feminino,0,Não,Sim,55,Sim,Sim,DSL,Não,Não,Não,Não,Sim,Não,Mês a mês,Sim,Cheque eletrônico,34.95,1863.5,1
Masculino,1,Não,Sim,23,Não,Sem serviço telefônico,DSL,Não,Não,Sim,Não,Não,Não,Um ano,Sim,Cartão de crédito,42.74,852.74,0
Masculino,0,Sim,Não,10,Sim,Não,Não,Sem serviço de internet,Sem serviço de internet,Sem serviço de internet,Sem serviço de internet,Sem serviço de internet,Sem serviço de internet,Mês a mês,Sim,Cartão de crédito,44.47,504.11,1
Masculino,0,Sim,Sim,33,Sim,Não,DSL,Não,Não,Não,Sim,Sim,Não,Mês a mês,Sim,Cheque enviado pelo correio,24.4,832.93,1
Masculino,0,Não,Não,62,Sim,Sim,DSL,Sim,Sim,Não,Não,Sim,Não,Mês a mês,Sim,Cheque enviado pelo correio,47.85,3349.54,0
Masculino,0,Não,Sim,27,Sim,Sim,Fibra óptica,Sim,Não,Não,Não,Sim,Não,Dois anos,Não,Cheque enviado pelo correio,45.69,1330.21,0
Masculino,0,Não,Não,7,Sim,Não,Fibra óptica,Não,Sim,Sim,Não,Sim,Não,Mês a mês,Não,Transferência bancária,76.97,538.23,1
Masculino,0,Não,Não,27,Sim,Sim,Fibra óptica,Não,Não,Não,Sim,Sim,Sim,Dois anos,Não,Transferência bancária,77.81,1965.76,0
Masculino,0,Não,Não,10,Sim,Sim,Não,Sem serviço de internet,Sem serviço de internet,Sem serviço de internet,Sem serviço de internet,Sem serviço de internet,Sem serviço de internet,Um ano,Não,Cheque enviado pelo correio,72.89,748.13,1
Masculino,0,Sim,Não,57,Sim,Sim,DSL,Não,Não,Não,Não,Não,Não,Mês a mês,Não,Cartão de crédito,80.97,4572.2,0
Masculino,0,Sim,Não,30,Sim,Não,Fibra óptica,Sim,Sim,Não,Sim,Não,Sim,Mês a mês,Sim,Cheque enviado pelo correio,22.02,563.04,0
Feminino,0,Sim,Não,3,Sim,Sim,DSL,Não,Não,Não,Sim,Sim,Sim,Um ano,Sim,Cheque eletrônico,87.88,274.46,0
Feminino,0,Sim,Não,29,Sim,Sim,Fibra óptica,Sim,Sim,Sim,Não,Não,Não,Mês a mês,Sim,Transferência bancária,112.88,3614.14,1
Masculino,0,Não,Não,14,Sim,Sim,Não,Sem serviço de internet,Sem serviço de internet,Sem serviço de internet,Sem serviço de internet,Sem serviço de internet,Sem serviço de internet,Mês a mês,Sim,Cheque eletrônico,81.21,1271.42,1
Feminino,0,Sim,Não,25,Sim,Não,DSL,Não,Sim,Sim,Sim,Sim,Sim,Dois anos,Sim,Transferência bancária,45.8,1217.56,0
Feminino,0,Sim,Não,10,Não,Sem serviço telefônico,Não,Sem serviço de internet,Sem serviço de internet,Sem serviço de internet,Sem serviço de internet,Sem serviço de internet,Sem serviço de internet,Um ano,Sim,Cheque eletrônico,48.94,483.21,1
Masculino,1,Sim,Não,49,Sim,Não,Fibra óptica,Não,Não,Não,Não,Não,Sim,Um ano,Sim,Cheque eletrônico,94.6,4516.99,0
Masculino,0,Sim,Não,38,Sim,Sim,Fibra óptica,Sim,Sim,Não,Não,Não,Não,Um ano,Sim,Cheque eletrônico,29.15,1087.92,0
Masculino,0,Sim,Sim,71,Sim,Sim,DSL,Não,Não,Não,Não,Não,Não,Dois anos,Não,Cheque eletrônico,55.27,4353.86,0
Feminino,0,Não,Sim,14,Sim,Não,Não,Sem serviço de internet,Sem serviço de internet,Sem serviço de internet,Sem serviço de internet,Sem serviço de internet,Sem serviço de internet,Mês a mês,Não,Transferência bancária,37.04,521.58,0
Feminino,0,Sim,Não,30,Sim,Não,DSL,Sim,Sim,Não,Não,Sim,Sim,Dois anos,Não,Cheque eletrônico,38.01,994.57,0
Masculino,0,Não,Não,40,Não,Sem serviço telefônico,Não,Sem serviço de internet,Sem serviço de internet,Sem serviço de internet,Sem serviço de internet,Sem serviço de internet,Sem serviço de internet,Mês a mês,Sim,Cartão de crédito,18.35,726.82,0
Masculino,0,Não,Não,12,Sim,Não,Fibra óptica,Sim,Não,Não,Não,Sim,Não,Dois anos,Não,Transferência bancária,106.76,1398.43,0
Masculino,0,Não,Não,14,Sim,Não,DSL,Sim,Não,Não,Não,Sim,Sim,Dois anos,Não,Cartão de crédito,49.71,643.45,0
Feminino,0,Sim,Não,1,Sim,Não,DSL,Não,Não,Não,Sim,Sim,Não,Mês a mês,Não,Cheque eletrônico,56.71,60.37,0
Feminino,0,Sim,Não,68,Sim,Sim,DSL,Não,Sim,Não,Não,Não,Não,Mês a mês,Não,Cheque enviado pelo correio,20.56,1288.21,0
Feminino,0,Sim,Não,49,Sim,Sim,Fibra óptica,Não,Sim,Não,Não,Não,Sim,Mês a mês,Não,Transferência bancária,27.5,1411.72,1
Feminino,0,Sim,Não,18,Sim,Sim,DSL,Não,Não,Não,Sim,Não,Não,Um ano,Sim,Cheque eletrônico,40.24,727.04,0
Masculino,0,Não,Não,36,Sim,Sim,DSL,Não,Sim,Não,Não,Sim,Não,Um ano,Sim,Cheque eletrônico,35.13,1256.72,1
Masculino,0,Não,Sim,64,Sim,Não,Fibra óptica,Não,Não,Não,Não,Não,Não,Mês a mês,Sim,Cartão de crédito,101.94,6892.63,0
Masculino,0,Não,Sim,28,Sim,Não,Fibra óptica,Não,Não,Sim,Não,Não,Não,Mês a mês,Sim,Cartão de crédito,113.16,3149.85,1
Masculino,0,Sim,Não,32,Não,Sem serviço telefônico,Fibra óptica,Não,Não,Sim,Não,Não,Não,Mês a mês,Sim,Cartão de crédito,111.53,3767.52,1
Feminino,0,Não,Não,72,Sim,Sim,DSL,Não,Sim,Não,Não,Sim,Não,Mês a mês,Sim,Cartão de crédito,39.36,3211.47,0
Feminino,1,Sim,Não,25,Sim,Não,DSL,Não,Não,Sim,Sim,Sim,Sim,Mês a mês,Sim,Transferência bancária,30.67,720.32,1
Masculino,0,Não,Não,47,Sim,Não,Fibra óptica,Não,Não,Sim,Sim,Não,Sim,Mês a mês,Sim,Transferência bancária,84.0,3388.23,0
Masculino,0,Não,Não,20,Sim,Sim,Fibra óptica,Sim,Não,Não,Não,Sim,Não,Um ano,Sim,Cheque eletrônico,45.93,929.1,0
Feminino,0,Sim,Não,33,Sim,Sim,Fibra óptica,Não,Não,Não,Não,Não,Sim,Mês a mês,Sim,Cheque enviado pelo correio,23.64,728.87,0
Masculino,0,Sim,Sim,30,Sim,Não,Fibra óptica,Não,Sim,Não,Não,Não,Sim,Mês a mês,Não,Cheque eletrônico,74.25,2246.15,1
Feminino,0,Não,Não,37,Sim,Não,DSL,Não,Sim,Sim,Sim,Sim,Sim,Mês a mês,Sim,Cheque eletrônico,44.64,1712.42,0
Masculino,0,Sim,Não,53,Não,Sem serviço telefônico,Não,Sem serviço de internet,Sem serviço de internet,Sem serviço de internet,Sem serviço de internet,Sem serviço de internet,Sem serviço de internet,Dois anos,Não,Cheque eletrônico,49.88,2701.23,1
Masculino,0,Sim,Sim,69,Sim,Sim,Não,Sem serviço de internet,Sem serviço de internet,Sem serviço de internet,Sem serviço de internet,Sem serviço de internet,Sem serviço de internet,Um ano,Sim,Cheque enviado pelo correio,77.48,5574.31,0
Masculino,0,Sim,Não,8,Sim,Não,Não,Sem serviço de internet,Sem serviço de internet,Sem serviço de internet,Sem serviço de internet,Sem serviço de internet,Sem serviço de internet,Dois anos,Não,Transferência bancária,87.73,678.18,0
Masculino,0,Sim,Não,1,Sim,Não,Fibra óptica,Sim,Não,Não,Não,Sim,Não,Dois anos,Não,Cheque enviado pelo correio,29.0,29.15,1
Masculino,0,Não,Não,7,Sim,Não,Fibra óptica,Sim,Não,Não,Sim,Sim,Não,Um ano,Sim,Cartão de crédito,23.06,159.97,1
Masculino,0,Não,Não,62,Sim,Não,DSL,Não,Não,Não,Não,Não,Sim,Mês a mês,Não,Cheque eletrônico,100.48,5736.0,0
Masculino,0,Não,Não,58,Sim,Sim,DSL,Não,Não,Sim,Não,Não,Não,Mês a mês,Não,Cartão de crédito,44.81,2589.56,0
Feminino,0,Sim,Não,8,Sim,Sim,Fibra óptica,Sim,Não,Não,Não,Não,Não,Um ano,Sim,Cheque enviado pelo correio,70.57,627.02,1
Feminino,0,Não,Não,64,Sim,Não,DSL,Não,Não,Não,Não,Não,Não,Um ano,Sim,Cheque eletrônico,96.5,5852.16,0
Feminino,0,Não,Sim,8,Sim,Não,Fibra óptica,Não,Sim,Sim,Não,Não,Não,Um ano,Sim,Cartão de crédito,23.5,195.7,1
Feminino,0,Sim,Não,3,Sim,Não,Não,Sem serviço de internet,Sem serviço de internet,Sem serviço de internet,Sem serviço de internet,Sem serviço de internet,Sem serviço de internet,Mês a mês,Não,Cheque enviado pelo correio,95.33,252.78,0
Feminino,0,Sim,Não,58,Sim,Não,Não,Sem serviço de internet,Sem serviço de internet,Sem serviço de internet,Sem serviço de internet,Sem serviço de internet,Sem serviço de internet,Um ano,Sim,Cheque eletrônico,73.84,3695.81,0
Masculino,0,Não,Não,32,Sim,Não,Fibra óptica,Não,Não,Sim,Sim,Não,Não,Mês a mês,Não,Cheque eletrônico,28.55,1045.91,0
Masculino,1,Sim,Não,68,Sim,Não,Fibra óptica,Não,Sim,Não,Não,Sim,Não,Mês a mês,Sim,Cheque eletrônico,85.63,5467.44,0
Feminino,0,Sim,Não,49,Sim,Sim,Fibra óptica,Não,Não,Sim,Não,Sim,Sim,Mês a mês,Sim,Transferência bancária,25.3,1360.62,0
Masculino,0,Sim,Sim,38,Sim,Não,Fibra óptica,Não,Não,Sim,Não,Sim,Sim,Dois anos,Sim,Cheque enviado pelo correio,49.12,2095.05,0
Feminino,0,Sim,Não,2,Sim,Sim,Fibra óptica,Não,Sim,Não,Sim,Sim,Não,Um ano,Não,Cartão de crédito,71.59,137.84,1
Feminino,0,Sim,Não,9,Sim,Sim,Não,Sem serviço de internet,Sem serviço de internet,Sem serviço de internet,Sem serviço de internet,Sem serviço de internet,Sem serviço de internet,Dois anos,Não,Cheque enviado pelo correio,85.41,655.79,0
Masculino,1,Sim,Não,46,Sim,Sim,Não,Sem serviço de internet,Sem serviço de internet,Sem serviço de internet,Sem serviço de internet,Sem serviço de internet,Sem serviço de internet,Mês a mês,Sim,Cheque eletrônico,44.24,1927.78,0
Masculino,0,Não,Não,65,Não,Sem serviço telefônico,DSL,Não,Sim,Não,Não,Sim,Não,Mês a mês,Não,Transferência bancária,36.04,2596.43,1
Masculino,0,Sim,Não,49,Sim,Não,Não,Sem serviço de internet,Sem serviço de internet,Sem serviço de internet,Sem serviço de internet,Sem serviço de internet,Sem serviço de internet,Dois anos,Sim,Cartão de crédito,92.03,5009.11,0
Feminino,0,Não,Não,29,Sim,Sim,Fibra óptica,Não,Não,Sim,Não,Sim,Sim,Mês a mês,Sim,Cheque eletrônico,58.86,1921.31,1
Masculino,0,Sim,Não,29,Sim,Não,DSL,Sim,Não,Sim,Sim,Não,Sim,Dois anos,Sim,Cheque eletrônico,38.33,1215.98,0
Feminino,1,Não,Não,33,Sim,Não,DSL,Não,Não,Sim,Não,Não,Não,Mês a mês,Não,Cartão de crédito,77.44,2303.43,0
Feminino,0,Não,Não,28,Sim,Não,Não,Sem serviço de internet,Sem serviço de internet,Sem serviço de internet,Sem serviço de internet,Sem serviço de internet,Sem serviço de internet,Mês a mês,Sim,Cheque eletrônico,57.43,1594.39,0
Feminino,1,Não,Não,26,Sim,Não,Fibra óptica,Não,Sim,Sim,Sim,Não,Não,Mês a mês,Não,Cartão de crédito,79.97,2038.73,1
Masculino,0,Não,Não,29,Sim,Sim,DSL,Não,Não,Não,Sim,Não,Sim,Mês a mês,Sim,Transferência bancária,96.21,2790.12,0
Masculino,0,Não,Sim,11,Sim,Sim,Não,Sem serviço de internet,Sem serviço de internet,Sem serviço de internet,Sem serviço de internet,Sem serviço de internet,Sem serviço de internet,Mês a mês,Sim,Cheque eletrônico,20.01,226.05,0
Feminino,0,Não,Não,34,Sim,Sim,DSL,Sim,Não,Não,Não,Não,Não,Mês a mês,Sim,Cheque eletrônico,53.56,1752.24,1
Masculino,0,Sim,Sim,48,Não,Sem serviço telefônico,Fibra óptica,Sim,Não,Sim,Não,Não,Sim,Um ano,Sim,Cheque eletrônico,53.1,2686.78,0
Masculino,0,Sim,Sim,27,Sim,Não,Não,Sem serviço de internet,Sem serviço de internet,Sem serviço de internet,Sem serviço de internet,Sem serviço de internet,Sem serviço de internet,Mês a mês,Sim,Cartão de crédito,107.96,2506.0,0
Masculino,0,Não,Não,72,Sim,Não,Fibra óptica,Sim,Sim,Não,Não,Sim,Não,Um ano,Sim,Cartão de crédito,117.7,9050.49,1
Feminino,0,Sim,Sim,40,Sim,Sim,Fibra óptica,Sim,Não,Não,Não,Sim,Sim,Um ano,Sim,Cartão de crédito,83.29,3365.16,0
Feminino,0,Não,Não,31,Sim,Não,Fibra óptica,Sim,Sim,Não,Sim,Não,Não,Mês a mês,Sim,Cartão de crédito,58.79,1633.82,0
Masculino,0,Não,Sim,65,Sim,Não,DSL,Não,Não,Não,Não,Não,Sim,Mês a mês,Sim,Cheque enviado pelo correio,62.02,4135.19,1
Feminino,0,Sim,Não,39,Sim,Não,Não,Sem serviço de internet,Sem serviço de internet,Sem serviço de internet,Sem serviço de internet,Sem serviço de internet,Sem serviço de internet,Um ano,Sim,Cartão de crédito,84.35,2859.58,0
Masculino,0,Não,Sim,24,Sim,Não,DSL,Não,Não,Sim,Não,Não,Sim,Mês a mês,Não,Cheque eletrônico,77.43,1943.32,0
Masculino,0,Sim,Sim,68,Sim,Sim,Fibra óptica,Sim,Não,Não,Sim,Não,Sim,Mês a mês,Sim,Cartão de crédito,103.94,7202.09,1
Masculino,0,Sim,Não,23,Sim,Sim,Não,Sem serviço de internet,Sem serviço de internet,Sem serviço de internet,Sem serviço de internet,Sem serviço de internet,Sem serviço de internet,Mês a mês,Sim,Cheque eletrônico,89.38,2356.59,1
Masculino,0,Não,Não,61,Sim,Sim,DSL,Não,Sim,Sim,Não,Não,Sim,Mês a mês,Não,Cheque enviado pelo correio,31.41,1722.54,0
Feminino,1,Sim,Não,27,Sim,Sim,Não,Sem serviço de internet,Sem serviço de internet,Sem serviço de internet,Sem serviço de internet,Sem serviço de internet,Sem serviço de internet,Mês a mês,Sim,Cheque enviado pelo correio,101.87,3074.09,0
Feminino,0,Não,Sim,16,Sim,Sim,Não,Sem serviço de internet,Sem serviço de internet,Sem serviço de internet,Sem serviço de internet,Sem serviço de internet,Sem serviço de internet,Um ano,Sim,Cartão de crédito,47.1,737.03,0
Feminino,0,Não,Não,45,Sim,Sim,Fibra óptica,Sim,Não,Não,Não,Sim,Não,Dois anos,Sim,Cheque enviado pelo correio,94.18,3735.18,0
Masculino,0,Sim,Não,27,Sim,Sim,Fibra óptica,Sim,Não,Não,Sim,Sim,Não,Mês a mês,Sim,Cheque enviado pelo correio,23.54,686.42,0
Masculino,0,Não,Sim,5,Sim,Não,Fibra óptica,Não,Sim,Não,Sim,Não,Não,Um ano,Sim,Cartão de crédito,49.32,281.85,0
Masculino,1,Não,Não,59,Sim,Não,DSL,Não,Não,Sim,Não,Não,Sim,Dois anos,Sim,Cheque eletrônico,90.38,5774.22,0
Feminino,0,Sim,Não,72,Sim,Sim,DSL,Não,Sim,Não,Não,Não,Sim,Um ano,Sim,Cheque eletrônico,115.68,8649.75,1
Masculino,0,Sim,Não,35,Sim,Sim,Fibra óptica,Não,Sim,Sim,Não,Não,Não,Um ano,Sim,Cheque eletrônico,58.19,1780.28,1
Feminino,0,Não,Não,70,Sim,Não,Fibra óptica,Não,Sim,Sim,Sim,Não,Sim,Mês a mês,Sim,Cartão de crédito,42.32,2888.86,1
Feminino,0,Não,Não,46,Sim,Sim,DSL,Não,Não,Não,Não,Não,Não,Mês a mês,Sim,Cheque eletrônico,105.11,4197.75,1
Feminino,0,Sim,Não,56,Não,Sem serviço telefônico,DSL,Não,Não,Não,Não,Não,Sim,Mês a mês,Sim,Cheque eletrônico,102.13,5498.88,0
Feminino,0,Sim,Não,24,Sim,Não,DSL,Sim,Não,Sim,Não,Não,Não,Dois anos,Não,Transferência bancária,72.44,1745.1,0
Feminino,0,Não,Não,10,Sim,Sim,DSL,Não,Não,Sim,Não,Sim,Não,Mês a mês,Não,Transferência bancária,44.66,471.58,0
Feminino,1,Não,Não,38,Sim,Sim,Fibra óptica,Não,Não,Não,Não,Sim,Sim,Mês a mês,Sim,Cartão de crédito,48.86,1736.56,0
Masculino,0,Sim,Não,70,Sim,Sim,Não,Sem serviço de internet,Sem serviço de internet,Sem serviço de internet,Sem serviço de internet,Sem serviço de internet,Sem serviço de internet,Um ano,Sim,Cheque enviado pelo correio,66.88,5276.4,0
Masculino,0,Não,Não,48,Sim,Sim,DSL,Não,Não,Não,Não,Não,Não,Mês a mês,Não,Cheque eletrônico,116.22,5575.8,1
Feminino,0,Sim,Não,9,Sim,Não,DSL,Não,Não,Não,Não,Não,Não,Dois anos,Sim,Cheque eletrônico,29.1,259.42,0
Feminino,0,Não,Não,50,Sim,Sim,Fibra óptica,Não,Sim,Não,Sim,Não,Não,Um ano,Não,Cheque eletrônico,54.39,2411.32,1
Masculino,1,Sim,Sim,69,Sim,Não,DSL,Não,Não,Não,Não,Sim,Não,Mês a mês,Não,Transferência bancária,104.09,7431.09,1
Feminino,0,Sim,Não,48,Sim,Sim,DSL,Não,Não,Não,Não,Não,Sim,Um ano,Não,Transferência bancária,114.18,5255.89,0
Feminino,0,Sim,Não,39,Sim,Não,Fibra óptica,Não,Não,Sim,Não,Não,Não,Dois anos,Sim,Transferência bancária,23.06,1016.51,0
Masculino,0,Não,Não,5,Sim,Não,DSL,Não,Não,Não,Não,Sim,Sim,Dois anos,Não,Cartão de crédito,76.93,429.0,1
Feminino,0,Não,Não,11,Sim,Sim,Fibra óptica,Não,Sim,Sim,Não,Sim,Não,Mês a mês,Sim,Cheque eletrônico,78.43,840.7,1
Feminino,1,Não,Não,60,Sim,Sim,Fibra óptica,Não,Não,Não,Não,Sim,Não,Mês a mês,Sim,Cheque eletrônico,68.46,4478.15,1
Feminino,0,Não,Não,27,Sim,Sim,Fibra óptica,Não,Não,Não,Não,Não,Não,Mês a mês,Não,Transferência bancária,22.31,606.17,1
Masculino,0,Sim,Não,7,Sim,Sim,Fibra óptica,Não,Não,Sim,Não,Não,Não,Mês a mês,Não,Cartão de crédito,49.76,346.48,1
Masculino,1,Não,Não,60,Sim,Sim,Fibra óptica,Sim,Sim,Não,Não,Não,Não,Mês a mês,Sim,Cheque enviado pelo correio,62.03,3950.73,1
Masculino,1,Sim,Não,50,Sim,Não,Fibra óptica,Não,Não,Não,Sim,Sim,Não,Dois anos,Não,Cartão de crédito,66.77,3640.33,0
Feminino,0,Não,Sim,67,Sim,Não,DSL,Sim,Não,Não,Não,Não,Sim,Dois anos,Sim,Transferência bancária,114.56,7987.66,0
Feminino,0,Sim,Não,69,Sim,Sim,DSL,Não,Não,Sim,Sim,Sim,Não,Mês a mês,Sim,Cartão de crédito,48.48,3695.63,0
Masculino,0,Sim,Não,55,Sim,Não,Fibra óptica,Não,Não,Não,Sim,Não,Não,Dois anos,Não,Cheque eletrônico,23.92,1188.58,0
Feminino,0,Não,Não,16,Sim,Não,Fibra óptica,Sim,Não,Sim,Não,Sim,Sim,Mês a mês,Não,Cheque enviado pelo correio,30.01,463.79,0
Feminino,1,Não,Não,12,Não,Sem serviço telefônico,DSL,Não,Sim,Sim,Não,Não,Não,Mês a mês,Não,Transferência bancária,53.26,611.42,1
Feminino,0,Não,Sim,27,Sim,Não,DSL,Não,Não,Sim,Não,Não,Não,Mês a mês,Não,Cheque eletrônico,95.85,2819.25,1
Feminino,0,Não,Não,33,Sim,Não,Não,Sem serviço de internet,Sem serviço de internet,Sem serviço de internet,Sem serviço de internet,Sem serviço de internet,Sem serviço de internet,Dois anos,Sim,Cartão de crédito,78.72,2510.86,0
Feminino,0,Sim,Não,55,Sim,Não,DSL,Não,Não,Sim,Não,Não,Não,Dois anos,Não,Cartão de crédito,96.2,4839.28,0
Masculino,0,Não,Não,52,Não,Sem serviço telefônico,DSL,Não,Sim,Não,Sim,Sim,Sim,Um ano,Sim,Transferência bancária,109.85,6445.77,0
Feminino,0,Sim,Sim,37,Sim,Sim,Não,Sem serviço de internet,Sem serviço de internet,Sem serviço de internet,Sem serviço de internet,Sem serviço de internet,Sem serviço de internet,Um ano,Sim,Transferência bancária,30.08,1045.6,0
Masculino,0,Não,Não,15,Sim,Não,Fibra óptica,Sim,Não,Não,Não,Sim,Não,Dois anos,Não,Cheque eletrônico,70.73,1187.9,0
Feminino,0,Não,Sim,65,Não,Sem serviço telefônico,Fibra óptica,Não,Não,Não,Não,Não,Não,Mês a mês,Não,Cartão de crédito,80.47,5517.22,1
Masculino,0,Sim,Não,68,Sim,Não,DSL,Não,Sim,Não,Não,Sim,Sim,Mês a mês,Sim,Transferência bancária,59.68,4243.45,0
Feminino,0,Sim,Não,3,Sim,Sim,DSL,Sim,Não,Não,Sim,Sim,Sim,Dois anos,Sim,Cheque eletrônico,63.28,178.59,0
Masculino,0,Sim,Sim,72,Sim,Sim,Fibra óptica,Não,Não,Não,Sim,Não,Não,Mês a mês,Sim,Transferência bancária,26.43,2122.72,0
Feminino,0,Sim,Não,5,Sim,Sim,DSL,Não,Não,Não,Não,Não,Não,Dois anos,Sim,Cheque eletrônico,23.87,129.53,0
Masculino,0,Sim,Não,9,Sim,Sim,Fibra óptica,Não,Não,Sim,Não,Não,Não,Um ano,Sim,Cheque eletrônico,22.3,178.54,0
Feminino,0,Sim,Não,1,Sim,Sim,DSL,Sim,Não,Sim,Sim,Não,Não,Um ano,Sim,Cheque eletrônico,83.57,94.29,0
Masculino,0,Sim,Não,30,Sim,Não,Fibra óptica,Não,Não,Não,Não,Não,Sim,Mês a mês,Sim,Cheque eletrônico,28.08,817.41,0
Feminino,0,Não,Não,71,Não,Sem serviço telefônico,Não,Sem serviço de internet,Sem serviço de internet,Sem serviço de internet,Sem serviço de internet,Sem serviço de internet,Sem serviço de internet,Mês a mês,Não,Cheque eletrônico,54.85,4254.76,0
Masculino,0,Não,Não,20,Sim,Sim,Fibra óptica,Não,Não,Não,Sim,Sim,Não,Mês a mês,Não,Cartão de crédito,109.71,2010.39,1
Masculino,0,Sim,Não,27,Sim,Não,Não,Sem serviço de internet,Sem serviço de internet,Sem serviço de internet,Sem serviço de internet,Sem serviço de internet,Sem serviço de internet,Dois anos,Não,Cheque eletrônico,34.77,818.94,0
Feminino,1,Sim,Não,63,Sim,Sim,Fibra óptica,Não,Não,Não,Não,Não,Não,Dois anos,Não,Cartão de crédito,65.28,4536.44,0
Feminino,0,Sim,Não,31,Sim,Sim,Não,Sem serviço de internet,Sem serviço de internet,Sem serviço de internet,Sem serviço de internet,Sem serviço de internet,Sem serviço de internet,Mês a mês,Sim,Cheque eletrônico,90.95,3018.04,0
Masculino,0,Não,Sim,19,Sim,Não,Não,Sem serviço de internet,Sem serviço de internet,Sem serviço de internet,Sem serviço de internet,Sem serviço de internet,Sem serviço de internet,Mês a mês,Não,Cartão de crédito,42.76,711.22,0
Feminino,1,Não,Não,62,Sim,Sim,Fibra óptica,Não,Não,Não,Não,Sim,Sim,Mês a mês,Não,Cheque eletrônico,20.18,1105.69,1
Masculino,0,Não,Não,7,Não,Sem serviço telefônico,Fibra óptica,Não,Não,Não,Não,Não,Não,Mês a mês,Sim,Cartão de crédito,95.79,665.9,1
Masculino,0,Não,Não,37,Sim,Não,DSL,Não,Não,Não,Não,Não,Sim,Mês a mês,Não,Cheque enviado pelo correio,90.87,3292.87,0
Masculino,0,Não,Sim,71,Não,Sem serviço telefônico,Fibra óptica,Não,Não,Sim,Não,Não,Não,Mês a mês,Sim,Cheque eletrônico,116.0,8039.62,1
Feminino,1,Não,Não,8,Não,Sem serviço telefônico,Não,Sem serviço de internet,Sem serviço de internet,Sem serviço de internet,Sem serviço de internet,Sem serviço de internet,Sem serviço de internet,Mês a mês,Sim,Cheque enviado pelo correio,78.65,710.71,0
Masculino,0,Sim,Sim,57,Não,Sem serviço telefônico,Fibra óptica,Não,Não,Não,Não,Sim,Sim,Mês a mês,Não,Cheque eletrônico,48.92,2738.58,0
Masculino,0,Não,Não,28,Sim,Não,Fibra óptica,Não,Sim,Sim,Não,Não,Sim,Um ano,Sim,Cheque eletrônico,30.97,810.2,0
Feminino,0,Não,Não,17,Sim,Não,Fibra óptica,Sim,Sim,Sim,Não,Sim,Não,Um ano,Sim,Cheque enviado pelo correio,27.89,487.94,1
Feminino,0,Não,Não,11,Sim,Sim,Fibra óptica,Não,Sim,Não,Sim,Não,Não,Mês a mês,Sim,Cheque enviado pelo correio,81.79,1006.35,1
Feminino,0,Não,Não,15,Sim,Sim,DSL,Não,Sim,Não,Sim,Sim,Não,Um ano,Não,Transferência bancária,52.93,855.69,0
Feminino,0,Sim,Não,30,Sim,Não,DSL,Não,Não,Não,Sim,Não,Não,Mês a mês,Sim,Transferência bancária,101.19,3482.28,1
Masculino,0,Não,Não,6,Não,Sem serviço telefônico,DSL,Sim,Sim,Não,Não,Não,Não,Dois anos,Não,Cheque eletrônico,30.45,174.61,1
Masculino,0,Sim,Sim,12,Sim,Sim,Não,Sem serviço de internet,Sem serviço de internet,Sem serviço de internet,Sem serviço de internet,Sem serviço de internet,Sem serviço de internet,Mês a mês,Sim,Cheque eletrônico,114.4,1220.73,1
Masculino,0,Sim,Não,61,Sim,Sim,Fibra óptica,Não,Sim,Não,Não,Não,Não,Um ano,Não,Cheque eletrônico,23.98,1659.14,0
Masculino,0,Sim,Não,36,Sim,Não,DSL,Não,Não,Não,Não,Sim,Sim,Mês a mês,Sim,Transferência bancária,96.18,3816.02,1
Feminino,1,Não,Não,35,Sim,Sim,Fibra óptica,Não,Sim,Sim,Não,Sim,Não,Mês a mês,Sim,Transferência bancária,95.79,3250.18,1
Masculino,0,Não,Não,67,Sim,Sim,Fibra óptica,Não,Sim,Sim,Não,Não,Sim,Mês a mês,Sim,Cheque eletrônico,79.32,5023.16,1
Masculino,0,Não,Não,63,Sim,Não,Fibra óptica,Não,Não,Não,Não,Não,Não,Mês a mês,Sim,Cheque enviado pelo correio,117.26,7838.87,0
Feminino,0,Não,Não,40,Sim,Sim,Não,Sem serviço de internet,Sem serviço de internet,Sem serviço de internet,Sem serviço de internet,Sem serviço de internet,Sem serviço de internet,Mês a mês,Não,Cartão de crédito,18.45,717.64,0
Masculino,0,Sim,Sim,31,Sim,Sim,DSL,Sim,Sim,Não,Não,Não,Sim,Mês a mês,Não,Cartão de crédito,64.52,1852.94,1
Masculino,0,Não,Não,37,Sim,Não,DSL,Não,Sim,Sim,Não,Não,Sim,Mês a mês,Não,Cartão de crédito,28.58,904.21,0
Masculino,0,Não,Sim,5,Sim,Não,DSL,Não,Sim,Não,Sim,Sim,Não,Dois anos,Sim,Transferência bancária,69.48,360.31,0
Masculino,0,Não,Não,4,Sim,Sim,Fibra óptica,Não,Não,Não,Não,Não,Sim,Mês a mês,Não,Cheque eletrônico,37.56,160.06,0
Masculino,0,Sim,Não,26,Sim,Não,Fibra óptica,Não,Não,Não,Não,Sim,Não,Mês a mês,Sim,Cheque enviado pelo correio,62.64,1832.98,0
Masculino,0,Não,Não,24,Sim,Não,Fibra óptica,Sim,Não,Não,Não,Sim,Sim,Mês a mês,Não,Cheque eletrônico,21.8,475.27,0
Feminino,1,Não,Não,39,Sim,Sim,Fibra óptica,Não,Não,Não,Não,Não,Sim,Mês a mês,Sim,Cartão de crédito,63.33,2681.98,0
Feminino,1,Não,Não,56,Sim,Sim,DSL,Não,Sim,Não,Não,Sim,Não,Mês a mês,Não,Cheque eletrônico,84.68,4086.05,0
Masculino,0,Não,Não,54,Não,Sem serviço telefônico,DSL,Não,Não,Não,Não,Não,Sim,Dois anos,Sim,Cheque eletrônico,105.9,5208.75,0
Masculino,0,Não,Não,38,Sim,Sim,Fibra óptica,Não,Não,Não,Não,Sim,Sim,Dois anos,Sim,Cheque eletrônico,110.74,4747.75,1
Feminino,0,Não,Não,54,Sim,Sim,Fibra óptica,Não,Não,Sim,Não,Sim,Não,Dois anos,Sim,Transferência bancária,53.34,2680.19,1
Masculino,1,Não,Sim,19,Sim,Não,Fibra óptica,Não,Não,Não,Não,Sim,Não,Mês a mês,Não,Cartão de crédito,98.77,1923.87,1
Masculino,0,Não,Sim,26,Sim,Não,DSL,Não,Não,Sim,Não,Não,Não,Mês a mês,Não,Cheque enviado pelo correio,105.92,2822.97,0
Masculino,1,Sim,Não,52,Não,Sem serviço telefônico,DSL,Não,Sim,Sim,Não,Não,Não,Um ano,Sim,Cheque enviado pelo correio,114.96,5689.49,1
Feminino,0,Não,Não,61,Sim,Não,DSL,Não,Não,Não,Não,Sim,Sim,Um ano,Sim,Cartão de crédito,61.96,3788.91,0
Masculino,1,Não,Não,67,Sim,Sim,DSL,Sim,Sim,Sim,Sim,Sim,Sim,Mês a mês,Sim,Cartão de crédito,99.96,6352.5,1
Feminino,0,Não,Não,22,Sim,Não,Fibra óptica,Não,Não,Não,Sim,Sim,Sim,Dois anos,Sim,Cheque eletrônico,44.04,992.73,0
Masculino,0,Não,Sim,17,Sim,Sim,Não,Sem serviço de internet,Sem serviço de internet,Sem serviço de internet,Sem serviço de internet,Sem serviço de internet,Sem serviço de internet,Dois anos,Sim,Cartão de crédito,94.74,1460.49,0
Feminino,0,Sim,Não,11,Sim,Sim,Não,Sem serviço de internet,Sem serviço de internet,Sem serviço de internet,Sem serviço de internet,Sem serviço de internet,Sem serviço de internet,Um ano,Sim,Cheque enviado pelo correio,97.96,1228.02,0
Feminino,0,Sim,Não,39,Sim,Sim,Fibra óptica,Não,Não,Não,Não,Não,Sim,Um ano,Sim,Cartão de crédito,103.37,4062.25,1
Masculino,0,Não,Não,61,Sim,Não,DSL,Não,Não,Não,Sim,Não,Sim,Um ano,Não,Cheque eletrônico,99.31,5918.97,0
Feminino,0,Não,Não,49,Sim,Sim,Não,Sem serviço de internet,Sem serviço de internet,Sem serviço de internet,Sem serviço de internet,Sem serviço de internet,Sem serviço de internet,Mês a mês,Não,Cartão de crédito,96.62,4255.96,0
Masculino,0,Sim,Não,61,Sim,Não,Fibra óptica,Não,Não,Não,Não,Sim,Sim,Um ano,Não,Cheque eletrônico,86.29,5372.0,0
Feminino,0,Sim,Não,12,Sim,Não,Não,Sem serviço de internet,Sem serviço de internet,Sem serviço de internet,Sem serviço de internet,Sem serviço de internet,Sem serviço de internet,Um ano,Sim,Transferência bancária,29.1,310.41,0
Masculino,0,Sim,Sim,13,Não,Sem serviço telefônico,Fibra óptica,Não,Não,Sim,Não,Não,Não,Mês a mês,Sim,Cheque eletrônico,55.2,760.93,0
Masculino,0,Sim,Não,58,Sim,Sim,DSL,Não,Não,Não,Não,Não,Não,Um ano,Sim,Cheque eletrônico,42.69,2575.79,1
Feminino,0,Sim,Sim,11,Sim,Sim,Fibra óptica,Sim,Não,Não,Não,Não,Não,Mês a mês,Sim,Cheque eletrônico,61.3,683.99,1
Masculino,0,Sim,Sim,64,Sim,Não,Fibra óptica,Não,Sim,Não,Sim,Não,Sim,Um ano,Sim,Transferência bancária,109.66,6804.17,0
Masculino,1,Sim,Sim,31,Sim,Não,Não,Sem serviço de internet,Sem serviço de internet,Sem serviço de internet,Sem serviço de internet,Sem serviço de internet,Sem serviço de internet,Mês a mês,Não,Transferência bancária,79.4,2431.3,1
Feminino,0,Sim,Sim,11,Sim,Sim,Fibra óptica,Não,Sim,Não,Não,Não,Sim,Dois anos,Sim,Cheque eletrônico,26.39,292.69,0
Masculino,0,Sim,Não,43,Sim,Não,Fibra óptica,Não,Sim,Não,Não,Não,Não,Dois anos,Não,Cheque enviado pelo correio,47.86,1886.19,0
Masculino,0,Não,Sim,36,Não,Sem serviço telefônico,DSL,Não,Não,Sim,Não,Sim,Não,Mês a mês,Sim,Transferência bancária,103.19,3502.04,0
Feminino,0,Sim,Sim,2,Sim,Não,Não,Sem serviço de internet,Sem serviço de internet,Sem serviço de internet,Sem serviço de internet,Sem serviço de internet,Sem serviço de internet,Mês a mês,Sim,Cartão de crédito,55.53,122.78,1
Feminino,0,Sim,Não,61,Sim,Não,Fibra óptica,Não,Não,Não,Não,Não,Sim,Mês a mês,Sim,Cheque eletrônico,18.72,993.79,0
Masculino,0,Sim,Não,36,Sim,Sim,Fibra óptica,Não,Não,Sim,Sim,Sim,Não,Mês a mês,Sim,Cheque enviado pelo correio,95.54,3744.81,1
Masculino,0,Sim,Não,49,Não,Sem serviço telefônico,DSL,Não,Não,Não,Sim,Sim,Não,Mês a mês,Sim,Cheque eletrônico,32.07,1513.17,0
Feminino,0,Sim,Não,27,Sim,Não,Não,Sem serviço de internet,Sem serviço de internet,Sem serviço de internet,Sem serviço de internet,Sem serviço de internet,Sem serviço de internet,Um ano,Sim,Cheque eletrônico,30.2,790.89,0
Feminino,0,Sim,Não,12,Sim,Sim,Fibra óptica,Sim,Não,Não,Não,Não,Não,Mês a mês,Sim,Cheque enviado pelo correio,79.68,920.23,1
Masculino,1,Não,Não,58,Sim,Sim,Fibra óptica,Não,Sim,Não,Sim,Não,Não,Mês a mês,Sim,Cheque enviado pelo correio,74.9,4474.6,0
Feminino,1,Não,Sim,6,Sim,Não,Fibra óptica,Não,Não,Sim,Não,Não,Sim,Mês a mês,Sim,Cartão de crédito,54.1,320.54,1
Masculino,0,Não,Não,44,Sim,Sim,Fibra óptica,Não,Sim,Não,Sim,Não,Não,Mês a mês,Sim,Cartão de crédito,38.77,1672.48,0
Masculino,0,Não,Sim,47,Sim,Não,Fibra óptica,Sim,Não,Não,Não,Não,Sim,Mês a mês,Sim,Cheque enviado pelo correio,28.35,1180.67,0
Masculino,0,Sim,Sim,23,Não,Sem serviço telefônico,Não,Sem serviço de internet,Sem serviço de internet,Sem serviço de internet,Sem serviço de internet,Sem serviço de internet,Sem serviço de internet,Mês a mês,Não,Transferência bancária,30.16,785.73,0
Masculino,0,Não,Não,26,Sim,Sim,Não,Sem serviço de internet,Sem serviço de internet,Sem serviço de internet,Sem serviço de internet,Sem serviço de internet,Sem serviço de internet,Um ano,Sim,Transferência bancária,91.57,2584.98,0
Masculino,0,Sim,Não,7,Sim,Não,Não,Sem serviço de internet,Sem serviço de internet,Sem serviço de internet,Sem serviço de internet,Sem serviço de internet,Sem serviço de internet,Um ano,Não,Transferência bancária,108.03,751.85,0
Feminino,0,Não,Não,32,Sim,Não,Fibra óptica,Sim,Sim,Sim,Não,Sim,Não,Mês a mês,Sim,Cheque eletrônico,74.2,2131.33,1
Feminino,1,Sim,Não,33,Sim,Não,Fibra óptica,Sim,Não,Sim,Não,Não,Não,Um ano,Sim,Cartão de crédito,82.58,3080.38,1
Feminino,1,Não,Não,20,Sim,Sim,Fibra óptica,Não,Sim,Sim,Não,Não,Não,Mês a mês,Não,Transferência bancária,115.32,2083.51,0
Feminino,0,Não,Não,69,Sim,Não,Fibra óptica,Não,Não,Não,Sim,Sim,Sim,Dois anos,Sim,Transferência bancária,19.56,1209.64,0
Masculino,0,Sim,Sim,52,Sim,Sim,Não,Sem serviço de internet,Sem serviço de internet,Sem serviço de internet,Sem serviço de internet,Sem serviço de internet,Sem serviço de internet,Dois anos,Sim,Cheque enviado pelo correio,33.59,1581.03,0
Masculino,0,Não,Não,42,Sim,Sim,Não,Sem serviço de internet,Sem serviço de internet,Sem serviço de internet,Sem serviço de internet,Sem serviço de internet,Sem serviço de internet,Dois anos,Sim,Cheque eletrônico,65.02,2396.5,0
Masculino,0,Sim,Não,1,Sim,Não,Não,Sem serviço de internet,Sem serviço de internet,Sem serviço de internet,Sem serviço de internet,Sem serviço de internet,Sem serviço de internet,Dois anos,Não,Cartão de crédito,26.8,24.11,0
Masculino,0,Não,Sim,63,Sim,Sim,Fibra óptica,Sim,Não,Não,Não,Não,Não,Dois anos,Sim,Transferência bancária,44.19,2903.6,0
Feminino,0,Não,Não,7,Sim,Não,DSL,Não,Não,Não,Sim,Sim,Não,Mês a mês,Sim,Transferência bancária,56.77,362.84,1
Masculino,1,Sim,Não,58,Sim,Não,DSL,Não,Não,Não,Sim,Sim,Não,Dois anos,Sim,Cheque enviado pelo correio,88.61,5054.68,0
Masculino,0,Sim,Sim,50,Sim,Sim,Não,Sem serviço de internet,Sem serviço de internet,Sem serviço de internet,Sem serviço de internet,Sem serviço de internet,Sem serviço de internet,Mês a mês,Não,Cheque eletrônico,31.21,1582.8,1
Feminino,0,Sim,Não,34,Não,Sem serviço telefônico,DSL,Não,Não,Sim,Não,Sim,Não,Dois anos,Não,Cheque eletrônico,78.17,2806.14,0
Feminino,0,Não,Não,51,Sim,Sim,Fibra óptica,Não,Não,Sim,Não,Não,Não,Mês a mês,Não,Cheque enviado pelo correio,23.18,1066.48,1
Feminino,0,Sim,Sim,10,Sim,Não,Fibra óptica,Não,Não,Não,Não,Não,Não,Mês a mês,Não,Cartão de crédito,62.72,630.62,1
Feminino,0,Não,Não,26,Sim,Não,Não,Sem serviço de internet,Sem serviço de internet,Sem serviço de internet,Sem serviço de internet,Sem serviço de internet,Sem serviço de internet,Mês a mês,Sim,Cartão de crédito,27.87,825.54,1
Masculino,0,Não,Não,32,Sim,Sim,DSL,Sim,Não,Não,Sim,Não,Não,Um ano,Sim,Cheque enviado pelo correio,67.83,2136.22,0
Masculino,0,Sim,Não,42,Sim,Sim,DSL,Não,Não,Não,Não,Não,Sim,Um ano,Não,Cartão de crédito,59.55,2592.5,0
Feminino,0,Não,Sim,62,Sim,Não,Não,Sem serviço de internet,Sem serviço de internet,Sem serviço de internet,Sem serviço de internet,Sem serviço de internet,Sem serviço de internet,Um ano,Não,Cartão de crédito,55.96,3974.1,0
Masculino,0,Não,Não,12,Sim,Não,DSL,Não,Sim,Não,Sim,Não,Sim,Mês a mês,Sim,Cheque enviado pelo correio,99.24,1171.62,0
Masculino,1,Sim,Não,40,Sim,Sim,Fibra óptica,Sim,Sim,Não,Não,Sim,Sim,Um ano,Sim,Cheque eletrônico,69.62,2758.85,1
Masculino,0,Sim,Não,34,Sim,Sim,Fibra óptica,Não,Não,Não,Não,Sim,Não,Um ano,Sim,Cheque enviado pelo correio,45.18,1647.21,0
Feminino,0,Não,Não,70,Sim,Não,Fibra óptica,Sim,Não,Sim,Não,Não,Sim,Mês a mês,Não,Cartão de crédito,99.29,6659.66,1
Masculino,0,Sim,Não,27,Sim,Sim,Fibra óptica,Não,Não,Sim,Não,Sim,Sim,Mês a mês,Sim,Cheque enviado pelo correio,70.07,1707.66,1
Feminino,0,Sim,Sim,8,Sim,Não,Fibra óptica,Não,Sim,Não,Não,Sim,Sim,Dois anos,Sim,Cheque enviado pelo correio,115.55,815.1,0
Masculino,0,Sim,Sim,47,Sim,Sim,Fibra óptica,Não,Sim,Sim,Não,Sim,Não,Um ano,Sim,Cheque eletrônico,67.51,3405.64,0
Masculino,1,Não,Não,26,Sim,Não,Fibra óptica,Não,Não,Não,Não,Não,Não,Um ano,Sim,Cartão de crédito,100.52,2608.02,0
Masculino,1,Não,Não,57,Sim,Sim,Fibra óptica,Não,Não,Não,Sim,Não,Sim,Mês a mês,Não,Cheque eletrônico,18.14,978.44,1
Feminino,0,Não,Não,7,Sim,Não,Fibra óptica,Sim,Sim,Não,Sim,Não,Sim,Mês a mês,Sim,Cheque enviado pelo correio,43.12,267.42,1
Masculino,0,Sim,Não,26,Sim,Não,Não,Sem serviço de internet,Sem serviço de internet,Sem serviço de internet,Sem serviço de internet,Sem serviço de internet,Sem serviço de internet,Mês a mês,Sim,Cheque eletrônico,20.95,616.41,1
Feminino,0,Não,Não,59,Sim,Não,Não,Sem serviço de internet,Sem serviço de internet,Sem serviço de internet,Sem serviço de internet,Sem serviço de internet,Sem serviço de internet,Um ano,Sim,Cheque eletrônico,72.81,3802.59,0
Feminino,0,Não,Sim,69,Sim,Não,DSL,Sim,Não,Não,Não,Não,Sim,Um ano,Não,Cheque enviado pelo correio,65.3,5164.34,0
Feminino,0,Sim,Não,47,Sim,Não,Não,Sem serviço de internet,Sem serviço de internet,Sem serviço de internet,Sem serviço de internet,Sem serviço de internet,Sem serviço de internet,Dois anos,Sim,Cartão de crédito,93.84,4557.83,0
Masculino,0,Sim,Sim,35,Sim,Não,DSL,Sim,Sim,Não,Não,Não,Sim,Um ano,Não,Cheque eletrônico,29.28,1125.1,0
Masculino,0,Não,Sim,30,Não,Sem serviço telefônico,Não,Sem serviço de internet,Sem serviço de internet,Sem serviço de internet,Sem serviço de internet,Sem serviço de internet,Sem serviço de internet,Mês a mês,Sim,Cheque enviado pelo correio,101.04,2933.31,0
Masculino,0,Não,Não,50,Sim,Não,DSL,Não,Não,Sim,Não,Não,Não,Dois anos,Sim,Cheque enviado pelo correio,25.22,1148.75,0
Masculino,0,Não,Não,24,Sim,Não,Fibra óptica,Não,Sim,Sim,Não,Sim,Não,Um ano,Sim,Cheque eletrônico,102.48,2214.74,1
Feminino,1,Não,Sim,30,Não,Sem serviço telefônico,Não,Sem serviço de internet,Sem serviço de internet,Sem serviço de internet,Sem serviço de internet,Sem serviço de internet,Sem serviço de internet,Um ano,Sim,Cartão de crédito,73.13,2386.83,0
Feminino,0,Não,Não,54,Sim,Sim,Fibra óptica,Não,Não,Não,Sim,Não,Sim,Um ano,Sim,Cheque eletrônico,27.13,1397.78,0
Feminino,0,Sim,Sim,67,Sim,Sim,Fibra óptica,Não,Sim,Não,Não,Sim,Sim,Mês a mês,Sim,Cartão de crédito,21.1,1332.02,1
Masculino,0,Não,Não,32,Sim,Sim,DSL,Não,Não,Não,Não,Sim,Não,Mês a mês,Não,Cheque eletrônico,97.78,3171.09,0
Feminino,0,Não,Sim,8,Não,Sem serviço telefônico,Não,Sem serviço de internet,Sem serviço de internet,Sem serviço de internet,Sem serviço de internet,Sem serviço de internet,Sem serviço de internet,Um ano,Não,Cheque enviado pelo correio,49.71,406.59,0
Masculino,0,Não,Não,50,Sim,Não,DSL,Sim,Não,Sim,Não,Não,Sim,Dois anos,Sim,Cartão de crédito,112.51,5174.41,0
Feminino,0,Sim,Não,47,Sim,Sim,DSL,Sim,Não,Não,Não,Não,Sim,Dois anos,Sim,Cartão de crédito,116.75,6122.04,0
Masculino,1,Não,Não,46,Não,Sem serviço telefônico,DSL,Não,Não,Não,Não,Sim,Não,Dois anos,Sim,Cheque enviado pelo correio,98.21,5105.69,0
Masculino,0,Não,Sim,35,Sim,Sim,Não,Sem serviço de internet,Sem serviço de internet,Sem serviço de internet,Sem serviço de internet,Sem serviço de internet,Sem serviço de internet,Dois anos,Sim,Cheque eletrônico,94.23,3034.63,0
Feminino,0,Sim,Sim,61,Sim,Sim,DSL,Não,Não,Não,Não,Não,Sim,Mês a mês,Não,Cheque eletrônico,89.6,5717.69,1
Feminino,0,Sim,Não,51,Sim,Sim,Fibra óptica,Sim,Não,Não,Não,Não,Não,Um ano,Não,Cartão de crédito,37.88,1871.7,0
Feminino,0,Não,Não,63,Sim,Não,DSL,Sim,Não,Sim,Não,Não,Não,Um ano,Sim,Cheque enviado pelo correio,33.38,1908.55,0
Feminino,0,Sim,Sim,8,Sim,Sim,Fibra óptica,Sim,Não,Sim,Não,Não,Não,Mês a mês,Sim,Cheque eletrônico,58.44,455.23,1
Masculino,1,Não,Não,34,Sim,Sim,Fibra óptica,Sim,Não,Não,Não,Sim,Sim,Um ano,Sim,Cheque enviado pelo correio,112.52,4087.86,1
Feminino,0,Não,Não,25,Sim,Sim,DSL,Sim,Não,Sim,Sim,Não,Sim,Mês a mês,Não,Cheque eletrônico,21.32,536.34,0
Feminino,0,Sim,Não,44,Sim,Não,DSL,Não,Não,Sim,Não,Não,Não,Mês a mês,Não,Transferência bancária,100.06,4304.31,1
Feminino,0,Não,Sim,43,Sim,Não,Fibra óptica,Não,Não,Não,Não,Não,Sim,Dois anos,Sim,Cheque enviado pelo correio,59.18,2471.15,0
Masculino,0,Não,Não,50,Sim,Sim,Fibra óptica,Sim,Não,Sim,Não,Sim,Sim,Dois anos,Sim,Transferência bancária,21.24,1043.81,0
Masculino,1,Não,Não,13,Sim,Sim,Não,Sem serviço de internet,Sem serviço de internet,Sem serviço de internet,Sem serviço de internet,Sem serviço de internet,Sem serviço de internet,Dois anos,Não,Transferência bancária,35.83,444.1,0
Feminino,1,Sim,Sim,46,Sim,Não,DSL,Não,Sim,Não,Não,Não,Não,Mês a mês,Sim,Cheque enviado pelo correio,116.12,4635.23,1
Masculino,0,Não,Não,53,Sim,Sim,Fibra óptica,Sim,Sim,Não,Não,Sim,Não,Um ano,Não,Transferência bancária,99.52,5870.2,0
Feminino,0,Sim,Não,63,Sim,Não,Fibra óptica,Sim,Sim,Não,Não,Não,Não,Um ano,Não,Transferência bancária,100.81,7219.84,0
Masculino,0,Sim,Não,2,Não,Sem serviço telefônico,DSL,Não,Não,Não,Não,Sim,Não,Mês a mês,Sim,Cheque eletrônico,72.9,155.51,1
Masculino,0,Sim,Não,40,Não,Sem serviço telefônico,DSL,Não,Sim,Sim,Sim,Não,Sim,Mês a mês,Não,Cheque eletrônico,21.94,803.75,0
Masculino,1,Sim,Sim,23,Sim,Sim,Não,Sem serviço de internet,Sem serviço de internet,Sem serviço de internet,Sem serviço de internet,Sem serviço de internet,Sem serviço de internet,Mês a mês,Sim,Cartão de crédito,99.8,2411.39,0
Masculino,0,Sim,Não,59,Sim,Não,Fibra óptica,Não,Sim,Não,Não,Não,Sim,Um ano,Sim,Cheque eletrônico,65.35,4285.13,1
Feminino,0,Não,Sim,69,Sim,Não,DSL,Não,Não,Não,Não,Não,Não,Mês a mês,Sim,Cheque eletrônico,89.48,6547.14,0
Feminino,0,Não,Sim,34,Sim,Sim,DSL,Não,Sim,Sim,Não,Não,Não,Mês a mês,Sim,Cartão de crédito,92.58,3392.43,1
Feminino,0,Sim,Não,27,Não,Sem serviço telefônico,DSL,Sim,Não,Sim,Não,Não,Não,Dois anos,Sim,Cheque eletrônico,22.03,561.23,0
Masculino,0,Sim,Não,55,Sim,Sim,Não,Sem serviço de internet,Sem serviço de internet,Sem serviço de internet,Sem serviço de internet,Sem serviço de internet,Sem serviço de internet,Mês a mês,Não,Cartão de crédito,40.53,2422.19,0
Feminino,0,Não,Não,4,Sim,Não,Fibra óptica,Não,Sim,Não,Sim,Não,Não,Um ano,Não,Cheque eletrônico,101.29,366.18,0
Feminino,0,Sim,Sim,68,Sim,Sim,Fibra óptica,Não,Sim,Sim,Sim,Sim,Não,Mês a mês,Não,Cartão de crédito,67.14,4843.0,1
Feminino,0,Não,Não,72,Sim,Sim,Não,Sem serviço de internet,Sem serviço de internet,Sem serviço de internet,Sem serviço de internet,Sem serviço de internet,Sem serviço de internet,Mês a mês,Não,Cheque enviado pelo correio,21.18,1400.74,0
Masculino,0,Não,Sim,70,Sim,Sim,Fibra óptica,Não,Sim,Sim,Sim,Sim,Sim,Mês a mês,Sim,Cheque eletrônico,113.92,8237.83,1
Masculino,0,Não,Sim,27,Sim,Não,Não,Sem serviço de internet,Sem serviço de internet,Sem serviço de internet,Sem serviço de internet,Sem serviço de internet,Sem serviço de internet,Mês a mês,Não,Transferência bancária,79.81,2086.9,1
Masculino,0,Sim,Não,47,Sim,Sim,DSL,Não,Sim,Não,Não,Sim,Não,Dois anos,Não,Cheque eletrônico,57.94,2797.22,0
Feminino,0,Sim,Não,40,Sim,Não,Fibra óptica,Não,Não,Não,Sim,Não,Sim,Dois anos,Sim,Transferência bancária,108.07,4031.12,0
Feminino,0,Sim,Sim,27,Sim,Não,Fibra óptica,Não,Não,Sim,Não,Não,Sim,Um ano,Sim,Cartão de crédito,31.21,960.72,0
Feminino,1,Sim,Sim,7,Sim,Não,Fibra óptica,Sim,Não,Não,Não,Não,Não,Dois anos,Sim,Cheque eletrônico,115.46,888.28,1
Masculino,0,Sim,Sim,23,Sim,Sim,DSL,Não,Não,Não,Não,Não,Não,Mês a mês,Sim,Cheque eletrônico,43.98,1085.4,1
Masculino,0,Não,Não,64,Não,Sem serviço telefônico,Fibra óptica,Não,Não,Sim,Sim,Não,Não,Mês a mês,Sim,Cheque enviado pelo correio,74.06,4824.95,0
Feminino,0,Não,Não,29,Sim,Sim,DSL,Não,Não,Não,Sim,Sim,Sim,Dois anos,Sim,Cartão de crédito,99.8,3164.41,0
Masculino,0,Não,Sim,61,Sim,Sim,Fibra óptica,Sim,Não,Sim,Não,Não,Não,Dois anos,Sim,Cheque enviado pelo correio,44.56,2883.92,0
Masculino,0,Não,Não,44,Sim,Sim,Não,Sem serviço de internet,Sem serviço de internet,Sem serviço de internet,Sem serviço de internet,Sem serviço de internet,Sem serviço de internet,Um ano,Sim,Cheque eletrônico,47.11,1966.61,0
Masculino,0,Sim,Sim,69,Sim,Não,Não,Sem serviço de internet,Sem serviço de internet,Sem serviço de internet,Sem serviço de internet,Sem serviço de internet,Sem serviço de internet,Mês a mês,Sim,Cheque eletrônico,77.1,4782.59,1
Masculino,0,Não,Sim,27,Sim,Não,DSL,Não,Não,Sim,Não,Não,Sim,Mês a mês,Não,Cheque eletrônico,25.38,675.75,1
Feminino,0,Sim,Não,12,Sim,Sim,Não,Sem serviço de internet,Sem serviço de internet,Sem serviço de internet,Sem serviço de internet,Sem serviço de internet,Sem serviço de internet,Mês a mês,Sim,Cheque eletrônico,93.8,1181.99,1
Masculino,0,Sim,Não,17,Sim,Não,Fibra óptica,Não,Não,Sim,Não,Sim,Sim,Mês a mês,Sim,Transferência bancária,48.85,809.74,1
Masculino,0,Não,Sim,37,Sim,Sim,Fibra óptica,Sim,Não,Não,Não,Não,Não,Mês a mês,Não,Cheque eletrônico,113.64,4574.25,1
Masculino,0,Não,Sim,34,Sim,Não,Fibra óptica,Não,Não,Sim,Não,Não,Sim,Mês a mês,Sim,Cartão de crédito,46.86,1492.2,0
Masculino,0,Não,Sim,36,Sim,Sim,DSL,Não,Não,Não,Não,Não,Sim,Mês a mês,Sim,Transferência bancária,112.12,3899.9,1
Feminino,0,Sim,Não,6,Sim,Sim,Fibra óptica,Não,Sim,Sim,Não,Não,Sim,Mês a mês,Sim,Transferência bancária,29.33,198.63,0
Feminino,0,Sim,Sim,32,Sim,Sim,Não,Sem serviço de internet,Sem serviço de internet,Sem serviço de internet,Sem serviço de internet,Sem serviço de internet,Sem serviço de internet,Mês a mês,Não,Cheque enviado pelo correio,58.06,1716.37,0
Masculino,0,Sim,Não,22,Sim,Não,Não,Sem serviço de internet,Sem serviço de internet,Sem serviço de internet,Sem serviço de internet,Sem serviço de internet,Sem serviço de internet,Mês a mês,Sim,Cartão de crédito,82.95,1642.24,1
Masculino,1,Sim,Não,10,Sim,Sim,DSL,Não,Não,Não,Não,Não,Sim,Dois anos,Sim,Cheque eletrônico,44.14,397.04,0
Masculino,0,Sim,Sim,29,Não,Sem serviço telefônico,DSL,Não,Sim,Sim,Não,Sim,Não,Mês a mês,Não,Cheque enviado pelo correio,92.66,2436.54,0
Masculino,0,Não,Não,11,Sim,Sim,Fibra óptica,Não,Sim,Não,Não,Não,Não,Dois anos,Sim,Cartão de crédito,117.29,1110.24,1
Masculino,0,Não,Sim,66,Sim,Sim,Fibra óptica,Sim,Não,Não,Sim,Não,Sim,Mês a mês,Não,Cheque eletrônico,112.22,7248.05,0
Masculino,0,Sim,Não,56,Sim,Não,DSL,Não,Não,Não,Sim,Sim,Não,Dois anos,Sim,Cheque enviado pelo correio,115.83,6571.64,0
Feminino,0,Não,Não,58,Sim,Sim,DSL,Não,Sim,Não,Não,Não,Não,Um ano,Não,Cheque eletrônico,23.48,1442.3,0
Masculino,0,Sim,Não,52,Sim,Não,DSL,Não,Sim,Não,Não,Não,Sim,Dois anos,Não,Cheque eletrônico,78.49,3543.09,1
Feminino,0,Não,Sim,61,Sim,Não,Fibra óptica,Não,Não,Sim,Não,Sim,Não,Mês a mês,Sim,Cheque enviado pelo correio,103.9,6409.73,0
Feminino,1,Sim,Não,17,Sim,Sim,DSL,Não,Sim,Sim,Sim,Sim,Não,Um ano,Não,Cheque eletrônico,105.39,1947.3,0
Masculino,0,Não,Sim,30,Sim,Não,Não,Sem serviço de internet,Sem serviço de internet,Sem serviço de internet,Sem serviço de internet,Sem serviço de internet,Sem serviço de internet,Mês a mês,Não,Cheque enviado pelo correio,66.72,2046.31,1
Feminino,0,Não,Não,72,Não,Sem serviço telefônico,DSL,Não,Não,Sim,Não,Sim,Sim,Mês a mês,Sim,Transferência bancária,19.15,1277.17,0
Feminino,0,Não,Não,37,Sim,Sim,Fibra óptica,Sim,Não,Não,Não,Não,Não,Um ano,Não,Cartão de crédito,94.84,3669.17,0
Feminino,0,Sim,Não,5,Sim,Sim,Fibra óptica,Sim,Sim,Não,Não,Não,Não,Dois anos,Não,Cheque eletrônico,111.87,535.6,0
Feminino,0,Não,Não,26,Sim,Não,Fibra óptica,Não,Não,Não,Não,Sim,Não,Mês a mês,Sim,Cartão de crédito,18.43,494.94,0
Feminino,0,Sim,Não,70,Sim,Não,DSL,Não,Sim,Não,Sim,Não,Não,Mês a mês,Não,Cheque enviado pelo correio,22.37,1781.31,0
Feminino,0,Sim,Não,1,Sim,Não,Fibra óptica,Não,Não,Não,Sim,Não,Não,Mês a mês,Sim,Cheque enviado pelo correio,95.37,88.52,0
Masculino,1,Sim,Não,9,Sim,Não,DSL,Não,Sim,Não,Sim,Não,Não,Mês a mês,Sim,Transferência bancária,95.88,912.19,1
Feminino,0,Não,Não,71,Sim,Não,Fibra óptica,Não,Sim,Não,Não,Não,Não,Um ano,Sim,Cheque eletrônico,39.05,2818.86,1
Feminino,0,Não,Não,64,Sim,Sim,DSL,Não,Não,Não,Não,Não,Sim,Mês a mês,Sim,Cartão de crédito,89.74,5555.36,0
Feminino,1,Sim,Não,24,Sim,Sim,DSL,Não,Sim,Não,Não,Não,Não,Um ano,Sim,Cartão de crédito,106.31,2170.93,0
Masculino,0,Não,Sim,5,Sim,Sim,Fibra óptica,Sim,Não,Não,Não,Não,Não,Mês a mês,Sim,Cheque enviado pelo correio,43.76,244.76,1
Feminino,0,Não,Sim,51,Sim,Não,Não,Sem serviço de internet,Sem serviço de internet,Sem serviço de internet,Sem serviço de internet,Sem serviço de internet,Sem serviço de internet,Mês a mês,Não,Cheque eletrônico,62.69,3528.71,0
Masculino,1,Não,Não,38,Sim,Sim,Não,Sem serviço de internet,Sem serviço de internet,Sem serviço de internet,Sem serviço de internet,Sem serviço de internet,Sem serviço de internet,Mês a mês,Sim,Cheque enviado pelo correio,66.62,2867.0,1
Feminino,0,Sim,Não,29,Sim,Não,Fibra óptica,Não,Sim,Não,Não,Não,Não,Mês a mês,Sim,Transferência bancária,59.43,1800.97,1
Masculino,1,Não,Não,46,Não,Sem serviço telefônico,DSL,Não,Não,Sim,Não,Sim,Sim,Um ano,Sim,Transferência bancária,50.64,2351.8,0
Masculino,0,Não,Sim,52,Sim,Não,DSL,Não,Não,Não,Não,Sim,Não,Mês a mês,Sim,Cheque enviado pelo correio,116.93,5446.54,1
Feminino,0,Sim,Não,46,Sim,Não,DSL,Sim,Não,Sim,Sim,Sim,Não,Mês a mês,Não,Cheque eletrônico,75.05,3412.76,0
Feminino,1,Não,Sim,68,Sim,Não,Fibra óptica,Não,Não,Sim,Não,Não,Sim,Dois anos,Sim,Transferência bancária,89.51,5936.02,0
Masculino,0,Sim,Não,59,Sim,Não,Não,Sem serviço de internet,Sem serviço de internet,Sem serviço de internet,Sem serviço de internet,Sem serviço de internet,Sem serviço de internet,Um ano,Não,Cheque eletrônico,28.66,1564.92,0
Feminino,0,Sim,Não,10,Não,Sem serviço telefônico,DSL,Sim,Sim,Não,Sim,Não,Não,Dois anos,Não,Cartão de crédito,68.95,757.26,0
Masculino,0,Sim,Sim,4,Sim,Não,DSL,Não,Não,Não,Sim,Não,Sim,Mês a mês,Sim,Cheque enviado pelo correio,107.61,451.78,1
Masculino,1,Sim,Não,52,Sim,Sim,Fibra óptica,Sim,Não,Não,Não,Não,Não,Mês a mês,Sim,Cartão de crédito,89.32,4964.54,0
Masculino,0,Não,Não,18,Sim,Sim,Fibra óptica,Não,Não,Não,Não,Sim,Não,Dois anos,Sim,Cheque enviado pelo correio,45.99,877.23,0
Masculino,0,Sim,Não,51,Sim,Não,DSL,Não,Não,Sim,Não,Não,Não,Dois anos,Sim,Cheque enviado pelo correio,102.28,4595.0,0
Masculino,0,Não,Sim,23,Sim,Sim,Não,Sem serviço de internet,Sem serviço de internet,Sem serviço de internet,Sem serviço de internet,Sem serviço de internet,Sem serviço de internet,Um ano,Sim,Transferência bancária,23.24,574.72,1
Feminino,0,Sim,Sim,25,Sim,Não,DSL,Não,Não,Não,Sim,Não,Sim,Mês a mês,Não,Cheque enviado pelo correio,116.55,3217.08,0
Masculino,0,Não,Sim,60,Sim,Sim,Fibra óptica,Não,Não,Não,Não,Não,Não,Dois anos,Não,Cheque eletrônico,93.78,5571.49,0
Masculino,0,Não,Sim,37,Sim,Não,Fibra óptica,Sim,Sim,Não,Não,Não,Sim,Mês a mês,Não,Cartão de crédito,113.09,4594.25,1
Feminino,0,Não,Sim,68,Sim,Não,DSL,Não,Não,Não,Não,Sim,Sim,Mês a mês,Não,Transferência bancária,103.54,6825.28,0
Masculino,0,Não,Sim,18,Sim,Não,Fibra óptica,Não,Não,Sim,Sim,Não,Não,Mês a mês,Não,Transferência bancária,95.11,1835.81,1
Feminino,0,Não,Não,29,Sim,Sim,DSL,Sim,Sim,Não,Não,Sim,Sim,Mês a mês,Sim,Cartão de crédito,62.23,1901.99,0
Feminino,0,Sim,Não,30,Sim,Sim,DSL,Não,Sim,Sim,Sim,Sim,Não,Dois anos,Sim,Transferência bancária,98.76,3308.2,0
Feminino,0,Não,Não,7,Não,Sem serviço telefônico,Não,Sem serviço de internet,Sem serviço de internet,Sem serviço de internet,Sem serviço de internet,Sem serviço de internet,Sem serviço de internet,Dois anos,Não,Cheque eletrônico,25.6,180.49,1
Masculino,1,Não,Não,41,Sim,Não,Não,Sem serviço de internet,Sem serviço de internet,Sem serviço de internet,Sem serviço de internet,Sem serviço de internet,Sem serviço de internet,Mês a mês,Sim,Cheque eletrônico,40.82,1512.14,1
Masculino,0,Não,Não,37,Sim,Não,DSL,Sim,Não,Não,Sim,Sim,Sim,Dois anos,Sim,Cartão de crédito,106.75,3696.23,0
Masculino,0,Não,Não,27,Sim,Não,Não,Sem serviço de internet,Sem serviço de internet,Sem serviço de internet,Sem serviço de internet,Sem serviço de internet,Sem serviço de internet,Mês a mês,Sim,Cartão de crédito,87.91,2350.94,0
Feminino,0,Não,Sim,21,Sim,Sim,DSL,Sim,Não,Não,Não,Não,Não,Mês a mês,Não,Transferência bancária,36.63,761.16,1
Masculino,0,Sim,Sim,43,Sim,Sim,Não,Sem serviço de internet,Sem serviço de internet,Sem serviço de internet,Sem serviço de internet,Sem serviço de internet,Sem serviço de internet,Mês a mês,Não,Cartão de crédito,59.55,2677.12,0
Feminino,0,Não,Não,51,Sim,Sim,DSL,Sim,Não,Não,Não,Sim,Não,Dois anos,Não,Cartão de crédito,89.34,3906.6,0
Masculino,0,Sim,Não,71,Sim,Não,Não,Sem serviço de internet,Sem serviço de internet,Sem serviço de internet,Sem serviço de internet,Sem serviço de internet,Sem serviço de internet,Dois anos,Não,Cheque eletrônico,97.63,6897.02,0
Feminino,0,Sim,Não,13,Sim,Sim,Fibra óptica,Não,Sim,Não,Não,Não,Não,Mês a mês,Não,Cheque enviado pelo correio,102.04,1357.84,1
Masculino,1,Não,Não,53,Sim,Sim,DSL,Não,Sim,Não,Sim,Não,Não,Dois anos,Não,Transferência bancária,32.8,1811.83,0
Masculino,0,Sim,Sim,63,Sim,Sim,Fibra óptica,Não,Não,Não,Sim,Não,Não,Um ano,Sim,Cheque enviado pelo correio,18.68,1258.44,0
Masculino,0,Sim,Não,57,Sim,Não,Fibra óptica,Não,Não,Não,Não,Não,Sim,Mês a mês,Não,Transferência bancária,31.45,1891.52,0
Feminino,0,Não,Não,25,Sim,Não,DSL,Não,Sim,Não,Não,Não,Sim,Dois anos,Sim,Cheque eletrônico,67.23,1806.76,0
Feminino,1,Não,Não,13,Sim,Sim,Fibra óptica,Não,Sim,Não,Sim,Não,Sim,Dois anos,Sim,Transferência bancária,110.18,1584.38,1
Masculino,0,Não,Não,37,Sim,Sim,DSL,Não,Não,Não,Não,Não,Não,Mês a mês,Sim,Transferência bancária,37.38,1210.86,1
Masculino,0,Não,Não,30,Sim,Sim,DSL,Não,Sim,Não,Não,Não,Sim,Mês a mês,Não,Cartão de crédito,95.14,2804.16,1
Feminino,0,Não,Sim,12,Sim,Não,Fibra óptica,Sim,Não,Não,Não,Não,Sim,Um ano,Sim,Cartão de crédito,85.89,935.78,0
Feminino,0,Sim,Sim,65,Não,Sem serviço telefônico,DSL,Não,Não,Não,Não,Não,Sim,Um ano,Não,Transferência bancária,114.38,6335.38,0
Feminino,0,Não,Não,18,Sim,Sim,Não,Sem serviço de internet,Sem serviço de internet,Sem serviço de internet,Sem serviço de internet,Sem serviço de internet,Sem serviço de internet,Mês a mês,Sim,Cheque eletrônico,47.08,811.5,0
Masculino,0,Sim,Não,62,Sim,Não,DSL,Não,Não,Sim,Não,Sim,Não,Mês a mês,Sim,Cheque enviado pelo correio,86.59,6168.58,0
Feminino,1,Sim,Sim,24,Sim,Não,Fibra óptica,Não,Sim,Não,Não,Sim,Sim,Mês a mês,Sim,Transferência bancária,20.96,467.83,0
Masculino,1,Não,Sim,60,Sim,Sim,DSL,Não,Sim,Sim,Não,Não,Não,Mês a mês,Sim,Cheque enviado pelo correio,42.01,2493.79,1
Feminino,0,Não,Não,17,Sim,Sim,Fibra óptica,Não,Não,Não,Não,Sim,Não,Mês a mês,Sim,Cartão de crédito,80.53,1534.05,1
Masculino,1,Sim,Não,60,Sim,Sim,DSL,Não,Não,Sim,Não,Não,Sim,Um ano,Sim,Cheque eletrônico,115.05,6240.24,0
Feminino,0,Sim,Não,9,Sim,Sim,DSL,Não,Não,Sim,Não,Não,Não,Mês a mês,Sim,Transferência bancária,57.91,466.39,1
Feminino,0,Não,Não,52,Sim,Não,Não,Sem serviço de internet,Sem serviço de internet,Sem serviço de internet,Sem serviço de internet,Sem serviço de internet,Sem serviço de internet,Dois anos,Sim,Cartão de crédito,84.44,4172.41,0
Feminino,0,Não,Não,15,Sim,Sim,DSL,Não,Sim,Sim,Sim,Sim,Não,Mês a mês,Não,Cheque eletrônico,25.36,397.42,0
Feminino,0,Não,Sim,28,Sim,Não,DSL,Sim,Não,Sim,Não,Sim,Não,Um ano,Não,Cheque eletrônico,19.14,552.49,1
Feminino,1,Sim,Sim,9,Sim,Não,DSL,Sim,Sim,Não,Não,Não,Não,Dois anos,Sim,Transferência bancária,33.01,278.29,0
Masculino,0,Não,Não,56,Não,Sem serviço telefônico,DSL,Não,Sim,Não,Não,Sim,Não,Um ano,Não,Transferência bancária,76.14,4781.46,0
Feminino,0,Sim,Não,36,Sim,Não,Não,Sem serviço de internet,Sem serviço de internet,Sem serviço de internet,Sem serviço de internet,Sem serviço de internet,Sem serviço de internet,Dois anos,Não,Cartão de crédito,98.96,3127.79,0
Feminino,0,Sim,Não,56,Sim,Sim,Fibra óptica,Não,Não,Sim,Sim,Não,Não,Mês a mês,Sim,Transferência bancária,54.3,3385.25,1
Feminino,0,Não,Não,71,Sim,Não,Fibra óptica,Não,Não,Não,Sim,Não,Não,Mês a mês,Sim,Transferência bancária,88.04,5638.22,0
Masculino,0,Não,Não,20,Sim,Não,Fibra óptica,Sim,Sim,Não,Não,Não,Não,Mês a mês,Não,Cheque enviado pelo correio,65.65,1323.58,0
Feminino,0,Sim,Não,55,Sim,Não,Fibra óptica,Sim,Sim,Sim,Sim,Não,Sim,Um ano,Sim,Cheque eletrônico,99.83,5672.99,0
Masculino,0,Sim,Sim,60,Sim,Não,DSL,Sim,Não,Sim,Sim,Não,Não,Dois anos,Sim,Cheque enviado pelo correio,28.41,1927.33,0
Feminino,1,Não,Não,35,Sim,Não,Fibra óptica,Não,Não,Não,Sim,Não,Sim,Mês a mês,Sim,Transferência bancária,76.41,2504.36,0
Feminino,0,Sim,Não,1,Sim,Sim,Não,Sem serviço de internet,Sem serviço de internet,Sem serviço de internet,Sem serviço de internet,Sem serviço de internet,Sem serviço de internet,Um ano,Sim,Cartão de crédito,111.15,125.06,0
Masculino,0,Sim,Não,45,Sim,Não,DSL,Não,Sim,Não,Sim,Sim,Não,Mês a mês,Não,Transferência bancária,26.86,1378.38,1
Feminino,1,Sim,Não,69,Sim,Sim,DSL,Não,Não,Não,Não,Não,Não,Mês a mês,Não,Transferência bancária,44.31,3478.83,0
Masculino,0,Sim,Não,40,Sim,Não,DSL,Sim,Não,Sim,Não,Não,Não,Mês a mês,Sim,Cheque enviado pelo correio,45.31,1820.05,0
Masculino,0,Sim,Sim,38,Sim,Não,Não,Sem serviço de internet,Sem serviço de internet,Sem serviço de internet,Sem serviço de internet,Sem serviço de internet,Sem serviço de internet,Mês a mês,Sim,Cheque enviado pelo correio,83.29,2841.61,0
Feminino,0,Não,Não,24,Sim,Não,DSL,Não,Não,Não,Não,Não,Sim,Dois anos,Não,Cheque enviado pelo correio,96.12,2325.02,0
Masculino,0,Não,Não,4,Sim,Sim,Fibra óptica,Sim,Não,Sim,Sim,Não,Não,Dois anos,Sim,Cheque enviado pelo correio,81.98,358.77,1
Feminino,0,Não,Não,69,Sim,Não,Fibra óptica,Não,Não,Sim,Não,Não,Não,Mês a mês,Não,Cheque enviado pelo correio,62.76,4150.03,0
Feminino,0,Não,Não,13,Sim,Não,Não,Sem serviço de internet,Sem serviço de internet,Sem serviço de internet,Sem serviço de internet,Sem serviço de internet,Sem serviço de internet,Dois anos,Sim,Cartão de crédito,43.05,605.12,0
Masculino,0,Não,Não,21,Sim,Não,DSL,Não,Não,Não,Não,Não,Sim,Mês a mês,Não,Cheque eletrônico,110.89,2386.2,1
Masculino,0,Não,Não,32,Sim,Não,Fibra óptica,Sim,Sim,Sim,Não,Não,Não,Mês a mês,Sim,Transferência bancária,36.13,1169.23,1
Masculino,0,Não,Não,38,Sim,Sim,DSL,Não,Não,Não,Não,Não,Sim,Dois anos,Não,Cartão de crédito,94.92,3488.32,0
Masculino,0,Sim,Não,32,Sim,Sim,Não,Sem serviço de internet,Sem serviço de internet,Sem serviço de internet,Sem serviço de internet,Sem serviço de internet,Sem serviço de internet,Mês a mês,Sim,Cheque enviado pelo correio,33.7,1137.87,0
Feminino,0,Não,Sim,57,Sim,Não,Não,Sem serviço de internet,Sem serviço de internet,Sem serviço de internet,Sem serviço de internet,Sem serviço de internet,Sem serviço de internet,Dois anos,Sim,Cartão de crédito,60.29,3302.47,0
Feminino,0,Sim,Não,48,Sim,Sim,Fibra óptica,Não,Não,Sim,Sim,Não,Não,Dois anos,Sim,Transferência bancária,48.13,2276.59,0
Masculino,0,Não,Não,30,Sim,Não,Não,Sem serviço de internet,Sem serviço de internet,Sem serviço de internet,Sem serviço de internet,Sem serviço de internet,Sem serviço de internet,Mês a mês,Sim,Cheque eletrônico,46.73,1239.35,0
Feminino,0,Não,Não,71,Sim,Sim,DSL,Não,Não,Sim,Sim,Não,Não,Mês a mês,Sim,Cheque eletrônico,48.6,3725.6,0
Feminino,0,Não,Não,38,Sim,Não,DSL,Sim,Não,Não,Não,Sim,Sim,Dois anos,Não,Cheque eletrônico,100.54,3943.06,0
Feminino,1,Não,Sim,44,Sim,Sim,Fibra óptica,Não,Não,Não,Sim,Não,Não,Um ano,Sim,Transferência bancária,41.19,1936.43,0
Feminino,0,Sim,Não,26,Sim,Sim,Não,Sem serviço de internet,Sem serviço de internet,Sem serviço de internet,Sem serviço de internet,Sem serviço de internet,Sem serviço de internet,Um ano,Sim,Transferência bancária,40.52,1198.86,0
Masculino,0,Sim,Não,2,Sim,Não,DSL,Não,Não,Sim,Não,Não,Sim,Mês a mês,Não,Cartão de crédito,51.24,94.96,0
Masculino,0,Sim,Não,43,Sim,Não,Fibra óptica,Não,Não,Não,Sim,Sim,Sim,Mês a mês,Sim,Cartão de crédito,83.0,3800.83,0
Feminino,1,Sim,Não,43,Sim,Sim,DSL,Não,Não,Não,Não,Não,Sim,Mês a mês,Sim,Cheque eletrônico,73.4,2994.84,0
Masculino,0,Sim,Não,63,Sim,Não,DSL,Sim,Sim,Não,Não,Não,Sim,Mês a mês,Sim,Cheque eletrônico,60.47,3469.09,1
Masculino,0,Sim,Não,58,Sim,Não,DSL,Sim,Não,Sim,Sim,Não,Sim,Mês a mês,Sim,Cheque eletrônico,111.97,6568.15,0
Masculino,1,Sim,Sim,48,Sim,Não,Fibra óptica,Sim,Não,Não,Não,Não,Não,Um ano,Sim,Cheque enviado pelo correio,35.18,1922.8,0
Feminino,0,Não,Não,5,Sim,Sim,DSL,Sim,Não,Não,Não,Não,Não,Mês a mês,Sim,Cheque enviado pelo correio,30.04,170.67,1
Feminino,0,Sim,Não,35,Sim,Sim,Fibra óptica,Sim,Não,Sim,Não,Não,Sim,Um ano,Não,Cheque eletrônico,35.66,1400.96,0
Feminino,0,Sim,Não,16,Sim,Sim,Não,Sem serviço de internet,Sem serviço de internet,Sem serviço de internet,Sem serviço de internet,Sem serviço de internet,Sem serviço de internet,Mês a mês,Não,Cheque eletrônico,78.62,1256.15,0
Masculino,0,Sim,Sim,49,Sim,Sim,Fibra óptica,Não,Sim,Sim,Sim,Sim,Sim,Mês a mês,Não,Cheque enviado pelo correio,96.87,4954.26,1
Feminino,0,Não,Sim,60,Sim,Não,Não,Sem serviço de internet,Sem serviço de internet,Sem serviço de internet,Sem serviço de internet,Sem serviço de internet,Sem serviço de internet,Um ano,Sim,Cartão de crédito,92.52,4832.13,0
Feminino,0,Sim,Sim,51,Sim,Não,DSL,Não,Não,Não,Não,Sim,Não,Dois anos,Não,Transferência bancária,109.05,5002.13,0
Masculino,0,Não,Não,59,Sim,Não,DSL,Sim,Sim,Não,Não,Não,Não,Mês a mês,Sim,Cartão de crédito,91.24,5011.17,0
Feminino,0,Sim,Sim,64,Sim,Sim,Fibra óptica,Sim,Sim,Não,Não,Não,Não,Um ano,Não,Transferência bancária,117.98,6981.82,0
Feminino,0,Não,Não,13,Não,Sem serviço telefônico,DSL,Não,Não,Não,Não,Não,Sim,Um ano,Não,Cartão de crédito,72.95,1059.65,0
Masculino,0,Não,Não,26,Sim,Não,Não,Sem serviço de internet,Sem serviço de internet,Sem serviço de internet,Sem serviço de internet,Sem serviço de internet,Sem serviço de internet,Mês a mês,Sim,Cheque eletrônico,117.49,3063.05,1
Masculino,0,Sim,Não,70,Sim,Não,Fibra óptica,Não,Não,Sim,Não,Não,Não,Dois anos,Sim,Cartão de crédito,71.75,4914.54,0
Masculino,0,Sim,Não,3,Sim,Não,Fibra óptica,Não,Sim,Não,Não,Não,Não,Mês a mês,Sim,Transferência bancária,26.07,68.58,1
Feminino,0,Sim,Não,12,Sim,Sim,Não,Sem serviço de internet,Sem serviço de internet,Sem serviço de internet,Sem serviço de internet,Sem serviço de internet,Sem serviço de internet,Mês a mês,Não,Transferência bancária,98.44,1279.95,0
Feminino,1,Não,Não,41,Não,Sem serviço telefônico,Não,Sem serviço de internet,Sem serviço de internet,Sem serviço de internet,Sem serviço de internet,Sem serviço de internet,Sem serviço de internet,Mês a mês,Sim,Transferência bancária,106.61,3720.05,0
Feminino,0,Sim,Sim,65,Sim,Não,DSL,Não,Não,Sim,Não,Não,Sim,Um ano,Sim,Transferência bancária,62.82,4507.22,0
Masculino,0,Não,Não,63,Sim,Não,DSL,Sim,Não,Sim,Sim,Não,Não,Dois anos,Sim,Cheque enviado pelo correio,32.89,1873.82,0
Masculino,0,Não,Não,50,Sim,Não,DSL,Não,Não,Não,Não,Não,Não,Mês a mês,Não,Cartão de crédito,111.68,5582.57,1
Feminino,0,Não,Sim,47,Sim,Sim,Fibra óptica,Não,Não,Não,Sim,Não,Não,Mês a mês,Sim,Cheque enviado pelo correio,108.13,4858.45,0
Feminino,0,Sim,Não,8,Não,Sem serviço telefônico,DSL,Não,Não,Não,Não,Sim,Não,Mês a mês,Sim,Cheque enviado pelo correio,44.29,400.22,0
Masculino,0,Sim,Não,31,Sim,Sim,Fibra óptica,Sim,Não,Sim,Não,Não,Não,Dois anos,Sim,Cartão de crédito,35.02,1237.52,0
Masculino,0,Não,Não,11,Sim,Sim,DSL,Sim,Não,Sim,Não,Não,Sim,Mês a mês,Sim,Cartão de crédito,27.37,329.23,1
Masculino,0,Não,Não,17,Sim,Não,Fibra óptica,Não,Não,Não,Não,Não,Não,Dois anos,Sim,Cheque eletrônico,40.15,706.58,1
Masculino,0,Não,Não,27,Sim,Não,Fibra óptica,Não,Sim,Não,Não,Não,Sim,Mês a mês,Sim,Cartão de crédito,100.43,2719.69,1
Feminino,0,Não,Não,27,Sim,Sim,DSL,Não,Não,Não,Sim,Sim,Não,Um ano,Sim,Cartão de crédito,76.3,1895.93,1
Masculino,1,Não,Não,56,Sim,Não,Fibra óptica,Sim,Não,Não,Sim,Não,Sim,Mês a mês,Não,Cheque eletrônico,66.31,3818.68,0
Feminino,0,Não,Não,69,Sim,Não,DSL,Sim,Sim,Sim,Não,Sim,Sim,Dois anos,Sim,Cheque eletrônico,107.9,7807.08,0
Feminino,0,Não,Não,47,Sim,Não,Fibra óptica,Sim,Sim,Sim,Não,Sim,Sim,Mês a mês,Sim,Cartão de crédito,52.16,2771.92,1
Feminino,0,Sim,Não,19,Sim,Sim,Fibra óptica,Sim,Não,Sim,Sim,Não,Não,Dois anos,Sim,Cheque eletrônico,64.63,1269.33,0
Masculino,0,Não,Não,57,Sim,Sim,Fibra óptica,Não,Não,Não,Não,Não,Não,Um ano,Sim,Cartão de crédito,113.46,7154.77,0
Masculino,0,Sim,Sim,31,Não,Sem serviço telefônico,Fibra óptica,Não,Não,Não,Sim,Não,Sim,Um ano,Não,Cheque eletrônico,45.65,1379.26,0
Masculino,0,Sim,Não,16,Sim,Não,Fibra óptica,Não,Não,Sim,Não,Sim,Não,Mês a mês,Sim,Cheque eletrônico,87.21,1409.97,1
Masculino,0,Não,Não,45,Sim,Não,Fibra óptica,Sim,Sim,Não,Não,Sim,Não,Mês a mês,Sim,Transferência bancária,34.8,1761.81,0
Feminino,0,Sim,Sim,27,Sim,Sim,DSL,Não,Não,Não,Sim,Não,Sim,Um ano,Não,Transferência bancária,73.44,2129.94,0
Masculino,0,Sim,Sim,61,Não,Sem serviço telefônico,Fibra óptica,Sim,Sim,Não,Não,Não,Sim,Dois anos,Sim,Cartão de crédito,103.14,7088.83,1
Masculino,0,Sim,Sim,26,Sim,Sim,Fibra óptica,Não,Sim,Não,Não,Sim,Não,Mês a mês,Não,Cheque eletrônico,47.84,1109.26,0
Feminino,1,Não,Não,29,Sim,Sim,DSL,Sim,Não,Sim,Não,Não,Não,Dois anos,Não,Cheque eletrônico,35.57,939.82,1
Masculino,0,Não,Não,44,Sim,Sim,DSL,Não,Sim,Não,Não,Não,Sim,Mês a mês,Não,Transferência bancária,105.47,4348.4,0
Feminino,0,Não,Sim,29,Sim,Sim,Fibra óptica,Sim,Sim,Sim,Sim,Não,Não,Mês a mês,Sim,Cheque enviado pelo correio,35.92,1146.34,0
Feminino,0,Sim,Não,2,Não,Sem serviço telefônico,Fibra óptica,Não,Sim,Não,Não,Não,Não,Mês a mês,Não,Transferência bancária,108.8,210.71,1
Feminino,0,Sim,Não,6,Não,Sem serviço telefônico,Fibra óptica,Não,Sim,Não,Sim,Não,Sim,Mês a mês,Não,Cheque eletrônico,90.37,463.66,1
Feminino,1,Sim,Sim,9,Sim,Não,DSL,Não,Não,Não,Não,Não,Não,Um ano,Não,Cartão de crédito,35.13,296.69,0
Feminino,0,Sim,Sim,15,Sim,Não,DSL,Sim,Não,Não,Não,Não,Sim,Mês a mês,Sim,Cheque eletrônico,107.68,1424.27,1
Feminino,0,Não,Não,58,Sim,Não,Fibra óptica,Não,Sim,Não,Não,Não,Sim,Mês a mês,Não,Cheque enviado pelo correio,42.68,2667.76,1
Feminino,0,Sim,Sim,2,Sim,Sim,Não,Sem serviço de internet,Sem serviço de internet,Sem serviço de internet,Sem serviço de internet,Sem serviço de internet,Sem serviço de internet,Um ano,Não,Transferência bancária,43.58,82.36,0
Feminino,0,Sim,Sim,3,Sim,Sim,Não,Sem serviço de internet,Sem serviço de internet,Sem serviço de internet,Sem serviço de internet,Sem serviço de internet,Sem serviço de internet,Mês a mês,Sim,Cheque eletrônico,93.71,295.38,0
Masculino,0,Sim,Não,52,Sim,Sim,Fibra óptica,Não,Não,Sim,Não,Sim,Sim,Mês a mês,Sim,Cheque eletrônico,79.67,3977.0,1
Masculino,0,Sim,Não,55,Sim,Não,Fibra óptica,Sim,Sim,Não,Não,Sim,Sim,Mês a mês,Não,Cheque eletrônico,100.86,6274.99,0
Masculino,1,Sim,Não,53,Sim,Sim,Fibra óptica,Não,Não,Não,Não,Sim,Sim,Um ano,Não,Cheque eletrônico,57.43,2820.65,0
Masculino,0,Não,Não,72,Sim,Sim,Não,Sem serviço de internet,Sem serviço de internet,Sem serviço de internet,Sem serviço de internet,Sem serviço de internet,Sem serviço de internet,Dois anos,Sim,Cartão de crédito,90.66,6677.57,0
Feminino,0,Não,Não,40,Sim,Sim,DSL,Não,Não,Não,Não,Não,Sim,Mês a mês,Não,Cheque enviado pelo correio,73.16,2988.61,0
Masculino,0,Não,Sim,39,Sim,Não,Fibra óptica,Não,Não,Não,Não,Não,Não,Dois anos,Não,Cheque eletrônico,69.87,2802.98,1
Feminino,0,Não,Sim,43,Sim,Não,Não,Sem serviço de internet,Sem serviço de internet,Sem serviço de internet,Sem serviço de internet,Sem serviço de internet,Sem serviço de internet,Mês a mês,Sim,Cartão de crédito,80.97,3187.44,0
Masculino,0,Sim,Não,13,Sim,Sim,DSL,Não,Não,Não,Sim,Sim,Sim,Mês a mês,Sim,Cheque eletrônico,109.19,1344.75,1
Masculino,0,Não,Não,37,Sim,Sim,DSL,Não,Não,Não,Não,Sim,Sim,Mês a mês,Sim,Cartão de crédito,80.93,2733.87,0
Masculino,1,Não,Não,55,Não,Sem serviço telefônico,Não,Sem serviço de internet,Sem serviço de internet,Sem serviço de internet,Sem serviço de internet,Sem serviço de internet,Sem serviço de internet,Mês a mês,Sim,Cheque eletrônico,72.52,3418.18,0
Feminino,0,Sim,Sim,32,Sim,Sim,Não,Sem serviço de internet,Sem serviço de internet,Sem serviço de internet,Sem serviço de internet,Sem serviço de internet,Sem serviço de internet,Um ano,Sim,Transferência bancária,116.47,3885.43,0
Masculino,0,Não,Sim,14,Sim,Sim,Fibra óptica,Sim,Não,Sim,Não,Não,Sim,Mês a mês,Não,Cheque eletrônico,100.9,1622.75,1
Feminino,0,Não,Sim,65,Sim,Sim,DSL,Não,Não,Não,Não,Não,Não,Mês a mês,Sim,Cartão de crédito,19.29,1327.1,1
Feminino,0,Sim,Não,27,Sim,Não,DSL,Não,Sim,Não,Não,Não,Sim,Um ano,Sim,Cheque eletrônico,41.81,1229.2,1
Masculino,0,Não,Sim,24,Sim,Sim,Fibra óptica,Não,Não,Não,Sim,Não,Sim,Dois anos,Sim,Cheque enviado pelo correio,61.69,1278.43,0
Masculino,0,Não,Não,22,Sim,Não,Fibra óptica,Não,Sim,Sim,Sim,Não,Sim,Dois anos,Não,Cheque eletrônico,62.19,1462.79,1
Masculino,0,Não,Não,45,Sim,Sim,Fibra óptica,Não,Não,Não,Não,Não,Não,Dois anos,Não,Cheque enviado pelo correio,113.33,5153.18,0
Feminino,0,Não,Sim,8,Sim,Não,Não,Sem serviço de internet,Sem serviço de internet,Sem serviço de internet,Sem serviço de internet,Sem serviço de internet,Sem serviço de internet,Mês a mês,Sim,Cheque enviado pelo correio,48.09,359.26,0
Masculino,1,Sim,Sim,67,Sim,Não,Não,Sem serviço de internet,Sem serviço de internet,Sem serviço de internet,Sem serviço de internet,Sem serviço de internet,Sem serviço de internet,Dois anos,Sim,Cartão de crédito,115.01,7936.04,0
Feminino,1,Sim,Não,64,Não,Sem serviço telefônico,Não,Sem serviço de internet,Sem serviço de internet,Sem serviço de internet,Sem serviço de internet,Sem serviço de internet,Sem serviço de internet,Mês a mês,Sim,Cartão de crédito,21.3,1449.28,0
Feminino,0,Não,Sim,47,Sim,Não,Não,Sem serviço de internet,Sem serviço de internet,Sem serviço de internet,Sem serviço de internet,Sem serviço de internet,Sem serviço de internet,Dois anos,Não,Cartão de crédito,108.41,5764.93,0
Masculino,0,Não,Sim,21,Sim,Não,Fibra óptica,Sim,Não,Não,Não,Sim,Não,Mês a mês,Sim,Cheque eletrônico,81.75,1562.2,1
Masculino,0,Não,Sim,32,Sim,Não,DSL,Não,Não,Sim,Sim,Sim,Sim,Dois anos,Sim,Cheque eletrônico,58.96,1993.49,1
Feminino,0,Sim,Não,45,Sim,Sim,DSL,Sim,Não,Não,Sim,Sim,Sim,Um ano,Não,Transferência bancária,117.02,5379.61,0
Feminino,0,Sim,Não,44,Sim,Sim,DSL,Não,Não,Não,Não,Sim,Não,Mês a mês,Sim,Transferência bancária,117.79,5325.69,0
Feminino,0,Sim,Sim,41,Sim,Sim,Não,Sem serviço de internet,Sem serviço de internet,Sem serviço de internet,Sem serviço de internet,Sem serviço de internet,Sem serviço de internet,Dois anos,Sim,Cartão de crédito,59.99,2162.22,0
Masculino,0,Sim,Não,52,Sim,Sim,DSL,Não,Sim,Não,Não,Não,Não,Dois anos,Sim,Transferência bancária,37.34,1906.82,0
Feminino,0,Sim,Não,11,Sim,Sim,DSL,Não,Não,Sim,Sim,Sim,Não,Um ano,Sim,Cheque eletrônico,63.67,726.84,0
Masculino,0,Sim,Não,18,Sim,Sim,DSL,Não,Não,Não,Sim,Sim,Sim,Mês a mês,Não,Cheque enviado pelo correio,101.28,1661.91,0
Feminino,0,Sim,Sim,11,Sim,Não,DSL,Não,Sim,Sim,Não,Não,Não,Mês a mês,Não,Transferência bancária,88.42,895.13,0
Feminino,0,Sim,Não,27,Sim,Não,Fibra óptica,Sim,Não,Não,Não,Sim,Sim,Mês a mês,Sim,Cartão de crédito,23.9,664.67,1
Masculino,0,Sim,Não,43,Sim,Não,Não,Sem serviço de internet,Sem serviço de internet,Sem serviço de internet,Sem serviço de internet,Sem serviço de internet,Sem serviço de internet,Um ano,Não,Cheque enviado pelo correio,40.28,1833.34,0
Feminino,0,Não,Não,65,Não,Sem serviço telefônico,Fibra óptica,Não,Não,Sim,Sim,Não,Não,Dois anos,Sim,Transferência bancária,64.59,3823.35,0
Masculino,0,Não,Não,54,Sim,Sim,Fibra óptica,Não,Não,Não,Não,Não,Não,Mês a mês,Não,Cheque enviado pelo correio,113.85,6316.37,0
Masculino,1,Sim,Não,29,Sim,Sim,Fibra óptica,Sim,Sim,Não,Não,Não,Sim,Mês a mês,Sim,Cheque eletrônico,79.68,2262.62,1
Feminino,0,Não,Não,21,Não,Sem serviço telefônico,DSL,Sim,Não,Sim,Sim,Não,Sim,Dois anos,Não,Cheque enviado pelo correio,23.07,435.85,0
Masculino,0,Não,Não,29,Sim,Não,Não,Sem serviço de internet,Sem serviço de internet,Sem serviço de internet,Sem serviço de internet,Sem serviço de internet,Sem serviço de internet,Mês a mês,Sim,Cheque eletrônico,56.36,1439.17,0
Masculino,0,Não,Não,9,Sim,Sim,Não,Sem serviço de internet,Sem serviço de internet,Sem serviço de internet,Sem serviço de internet,Sem serviço de internet,Sem serviço de internet,Mês a mês,Não,Cheque enviado pelo correio,108.68,1059.76,1
Feminino,1,Sim,Não,61,Sim,Não,DSL,Não,Sim,Não,Não,Não,Não,Dois anos,Não,Cheque eletrônico,68.59,3934.34,0
Masculino,0,Sim,Sim,62,Sim,Não,Fibra óptica,Não,Não,Sim,Não,Não,Sim,Dois anos,Sim,Cheque eletrônico,27.71,1529.24,0
Masculino,0,Não,Sim,71,Sim,Sim,DSL,Sim,Não,Não,Não,Não,Sim,Mês a mês,Não,Transferência bancária,77.85,5761.35,0
Masculino,1,Sim,Não,5,Sim,Não,Não,Sem serviço de internet,Sem serviço de internet,Sem serviço de internet,Sem serviço de internet,Sem serviço de internet,Sem serviço de internet,Mês a mês,Não,Cheque eletrônico,85.75,408.72,0
Feminino,0,Não,Não,15,Sim,Sim,Fibra óptica,Não,Não,Sim,Não,Não,Não,Mês a mês,Sim,Transferência bancária,93.27,1205.2,0
Masculino,1,Não,Não,57,Sim,Não,DSL,Não,Sim,Sim,Não,Sim,Sim,Um ano,Sim,Cheque eletrônico,51.57,3331.07,1
Feminino,1,Não,Não,5,Sim,Não,DSL,Sim,Não,Sim,Não,Sim,Sim,Mês a mês,Sim,Transferência bancária,88.1,463.3,1
Feminino,1,Sim,Sim,20,Sim,Sim,Fibra óptica,Não,Não,Sim,Sim,Sim,Sim,Mês a mês,Não,Cheque eletrônico,50.02,907.73,0
Masculino,0,Sim,Não,4,Sim,Sim,Fibra óptica,Sim,Não,Não,Não,Sim,Não,Dois anos,Sim,Cheque eletrônico,70.03,242.22,1
Masculino,0,Sim,Sim,56,Sim,Sim,DSL,Não,Não,Não,Não,Não,Não,Mês a mês,Não,Cheque enviado pelo correio,19.95,1114.75,0
Masculino,0,Não,Não,34,Sim,Sim,Não,Sem serviço de internet,Sem serviço de internet,Sem serviço de internet,Sem serviço de internet,Sem serviço de internet,Sem serviço de internet,Mês a mês,Sim,Cartão de crédito,85.41,3335.98,0
Feminino,0,Sim,Não,40,Sim,Não,Não,Sem serviço de internet,Sem serviço de internet,Sem serviço de internet,Sem serviço de internet,Sem serviço de internet,Sem serviço de internet,Um ano,Sim,Transferência bancária,55.84,2147.53,0
Masculino,0,Não,Sim,69,Sim,Não,DSL,Não,Não,Sim,Sim,Não,Não,Mês a mês,Não,Cheque eletrônico,88.5,6802.37,0
Masculino,0,Sim,Sim,68,Sim,Não,Não,Sem serviço de internet,Sem serviço de internet,Sem serviço de internet,Sem serviço de internet,Sem serviço de internet,Sem serviço de internet,Dois anos,Sim,Transferência bancária,114.44,8280.91,0
Masculino,0,Sim,Sim,22,Sim,Não,Fibra óptica,Sim,Não,Sim,Sim,Não,Não,Mês a mês,Não,Cheque enviado pelo correio,26.11,532.59,0
Masculino,0,Sim,Sim,14,Sim,Sim,DSL,Sim,Não,Não,Sim,Não,Sim,Mês a mês,Sim,Cartão de crédito,103.94,1256.07,0
Masculino,0,Não,Não,68,Sim,Sim,Fibra óptica,Não,Sim,Sim,Não,Não,Não,Dois anos,Sim,Transferência bancária,41.26,3127.78,0
Feminino,0,Não,Sim,8,Sim,Sim,DSL,Não,Sim,Sim,Não,Sim,Não,Dois anos,Sim,Cartão de crédito,42.21,368.93,1
Feminino,0,Sim,Sim,67,Sim,Sim,Não,Sem serviço de internet,Sem serviço de internet,Sem serviço de internet,Sem serviço de internet,Sem serviço de internet,Sem serviço de internet,Mês a mês,Não,Cheque eletrônico,40.6,2889.07,1
Masculino,0,Não,Sim,46,Sim,Sim,Fibra óptica,Não,Não,Sim,Não,Sim,Não,Dois anos,Sim,Cheque enviado pelo correio,31.75,1670.15,0
Masculino,0,Não,Não,29,Sim,Não,Não,Sem serviço de internet,Sem serviço de internet,Sem serviço de internet,Sem serviço de internet,Sem serviço de internet,Sem serviço de internet,Mês a mês,Sim,Cheque eletrônico,37.61,1234.82,0
Masculino,0,Não,Não,12,Sim,Sim,Fibra óptica,Sim,Não,Sim,Sim,Não,Não,Um ano,Sim,Cheque enviado pelo correio,92.24,1004.99,0
Masculino,0,Não,Sim,52,Sim,Não,DSL,Não,Sim,Não,Não,Sim,Não,Dois anos,Sim,Cheque eletrônico,94.85,4969.67,0
Feminino,0,Sim,Não,58,Sim,Sim,Fibra óptica,Não,Sim,Sim,Não,Sim,Não,Mês a mês,Não,Cheque eletrônico,114.13,6038.37,1
Masculino,0,Sim,Não,2,Sim,Sim,Não,Sem serviço de internet,Sem serviço de internet,Sem serviço de internet,Sem serviço de internet,Sem serviço de internet,Sem serviço de internet,Mês a mês,Sim,Cheque enviado pelo correio,28.38,63.42,0
Feminino,0,Não,Não,1,Sim,Não,Fibra óptica,Não,Sim,Sim,Não,Não,Sim,Um ano,Não,Cartão de crédito,33.06,28.52,1
Feminino,0,Sim,Não,55,Sim,Não,Fibra óptica,Sim,Não,Não,Não,Sim,Sim,Mês a mês,Não,Transferência bancária,106.51,6210.88,0
Masculino,1,Sim,Sim,34,Sim,Não,Não,Sem serviço de internet,Sem serviço de internet,Sem serviço de internet,Sem serviço de internet,Sem serviço de internet,Sem serviço de internet,Mês a mês,Sim,Cheque enviado pelo correio,74.46,2665.3,1
Feminino,0,Sim,Não,64,Sim,Não,Não,Sem serviço de internet,Sem serviço de internet,Sem serviço de internet,Sem serviço de internet,Sem serviço de internet,Sem serviço de internet,Um ano,Não,Transferência bancária,72.52,4252.52,0
Feminino,0,Não,Não,68,Sim,Sim,Não,Sem serviço de internet,Sem serviço de internet,Sem serviço de internet,Sem serviço de internet,Sem serviço de internet,Sem serviço de internet,Dois anos,Sim,Cartão de crédito,95.19,7293.06,0
Feminino,0,Sim,Não,12,Sim,Não,DSL,Não,Não,Não,Não,Não,Sim,Mês a mês,Sim,Cheque eletrônico,73.3,904.21,0
Feminino,0,Não,Sim,50,Sim,Não,DSL,Sim,Sim,Sim,Não,Não,Não,Mês a mês,Sim,Cheque enviado pelo correio,24.22,1359.84,0
Masculino,0,Sim,Não,21,Sim,Não,Não,Sem serviço de internet,Sem serviço de internet,Sem serviço de internet,Sem serviço de internet,Sem serviço de internet,Sem serviço de internet,Mês a mês,Sim,Cartão de crédito,107.92,2243.4,0
Masculino,0,Não,Não,10,Sim,Não,Não,Sem serviço de internet,Sem serviço de internet,Sem serviço de internet,Sem serviço de internet,Sem serviço de internet,Sem serviço de internet,Dois anos,Não,Transferência bancária,31.39,343.06,0
Feminino,0,Sim,Sim,70,Sim,Sim,DSL,Não,Sim,Não,Não,Sim,Sim,Dois anos,Sim,Cheque eletrônico,66.01,5055.34,0
Masculino,0,Não,Sim,14,Sim,Não,DSL,Não,Sim,Sim,Não,Não,Sim,Um ano,Não,Cartão de crédito,54.45,799.59,0
Masculino,0,Não,Não,40,Sim,Não,Não,Sem serviço de internet,Sem serviço de internet,Sem serviço de internet,Sem serviço de internet,Sem serviço de internet,Sem serviço de internet,Mês a mês,Sim,Cartão de crédito,54.99,2151.31,1
Masculino,0,Não,Não,30,Sim,Não,Não,Sem serviço de internet,Sem serviço de internet,Sem serviço de internet,Sem serviço de internet,Sem serviço de internet,Sem serviço de internet,Mês a mês,Não,Transferência bancária,46.42,1561.28,1
Masculino,0,Sim,Não,14,Sim,Não,Fibra óptica,Sim,Sim,Não,Não,Não,Sim,Mês a mês,Sim,Transferência bancária,113.72,1750.98,1
Masculino,1,Não,Não,52,Sim,Não,DSL,Não,Não,Não,Sim,Não,Não,Mês a mês,Não,Cheque eletrônico,26.41,1262.31,0
Feminino,0,Sim,Não,17,Sim,Sim,Não,Sem serviço de internet,Sem serviço de internet,Sem serviço de internet,Sem serviço de internet,Sem serviço de internet,Sem serviço de internet,Mês a mês,Sim,Cheque enviado pelo correio,98.25,1634.87,0
Masculino,0,Sim,Sim,62,Sim,Não,Fibra óptica,Sim,Não,Sim,Não,Não,Não,Um ano,Sim,Cheque eletrônico,57.25,3166.94,1
Masculino,0,Não,Não,22,Sim,Não,Não,Sem serviço de internet,Sem serviço de internet,Sem serviço de internet,Sem serviço de internet,Sem serviço de internet,Sem serviço de internet,Dois anos,Sim,Cheque enviado pelo correio,23.26,438.91,0
Masculino,0,Não,Não,53,Sim,Sim,Fibra óptica,Não,Não,Sim,Não,Sim,Não,Mês a mês,Não,Cheque enviado pelo correio,75.3,3484.46,0
Masculino,0,Não,Não,32,Sim,Não,Fibra óptica,Não,Não,Não,Não,Não,Não,Mês a mês,Não,Cheque eletrônico,55.22,1554.02,0
Feminino,0,Não,Sim,55,Sim,Não,Fibra óptica,Não,Sim,Sim,Sim,Sim,Não,Mês a mês,Sim,Transferência bancária,40.06,2102.79,0
Feminino,0,Sim,Sim,22,Sim,Sim,Fibra óptica,Sim,Sim,Não,Não,Não,Não,Mês a mês,Não,Transferência bancária,55.04,1365.75,0
Feminino,0,Não,Sim,38,Sim,Não,DSL,Não,Não,Não,Não,Não,Sim,Dois anos,Não,Cheque eletrônico,115.71,4512.4,1
Feminino,0,Sim,Não,50,Não,Sem serviço telefônico,DSL,Não,Não,Sim,Não,Sim,Não,Mês a mês,Sim,Transferência bancária,94.59,5268.26,0
Masculino,0,Não,Não,66,Não,Sem serviço telefônico,Fibra óptica,Sim,Não,Sim,Não,Sim,Sim,Mês a mês,Sim,Cheque enviado pelo correio,100.0,5703.62,1
Feminino,1,Não,Sim,45,Sim,Não,DSL,Sim,Não,Sim,Não,Não,Não,Dois anos,Sim,Cheque enviado pelo correio,70.55,3301.39,0
Masculino,0,Não,Não,8,Não,Sem serviço telefônico,Fibra óptica,Sim,Não,Sim,Sim,Não,Não,Um ano,Sim,Cheque enviado pelo correio,47.55,382.78,0
Masculino,0,Sim,Não,65,Sim,Sim,Não,Sem serviço de internet,Sem serviço de internet,Sem serviço de internet,Sem serviço de internet,Sem serviço de internet,Sem serviço de internet,Mês a mês,Não,Cheque eletrônico,72.82,4250.65,0
Masculino,0,Não,Não,40,Sim,Não,Não,Sem serviço de internet,Sem serviço de internet,Sem serviço de internet,Sem serviço de internet,Sem serviço de internet,Sem serviço de internet,Mês a mês,Sim,Cartão de crédito,72.56,2656.05,0
Masculino,0,Sim,Não,5,Não,Sem serviço telefônico,DSL,Não,Não,Não,Não,Não,Não,Mês a mês,Não,Cheque enviado pelo correio,32.83,147.03,1
Masculino,1,Sim,Sim,45,Sim,Não,Não,Sem serviço de internet,Sem serviço de internet,Sem serviço de internet,Sem serviço de internet,Sem serviço de internet,Sem serviço de internet,Mês a mês,Sim,Cheque eletrônico,84.2,3492.4,0
Feminino,0,Sim,Sim,46,Sim,Sim,Não,Sem serviço de internet,Sem serviço de internet,Sem serviço de internet,Sem serviço de internet,Sem serviço de internet,Sem serviço de internet,Mês a mês,Não,Cheque eletrônico,96.13,3760.7,0
Feminino,0,Não,Não,36,Sim,Sim,DSL,Sim,Não,Não,Não,Não,Não,Dois anos,Não,Transferência bancária,72.89,2478.33,0
Feminino,0,Sim,Não,17,Sim,Sim,Fibra óptica,Sim,Não,Sim,Sim,Não,Sim,Dois anos,Sim,Cheque enviado pelo correio,57.69,1122.2,0
Feminino,0,Sim,Sim,41,Sim,Sim,Fibra óptica,Não,Não,Não,Não,Não,Não,Mês a mês,Não,Cheque enviado pelo correio,81.88,3485.49,1
Masculino,0,Sim,Não,30,Não,Sem serviço telefônico,Não,Sem serviço de internet,Sem serviço de internet,Sem serviço de internet,Sem serviço de internet,Sem serviço de internet,Sem serviço de internet,Mês a mês,Sim,Transferência bancária,71.73,2177.27,0
Feminino,0,Sim,Não,52,Não,Sem serviço telefônico,Fibra óptica,Sim,Não,Não,Sim,Sim,Sim,Mês a mês,Sim,Cheque eletrônico,26.31,1388.02,0
Masculino,0,Não,Não,20,Sim,Sim,Fibra óptica,Não,Não,Não,Sim,Sim,Não,Mês a mês,Sim,Cheque enviado pelo correio,55.45,1142.25,1
Feminino,1,Não,Sim,36,Sim,Sim,Fibra óptica,Não,Não,Não,Não,Não,Sim,Mês a mês,Sim,Transferência bancária,110.63,4269.71,1
Masculino,0,Sim,Não,66,Sim,Sim,DSL,Sim,Não,Sim,Não,Não,Não,Mês a mês,Não,Cheque enviado pelo correio,24.15,1735.44,0
Masculino,0,Não,Não,45,Sim,Sim,DSL,Não,Sim,Não,Não,Não,Não,Dois anos,Sim,Cheque eletrônico,46.38,1792.37,0
Feminino,0,Não,Não,4,Sim,Sim,DSL,Sim,Sim,Não,Não,Não,Não,Um ano,Não,Cartão de crédito,103.66,375.64,0
Masculino,0,Não,Não,50,Não,Sem serviço telefônico,Fibra óptica,Não,Não,Sim,Não,Não,Não,Um ano,Sim,Cheque enviado pelo correio,18.13,815.52,0
Masculino,0,Não,Não,55,Sim,Não,Fibra óptica,Sim,Não,Sim,Não,Não,Sim,Mês a mês,Sim,Cartão de crédito,112.12,5943.73,0
Feminino,0,Sim,Não,59,Sim,Não,Fibra óptica,Sim,Não,Não,Não,Não,Sim,Mês a mês,Sim,Cheque enviado pelo correio,86.82,4762.27,1
Masculino,0,Não,Não,42,Sim,Não,DSL,Não,Não,Não,Sim,Não,Sim,Mês a mês,Sim,Cheque eletrônico,55.91,2572.66,1
Feminino,0,Sim,Não,2,Sim,Não,DSL,Não,Não,Não,Sim,Não,Sim,Dois anos,Sim,Cheque eletrônico,20.85,40.58,0
Feminino,1,Sim,Não,46,Sim,Não,Fibra óptica,Sim,Não,Não,Não,Não,Não,Dois anos,Sim,Cheque eletrônico,22.56,1143.81,0
Feminino,0,Não,Sim,2,Sim,Não,Fibra óptica,Não,Não,Não,Não,Não,Sim,Mês a mês,Não,Cartão de crédito,47.56,101.25,1
Masculino,0,Não,Não,50,Sim,Sim,Não,Sem serviço de internet,Sem serviço de internet,Sem serviço de internet,Sem serviço de internet,Sem serviço de internet,Sem serviço de internet,Um ano,Sim,Cheque enviado pelo correio,83.91,4119.55,0
Masculino,0,Sim,Não,1,Sim,Não,Não,Sem serviço de internet,Sem serviço de internet,Sem serviço de internet,Sem serviço de internet,Sem serviço de internet,Sem serviço de internet,Mês a mês,Não,Cartão de crédito,24.73,28.13,0
Masculino,1,Sim,Não,13,Sim,Sim,Fibra óptica,Sim,Não,Não,Não,Sim,Não,Mês a mês,Sim,Transferência bancária,106.17,1500.36,0
Feminino,0,Não,Não,70,Sim,Não,DSL,Sim,Não,Não,Não,Não,Não,Mês a mês,Sim,Cartão de crédito,103.76,7704.17,0
Masculino,0,Não,Sim,22,Sim,Sim,Fibra óptica,Sim,Não,Sim,Não,Não,Não,Um ano,Não,Cheque enviado pelo correio,46.52,1110.37,0
Feminino,0,Não,Não,17,Sim,Sim,Fibra óptica,Sim,Não,Não,Sim,Sim,Sim,Dois anos,Não,Cartão de crédito,37.45,621.23,0
Feminino,1,Sim,Não,59,Sim,Não,Não,Sem serviço de internet,Sem serviço de internet,Sem serviço de internet,Sem serviço de internet,Sem serviço de internet,Sem serviço de internet,Um ano,Sim,Cartão de crédito,60.94,3175.8,0
Masculino,1,Não,Não,70,Sim,Sim,Fibra óptica,Sim,Não,Não,Não,Não,Sim,Um ano,Sim,Cheque eletrônico,46.23,3149.94,1
Feminino,0,Sim,Não,3,Sim,Sim,Fibra óptica,Não,Não,Não,Não,Não,Não,Um ano,Não,Cartão de crédito,113.04,340.7,0
Masculino,0,Sim,Não,70,Sim,Sim,Fibra óptica,Não,Não,Não,Não,Não,Não,Um ano,Não,Transferência bancária,76.27,4708.77,0
Masculino,0,Sim,Não,49,Sim,Não,Não,Sem serviço de internet,Sem serviço de internet,Sem serviço de internet,Sem serviço de internet,Sem serviço de internet,Sem serviço de internet,Mês a mês,Sim,Transferência bancária,91.61,4314.25,0
Masculino,0,Não,Não,50,Sim,Sim,Não,Sem serviço de internet,Sem serviço de internet,Sem serviço de internet,Sem serviço de internet,Sem serviço de internet,Sem serviço de internet,Mês a mês,Sim,Cartão de crédito,71.06,4008.76,0
Masculino,0,Não,Não,35,Sim,Não,DSL,Não,Sim,Não,Não,Não,Não,Mês a mês,Sim,Cheque eletrônico,101.66,3165.7,0
Masculino,0,Não,Não,23,Sim,Não,DSL,Sim,Não,Não,Não,Não,Sim,Mês a mês,Sim,Transferência bancária,27.78,663.16,0
Feminino,1,Não,Não,72,Sim,Sim,Fibra óptica,Não,Sim,Não,Não,Sim,Sim,Mês a mês,Sim,Cheque eletrônico,90.27,7171.39,1
Feminino,0,Sim,Não,7,Sim,Não,Não,Sem serviço de internet,Sem serviço de internet,Sem serviço de internet,Sem serviço de internet,Sem serviço de internet,Sem serviço de internet,Um ano,Sim,Cheque enviado pelo correio,94.76,709.56,0
Feminino,0,Sim,Não,50,Sim,Não,Fibra óptica,Não,Não,Não,Não,Não,Sim,Mês a mês,Não,Cheque eletrônico,54.03,2454.03,0
Masculino,0,Sim,Não,10,Sim,Não,Fibra óptica,Não,Sim,Não,Sim,Sim,Não,Um ano,Sim,Cheque enviado pelo correio,26.54,258.09,0
Masculino,0,Não,Sim,55,Sim,Sim,Não,Sem serviço de internet,Sem serviço de internet,Sem serviço de internet,Sem serviço de internet,Sem serviço de internet,Sem serviço de internet,Mês a mês,Sim,Cartão de crédito,83.33,4668.0,0
Masculino,0,Não,Sim,19,Sim,Não,Não,Sem serviço de internet,Sem serviço de internet,Sem serviço de internet,Sem serviço de internet,Sem serviço de internet,Sem serviço de internet,Mês a mês,Não,Transferência bancária,48.41,818.77,1
Feminino,0,Não,Não,23,Sim,Não,DSL,Não,Não,Sim,Não,Não,Sim,Mês a mês,Não,Cheque enviado pelo correio,76.36,1629.96,0
Masculino,0,Não,Não,64,Sim,Não,DSL,Sim,Sim,Não,Não,Não,Não,Mês a mês,Não,Cheque eletrônico,106.1,7115.2,1
Feminino,1,Não,Não,33,Sim,Sim,Não,Sem serviço de internet,Sem serviço de internet,Sem serviço de internet,Sem serviço de internet,Sem serviço de internet,Sem serviço de internet,Dois anos,Sim,Cheque eletrônico,101.2,3674.63,0
Feminino,0,Não,Não,66,Não,Sem serviço telefônico,Não,Sem serviço de internet,Sem serviço de internet,Sem serviço de internet,Sem serviço de internet,Sem serviço de internet,Sem serviço de internet,Mês a mês,Sim,Cartão de crédito,75.59,5649.73,0
Masculino,0,Não,Não,9,Sim,Sim,Não,Sem serviço de internet,Sem serviço de internet,Sem serviço de internet,Sem serviço de internet,Sem serviço de internet,Sem serviço de internet,Mês a mês,Sim,Cheque enviado pelo correio,28.86,237.16,1
Masculino,0,Não,Não,29,Sim,Sim,Fibra óptica,Não,Não,Não,Sim,Sim,Não,Um ano,Sim,Transferência bancária,62.75,1844.08,1
Feminino,0,Não,Não,18,Sim,Sim,Não,Sem serviço de internet,Sem serviço de internet,Sem serviço de internet,Sem serviço de internet,Sem serviço de internet,Sem serviço de internet,Dois anos,Sim,Cartão de crédito,90.58,1697.43,0
Masculino,0,Não,Não,71,Sim,Não,Fibra óptica,Não,Não,Não,Não,Não,Sim,Mês a mês,Não,Transferência bancária,74.7,5650.26,0
Feminino,0,Não,Não,29,Sim,Sim,DSL,Sim,Não,Não,Não,Sim,Sim,Dois anos,Não,Cheque enviado pelo correio,50.93,1545.14,0
Masculino,0,Sim,Sim,61,Sim,Não,Fibra óptica,Não,Não,Não,Não,Não,Não,Mês a mês,Sim,Cheque enviado pelo correio,48.84,3231.37,0
Masculino,0,Sim,Não,5,Sim,Sim,Fibra óptica,Não,Sim,Não,Sim,Sim,Sim,Dois anos,Sim,Cartão de crédito,85.85,416.57,0
Feminino,0,Sim,Sim,69,Sim,Sim,DSL,Não,Sim,Não,Não,Sim,Não,Mês a mês,Não,Cheque eletrônico,81.17,5630.43,0
Masculino,0,Sim,Não,56,Sim,Sim,Fibra óptica,Não,Não,Sim,Sim,Não,Não,Um ano,Não,Cheque eletrônico,77.23,3889.31,0
Feminino,0,Não,Sim,52,Sim,Não,Fibra óptica,Não,Não,Não,Não,Sim,Não,Um ano,Não,Transferência bancária,113.2,5053.38,0
Masculino,1,Sim,Não,15,Sim,Não,Fibra óptica,Sim,Não,Não,Sim,Sim,Não,Mês a mês,Sim,Transferência bancária,107.48,1451.16,1
Feminino,0,Sim,Sim,20,Sim,Não,Não,Sem serviço de internet,Sem serviço de internet,Sem serviço de internet,Sem serviço de internet,Sem serviço de internet,Sem serviço de internet,Mês a mês,Sim,Cheque enviado pelo correio,49.4,1049.96,1
Feminino,0,Sim,Sim,16,Sim,Sim,Fibra óptica,Sim,Não,Não,Não,Não,Não,Mês a mês,Não,Cheque enviado pelo correio,42.9,640.96,0
Masculino,1,Não,Não,25,Não,Sem serviço telefônico,Fibra óptica,Sim,Não,Não,Não,Não,Não,Mês a mês,Sim,Transferência bancária,110.27,2963.56,1
Feminino,0,Sim,Sim,57,Sim,Não,DSL,Não,Não,Não,Não,Sim,Sim,Um ano,Não,Cheque enviado pelo correio,38.83,1901.03,0
Masculino,0,Sim,Sim,21,Sim,Sim,Não,Sem serviço de internet,Sem serviço de internet,Sem serviço de internet,Sem serviço de internet,Sem serviço de internet,Sem serviço de internet,Mês a mês,Sim,Cheque eletrônico,115.72,2295.37,1
Masculino,1,Sim,Não,5,Sim,Sim,DSL,Sim,Não,Não,Sim,Sim,Não,Um ano,Não,Cartão de crédito,39.54,171.12,0
Masculino,0,Sim,Sim,9,Sim,Sim,Não,Sem serviço de internet,Sem serviço de internet,Sem serviço de internet,Sem serviço de internet,Sem serviço de internet,Sem serviço de internet,Mês a mês,Sim,Cheque enviado pelo correio,28.83,279.35,1
Feminino,1,Não,Sim,11,Sim,Não,Fibra óptica,Não,Sim,Sim,Sim,Sim,Não,Mês a mês,Não,Cheque eletrônico,57.07,610.46,1
Feminino,1,Sim,Sim,65,Sim,Não,DSL,Não,Sim,Sim,Não,Sim,Sim,Mês a mês,Não,Cheque eletrônico,108.1,6353.58,1
Masculino,0,Não,Não,63,Sim,Sim,Não,Sem serviço de internet,Sem serviço de internet,Sem serviço de internet,Sem serviço de internet,Sem serviço de internet,Sem serviço de internet,Um ano,Não,Cheque eletrônico,91.14,5869.52,0
Masculino,0,Não,Não,26,Sim,Sim,DSL,Não,Sim,Sim,Não,Não,Não,Mês a mês,Sim,Cartão de crédito,77.86,2308.35,1
Feminino,0,Não,Não,19,Sim,Sim,Fibra óptica,Não,Não,Não,Sim,Não,Sim,Mês a mês,Não,Cartão de crédito,88.16,1448.76,1
Masculino,0,Sim,Não,16,Sim,Sim,DSL,Não,Não,Não,Não,Não,Sim,Dois anos,Sim,Cheque eletrônico,70.02,1156.76,0
Masculino,0,Sim,Sim,56,Sim,Não,Não,Sem serviço de internet,Sem serviço de internet,Sem serviço de internet,Sem serviço de internet,Sem serviço de internet,Sem serviço de internet,Um ano,Sim,Cheque eletrônico,49.78,2950.46,0
Feminino,0,Sim,Não,68,Sim,Não,Não,Sem serviço de internet,Sem serviço de internet,Sem serviço de internet,Sem serviço de internet,Sem serviço de internet,Sem serviço de internet,Um ano,Sim,Cheque enviado pelo correio,67.7,5078.89,0
Masculino,0,Sim,Não,30,Sim,Sim,Fibra óptica,Não,Não,Não,Não,Sim,Sim,Um ano,Sim,Cheque enviado pelo correio,55.98,1594.38,0
Feminino,0,Não,Não,7,Sim,Não,Fibra óptica,Não,Sim,Não,Sim,Sim,Não,Dois anos,Sim,Cheque eletrônico,94.8,694.11,0
Masculino,0,Sim,Não,12,Não,Sem serviço telefônico,Não,Sem serviço de internet,Sem serviço de internet,Sem serviço de internet,Sem serviço de internet,Sem serviço de internet,Sem serviço de internet,Dois anos,Não,Transferência bancária,34.67,363.99,0
Feminino,0,Sim,Não,24,Sim,Sim,Fibra óptica,Não,Não,Sim,Sim,Não,Sim,Um ano,Sim,Cheque enviado pelo correio,62.99,1333.29,0
Masculino,0,Não,Sim,22,Sim,Sim,DSL,Não,Não,Sim,Não,Sim,Sim,Mês a mês,Sim,Cheque enviado pelo correio,28.67,672.17,1
Masculino,0,Não,Não,47,Sim,Sim,Fibra óptica,Não,Não,Não,Não,Não,Não,Mês a mês,Não,Cheque eletrônico,22.33,1035.84,1
Feminino,1,Sim,Não,30,Sim,Sim,Fibra óptica,Não,Sim,Não,Não,Não,Não,Mês a mês,Não,Cheque eletrônico,41.25,1238.91,1
Masculino,1,Sim,Não,60,Sim,Não,Não,Sem serviço de internet,Sem serviço de internet,Sem serviço de internet,Sem serviço de internet,Sem serviço de internet,Sem serviço de internet,Mês a mês,Sim,Transferência bancária,34.1,2273.93,0
Feminino,0,Sim,Não,39,Sim,Sim,DSL,Sim,Não,Não,Não,Não,Não,Mês a mês,Não,Transferência bancária,96.19,3353.89,0
Masculino,1,Não,Sim,20,Sim,Não,DSL,Sim,Sim,Sim,Sim,Sim,Não,Um ano,Não,Cheque enviado pelo correio,34.04,617.0,0
Feminino,0,Não,Não,26,Sim,Não,Fibra óptica,Não,Sim,Sim,Não,Não,Não,Mês a mês,Sim,Cartão de crédito,85.23,2144.04,0
Feminino,0,Não,Sim,49,Não,Sem serviço telefônico,Não,Sem serviço de internet,Sem serviço de internet,Sem serviço de internet,Sem serviço de internet,Sem serviço de internet,Sem serviço de internet,Dois anos,Sim,Cheque eletrônico,68.29,3222.21,0
Feminino,0,Não,Sim,69,Sim,Sim,Fibra óptica,Não,Sim,Não,Não,Não,Sim,Mês a mês,Não,Transferência bancária,54.11,3800.94,0
Feminino,0,Não,Não,42,Sim,Não,DSL,Não,Não,Não,Não,Não,Não,Mês a mês,Não,Transferência bancária,24.17,995.72,1
Masculino,1,Sim,Não,6,Sim,Não,Fibra óptica,Não,Não,Não,Não,Não,Não,Mês a mês,Sim,Cheque enviado pelo correio,59.69,335.86,1
Masculino,0,Sim,Não,53,Não,Sem serviço telefônico,Fibra óptica,Sim,Sim,Não,Não,Sim,Não,Mês a mês,Sim,Cheque eletrônico,74.87,4387.86,1
Feminino,0,Não,Não,34,Sim,Sim,DSL,Não,Não,Sim,Não,Sim,Sim,Dois anos,Sim,Transferência bancária,29.77,906.28,0
Feminino,0,Não,Não,69,Sim,Sim,DSL,Não,Não,Não,Sim,Sim,Não,Mês a mês,Sim,Cheque eletrônico,108.96,6412.64,0
Feminino,0,Sim,Sim,10,Sim,Não,Não,Sem serviço de internet,Sem serviço de internet,Sem serviço de internet,Sem serviço de internet,Sem serviço de internet,Sem serviço de internet,Mês a mês,Não,Transferência bancária,29.08,259.8,0
Masculino,0,Não,Não,28,Sim,Não,DSL,Sim,Não,Não,Não,Não,Sim,Dois anos,Sim,Cheque eletrônico,101.06,2812.09,0
Masculino,0,Não,Não,3,Sim,Sim,Fibra óptica,Não,Sim,Sim,Sim,Não,Não,Um ano,Sim,Cheque eletrônico,96.32,296.44,0
Masculino,0,Sim,Não,48,Sim,Não,Fibra óptica,Não,Sim,Não,Sim,Não,Sim,Um ano,Não,Cheque eletrônico,106.47,4581.86,1
Masculino,0,Não,Não,66,Sim,Sim,Fibra óptica,Não,Sim,Sim,Não,Não,Sim,Dois anos,Sim,Cartão de crédito,28.62,1930.68,0
Feminino,0,Sim,Não,35,Sim,Sim,Não,Sem serviço de internet,Sem serviço de internet,Sem serviço de internet,Sem serviço de internet,Sem serviço de internet,Sem serviço de internet,Dois anos,Não,Cheque eletrônico,64.02,1929.13,0
Feminino,0,Não,Não,52,Sim,Sim,Fibra óptica,Não,Não,Não,Não,Não,Não,Mês a mês,Não,Cheque eletrônico,49.45,2663.95,0
Feminino,0,Sim,Não,62,Sim,Não,Fibra óptica,Sim,Sim,Não,Não,Não,Não,Mês a mês,Sim,Cheque enviado pelo correio,86.57,5413.12,1
Masculino,0,Não,Não,52,Sim,Sim,DSL,Sim,Sim,Não,Não,Sim,Sim,Um ano,Sim,Cheque eletrônico,36.71,1862.12,0
Masculino,0,Não,Não,47,Sim,Sim,Fibra óptica,Não,Não,Não,Não,Sim,Sim,Um ano,Sim,Transferência bancária,27.0,1429.65,0
Masculino,0,Sim,Não,54,Sim,Não,Não,Sem serviço de internet,Sem serviço de internet,Sem serviço de internet,Sem serviço de internet,Sem serviço de internet,Sem serviço de internet,Mês a mês,Sim,Transferência bancária,39.88,2111.55,0
Feminino,0,Não,Não,28,Sim,Não,DSL,Não,Sim,Não,Sim,Sim,Não,Mês a mês,Não,Cheque eletrônico,117.19,3152.84,0
Feminino,0,Não,Não,23,Sim,Sim,Fibra óptica,Não,Não,Sim,Não,Sim,Não,Mês a mês,Sim,Cheque enviado pelo correio,43.5,917.18,1
Masculino,1,Não,Não,35,Não,Sem serviço telefônico,DSL,Não,Não,Não,Não,Não,Não,Mês a mês,Sim,Transferência bancária,46.66,1541.47,1
Feminino,0,Sim,Não,32,Sim,Sim,DSL,Sim,Sim,Sim,Não,Não,Não,Um ano,Não,Cheque eletrônico,90.19,2642.88,0
Masculino,0,Não,Não,2,Sim,Não,Não,Sem serviço de internet,Sem serviço de internet,Sem serviço de internet,Sem serviço de internet,Sem serviço de internet,Sem serviço de internet,Mês a mês,Sim,Transferência bancária,49.17,88.76,1
Masculino,1,Sim,Não,16,Sim,Sim,Não,Sem serviço de internet,Sem serviço de internet,Sem serviço de internet,Sem serviço de internet,Sem serviço de internet,Sem serviço de internet,Dois anos,Não,Cheque enviado pelo correio,70.84,1104.88,0
Feminino,0,Sim,Não,16,Sim,Sim,Fibra óptica,Não,Não,Não,Não,Sim,Sim,Mês a mês,Não,Cheque enviado pelo correio,93.08,1292.0,1
Masculino,0,Sim,Não,51,Sim,Sim,Fibra óptica,Não,Sim,Não,Sim,Não,Sim,Mês a mês,Sim,Cheque eletrônico,51.48,2729.46,1
Feminino,0,Sim,Não,67,Sim,Não,DSL,Não,Não,Sim,Não,Sim,Sim,Dois anos,Sim,Cheque enviado pelo correio,54.07,3591.33,0
Masculino,0,Não,Não,54,Sim,Não,DSL,Não,Sim,Não,Não,Não,Não,Um ano,Não,Cheque eletrônico,40.33,1980.79,0
Feminino,0,Sim,Sim,20,Sim,Sim,Fibra óptica,Sim,Não,Sim,Não,Sim,Sim,Mês a mês,Sim,Transferência bancária,92.99,1584.52,1
Feminino,1,Sim,Sim,33,Sim,Sim,Não,Sem serviço de internet,Sem serviço de internet,Sem serviço de internet,Sem serviço de internet,Sem serviço de internet,Sem serviço de internet,Mês a mês,Não,Cheque eletrônico,117.29,3955.49,0
Feminino,0,Não,Não,8,Sim,Sim,DSL,Não,Não,Não,Não,Não,Não,Mês a mês,Sim,Cartão de crédito,24.24,168.78,0
Masculino,0,Não,Não,24,Sim,Sim,DSL,Não,Não,Não,Sim,Não,Não,Mês a mês,Não,Transferência bancária,58.7,1612.55,0
Masculino,1,Não,Não,53,Sim,Não,Fibra óptica,Não,Sim,Sim,Sim,Não,Sim,Mês a mês,Sim,Cheque enviado pelo correio,52.33,2761.52,0
Feminino,1,Sim,Sim,64,Sim,Não,Fibra óptica,Não,Não,Sim,Não,Sim,Não,Mês a mês,Sim,Cheque eletrônico,53.48,3462.74,1
Feminino,0,Não,Sim,58,Não,Sem serviço telefônico,DSL,Sim,Não,Não,Não,Sim,Sim,Mês a mês,Não,Cheque enviado pelo correio,70.42,4565.56,0
Masculino,0,Sim,Não,37,Não,Sem serviço telefônico,Não,Sem serviço de internet,Sem serviço de internet,Sem serviço de internet,Sem serviço de internet,Sem serviço de internet,Sem serviço de internet,Mês a mês,Sim,Transferência bancária,83.87,3520.09,0
Masculino,0,Não,Sim,12,Sim,Não,Não,Sem serviço de internet,Sem serviço de internet,Sem serviço de internet,Sem serviço de internet,Sem serviço de internet,Sem serviço de internet,Um ano,Não,Cheque enviado pelo correio,67.12,910.04,1
Masculino,0,Não,Não,4,Sim,Sim,DSL,Não,Sim,Sim,Sim,Sim,Não,Mês a mês,Sim,Cheque eletrônico,94.14,370.04,0
Feminino,0,Não,Não,31,Sim,Não,Fibra óptica,Não,Não,Sim,Sim,Não,Não,Um ano,Sim,Cheque eletrônico,24.33,690.87,0
Masculino,1,Sim,Não,38,Sim,Sim,DSL,Não,Sim,Não,Sim,Não,Sim,Mês a mês,Não,Transferência bancária,98.07,4164.02,0
Masculino,0,Sim,Sim,37,Sim,Não,Fibra óptica,Não,Não,Sim,Não,Não,Não,Dois anos,Não,Cartão de crédito,106.27,3646.69,0
Feminino,0,Sim,Sim,14,Sim,Sim,DSL,Não,Não,Não,Não,Sim,Não,Um ano,Sim,Cartão de crédito,77.75,1029.6,0
Masculino,0,Sim,Não,24,Sim,Sim,Não,Sem serviço de internet,Sem serviço de internet,Sem serviço de internet,Sem serviço de internet,Sem serviço de internet,Sem serviço de internet,Dois anos,Sim,Transferência bancária,49.98,1060.81,0
Masculino,0,Sim,Sim,10,Não,Sem serviço telefônico,DSL,Não,Não,Sim,Sim,Não,Sim,Dois anos,Não,Transferência bancária,65.38,723.45,0
Masculino,0,Não,Não,38,Sim,Sim,Fibra óptica,Não,Sim,Não,Não,Não,Não,Mês a mês,Não,Cartão de crédito,77.54,3310.51,0
Feminino,0,Sim,Não,43,Sim,Não,DSL,Não,Não,Sim,Sim,Sim,Não,Um ano,Não,Cheque eletrônico,97.63,4592.34,0
Feminino,0,Não,Sim,37,Não,Sem serviço telefônico,DSL,Não,Sim,Não,Sim,Não,Não,Mês a mês,Sim,Cheque enviado pelo correio,96.39,3357.27,1
Feminino,0,Sim,Sim,42,Sim,Sim,DSL,Não,Não,Sim,Não,Sim,Sim,Um ano,Não,Cheque eletrônico,52.73,2419.1,0
Feminino,0,Sim,Sim,32,Não,Sem serviço telefônico,Não,Sem serviço de internet,Sem serviço de internet,Sem serviço de internet,Sem serviço de internet,Sem serviço de internet,Sem serviço de internet,Um ano,Sim,Cheque eletrônico,61.3,1738.91,0
Feminino,0,Não,Não,14,Sim,Sim,Fibra óptica,Sim,Não,Não,Não,Não,Sim,Um ano,Sim,Cheque enviado pelo correio,94.53,1435.06,0
Feminino,0,Não,Sim,4,Sim,Sim,Fibra óptica,Não,Não,Não,Sim,Sim,Não,Mês a mês,Sim,Cheque eletrônico,60.84,275.65,1
Feminino,0,Sim,Não,24,Sim,Sim,Não,Sem serviço de internet,Sem serviço de internet,Sem serviço de internet,Sem serviço de internet,Sem serviço de internet,Sem serviço de internet,Mês a mês,Sim,Transferência bancária,81.52,1803.02,1
Masculino,0,Sim,Não,10,Sim,Sim,DSL,Não,Não,Sim,Não,Não,Não,Dois anos,Não,Cheque enviado pelo correio,116.69,1174.13,0
Masculino,0,Não,Não,16,Sim,Sim,Não,Sem serviço de internet,Sem serviço de internet,Sem serviço de internet,Sem serviço de internet,Sem serviço de internet,Sem serviço de internet,Mês a mês,Não,Cheque eletrônico,102.06,1687.16,1
Feminino,0,Sim,Sim,39,Sim,Não,Fibra óptica,Não,Não,Não,Não,Sim,Não,Mês a mês,Não,Cheque eletrônico,39.8,1528.98,1
Masculino,0,Sim,Não,18,Sim,Não,Fibra óptica,Não,Não,Não,Sim,Não,Não,Mês a mês,Não,Cheque eletrônico,59.18,992.64,1
Masculino,0,Não,Não,25,Sim,Sim,Fibra óptica,Sim,Não,Não,Não,Sim,Sim,Dois anos,Não,Cheque enviado pelo correio,72.52,1786.17,0
Feminino,0,Sim,Não,7,Sim,Não,Não,Sem serviço de internet,Sem serviço de internet,Sem serviço de internet,Sem serviço de internet,Sem serviço de internet,Sem serviço de internet,Um ano,Sim,Transferência bancária,77.81,564.92,1
Masculino,1,Sim,Não,56,Sim,Sim,Não,Sem serviço de internet,Sem serviço de internet,Sem serviço de internet,Sem serviço de internet,Sem serviço de internet,Sem serviço de internet,Mês a mês,Não,Transferência bancária,47.78,2606.07,0
Masculino,0,Não,Não,47,Não,Sem serviço telefônico,Fibra óptica,Não,Não,Não,Não,Não,Não,Mês a mês,Sim,Cheque eletrônico,109.97,5478.81,1
Masculino,0,Não,Não,3,Sim,Não,Fibra óptica,Não,Não,Não,Não,Não,Sim,Mês a mês,Sim,Cheque enviado pelo correio,108.99,284.41,1
Masculino,0,Sim,Não,1,Sim,Sim,Fibra óptica,Não,Não,Não,Não,Não,Não,Mês a mês,Não,Cheque enviado pelo correio,34.39,34.56,1
Masculino,0,Não,Não,33,Sim,Sim,DSL,Sim,Sim,Sim,Não,Não,Não,Mês a mês,Sim,Cheque eletrônico,110.97,4095.19,1
Feminino,1,Sim,Não,71,Sim,Não,Fibra óptica,Sim,Não,Sim,Não,Não,Não,Mês a mês,Não,Cartão de crédito,62.54,5096.16,0
Feminino,0,Não,Sim,59,Não,Sem serviço telefônico,Fibra óptica,Sim,Não,Sim,Não,Não,Sim,Mês a mês,Não,Transferência bancária,61.82,3717.47,0
Feminino,0,Não,Não,72,Sim,Sim,DSL,Sim,Não,Não,Não,Não,Sim,Um ano,Sim,Transferência bancária,36.27,2620.47,0
Masculino,0,Sim,Não,32,Não,Sem serviço telefônico,Não,Sem serviço de internet,Sem serviço de internet,Sem serviço de internet,Sem serviço de internet,Sem serviço de internet,Sem serviço de internet,Mês a mês,Sim,Transferência bancária,26.39,804.34,0
Feminino,0,Sim,Sim,17,Não,Sem serviço telefônico,Fibra óptica,Não,Não,Sim,Sim,Sim,Não,Mês a mês,Não,Cheque enviado pelo correio,42.85,667.92,0
Masculino,0,Sim,Não,17,Sim,Sim,DSL,Não,Não,Sim,Sim,Não,Sim,Mês a mês,Sim,Cheque eletrônico,106.01,1664.05,1
Masculino,0,Não,Sim,21,Sim,Não,DSL,Sim,Não,Sim,Sim,Sim,Sim,Dois anos,Sim,Cheque enviado pelo correio,58.7,1057.79,0
Masculino,0,Não,Sim,55,Sim,Não,Fibra óptica,Não,Sim,Não,Não,Não,Não,Mês a mês,Sim,Cheque eletrônico,109.96,6917.24,0
Masculino,0,Sim,Não,6,Sim,Não,DSL,Não,Sim,Não,Não,Não,Não,Dois anos,Sim,Cartão de crédito,77.97,424.74,1
Feminino,1,Sim,Não,49,Sim,Sim,DSL,Sim,Não,Não,Não,Não,Não,Um ano,Sim,Cheque eletrônico,18.82,934.4,0
Feminino,1,Sim,Não,26,Não,Sem serviço telefônico,DSL,Não,Sim,Sim,Não,Não,Não,Mês a mês,Não,Cheque eletrônico,51.08,1148.89,1
Masculino,0,Sim,Não,32,Sim,Não,Fibra óptica,Não,Sim,Não,Sim,Sim,Não,Dois anos,Sim,Cheque eletrônico,30.76,868.46,0
Feminino,0,Sim,Sim,72,Sim,Não,Fibra óptica,Não,Não,Sim,Sim,Sim,Não,Mês a mês,Sim,Cheque enviado pelo correio,92.55,7255.67,1
Masculino,0,Não,Não,44,Sim,Não,Não,Sem serviço de internet,Sem serviço de internet,Sem serviço de internet,Sem serviço de internet,Sem serviço de internet,Sem serviço de internet,Dois anos,Não,Transferência bancária,85.7,3891.42,0
Feminino,0,Não,Sim,59,Sim,Não,Fibra óptica,Não,Não,Não,Sim,Sim,Não,Mês a mês,Sim,Cheque eletrônico,40.85,2138.32,0
Feminino,1,Não,Não,29,Sim,Não,DSL,Sim,Sim,Não,Não,Não,Sim,Um ano,Sim,Cheque enviado pelo correio,38.86,1123.01,0
Masculino,0,Não,Não,17,Sim,Não,Fibra óptica,Não,Não,Sim,Não,Sim,Sim,Dois anos,Não,Cartão de crédito,108.25,1745.7,0
Feminino,0,Não,Não,18,Sim,Sim,Não,Sem serviço de internet,Sem serviço de internet,Sem serviço de internet,Sem serviço de internet,Sem serviço de internet,Sem serviço de internet,Mês a mês,Sim,Cheque enviado pelo correio,29.74,532.93,1
Masculino,0,Não,Não,40,Sim,Sim,Não,Sem serviço de internet,Sem serviço de internet,Sem serviço de internet,Sem serviço de internet,Sem serviço de internet,Sem serviço de internet,Dois anos,Não,Cartão de crédito,21.3,751.74,0
Feminino,0,Não,Não,63,Sim,Sim,Não,Sem serviço de internet,Sem serviço de internet,Sem serviço de internet,Sem serviço de internet,Sem serviço de internet,Sem serviço de internet,Mês a mês,Não,Cartão de crédito,54.63,3846.72,0
Masculino,1,Sim,Não,45,Não,Sem serviço telefônico,DSL,Não,Não,Não,Não,Sim,Não,Mês a mês,Sim,Transferência bancária,74.38,3410.77,0
Masculino,1,Sim,Sim,3,Sim,Sim,DSL,Não,Sim,Não,Sim,Não,Sim,Mês a mês,Não,Cheque enviado pelo correio,109.91,333.52,0
Feminino,0,Sim,Não,3,Sim,Não,Fibra óptica,Não,Sim,Sim,Não,Sim,Não,Mês a mês,Sim,Transferência bancária,109.15,295.6,0
Feminino,0,Não,Sim,38,Sim,Não,Fibra óptica,Não,Sim,Não,Não,Não,Não,Mês a mês,Não,Cartão de crédito,31.96,1231.4,1
Masculino,1,Não,Não,40,Não,Sem serviço telefônico,Fibra óptica,Não,Não,Não,Não,Não,Sim,Mês a mês,Não,Cheque eletrônico,96.7,4429.29,1
Feminino,1,Sim,Não,68,Sim,Sim,DSL,Não,Sim,Não,Não,Sim,Sim,Mês a mês,Sim,Cheque enviado pelo correio,111.44,6715.34,0
Feminino,0,Não,Não,54,Sim,Sim,Não,Sem serviço de internet,Sem serviço de internet,Sem serviço de internet,Sem serviço de internet,Sem serviço de internet,Sem serviço de internet,Um ano,Sim,Transferência bancária,101.35,5808.64,0
Masculino,0,Não,Não,20,Sim,Sim,Fibra óptica,Não,Não,Não,Não,Não,Não,Mês a mês,Sim,Transferência bancária,59.42,1147.98,0
Masculino,0,Sim,Não,15,Não,Sem serviço telefônico,Fibra óptica,Não,Não,Não,Sim,Sim,Não,Um ano,Sim,Cheque enviado pelo correio,38.78,629.93,0
Feminino,0,Sim,Sim,5,Sim,Não,DSL,Sim,Não,Não,Não,Sim,Sim,Um ano,Não,Cheque enviado pelo correio,109.56,550.82,1
Masculino,1,Sim,Sim,39,Sim,Não,Fibra óptica,Não,Não,Sim,Sim,Sim,Não,Mês a mês,Sim,Cheque eletrônico,71.2,3112.83,1
Masculino,0,Sim,Não,40,Sim,Sim,Fibra óptica,Não,Não,Não,Não,Não,Não,Dois anos,Não,Cheque eletrônico,43.32,1516.52,0
Masculino,1,Não,Não,7,Sim,Sim,Fibra óptica,Não,Sim,Não,Sim,Não,Não,Mês a mês,Não,Cartão de crédito,50.35,344.3,1
Feminino,0,Não,Não,72,Sim,Não,Não,Sem serviço de internet,Sem serviço de internet,Sem serviço de internet,Sem serviço de internet,Sem serviço de internet,Sem serviço de internet,Mês a mês,Sim,Cheque enviado pelo correio,74.17,5059.22,1
Feminino,0,Não,Não,33,Sim,Sim,Não,Sem serviço de internet,Sem serviço de internet,Sem serviço de internet,Sem serviço de internet,Sem serviço de internet,Sem serviço de internet,Mês a mês,Sim,Cheque eletrônico,58.62,2158.18,1
Masculino,0,Não,Sim,37,Sim,Não,Fibra óptica,Não,Sim,Sim,Sim,Não,Não,Dois anos,Não,Cheque eletrônico,22.0,701.44,0
Feminino,0,Não,Não,32,Sim,Sim,Não,Sem serviço de internet,Sem serviço de internet,Sem serviço de internet,Sem serviço de internet,Sem serviço de internet,Sem serviço de internet,Mês a mês,Sim,Transferência bancária,75.44,2182.03,0
Masculino,0,Não,Sim,43,Sim,Sim,Não,Sem serviço de internet,Sem serviço de internet,Sem serviço de internet,Sem serviço de internet,Sem serviço de internet,Sem serviço de internet,Um ano,Sim,Transferência bancária,58.58,2493.0,0
Feminino,0,Não,Sim,63,Sim,Sim,Fibra óptica,Sim,Não,Não,Não,Não,Sim,Um ano,Sim,Transferência bancária,65.34,4162.66,0
Masculino,0,Não,Sim,36,Sim,Não,Fibra óptica,Não,Não,Sim,Sim,Não,Sim,Mês a mês,Não,Cheque eletrônico,93.27,3343.4,1
Masculino,0,Não,Não,49,Sim,Sim,Não,Sem serviço de internet,Sem serviço de internet,Sem serviço de internet,Sem serviço de internet,Sem serviço de internet,Sem serviço de internet,Dois anos,Não,Cartão de crédito,20.57,1037.54,0
Feminino,0,Sim,Não,25,Sim,Não,Fibra óptica,Não,Não,Não,Não,Sim,Sim,Um ano,Sim,Cheque eletrônico,24.57,693.38,1
Masculino,0,Não,Sim,66,Sim,Não,DSL,Não,Não,Não,Não,Não,Não,Um ano,Sim,Cheque enviado pelo correio,18.1,1246.93,0
Feminino,0,Sim,Não,9,Sim,Não,DSL,Não,Sim,Não,Não,Não,Sim,Dois anos,Sim,Transferência bancária,60.47,539.03,1
Feminino,0,Não,Não,18,Sim,Sim,Fibra óptica,Não,Não,Não,Sim,Não,Não,Um ano,Sim,Cheque eletrônico,46.05,855.38,1
Masculino,0,Sim,Não,22,Sim,Não,DSL,Não,Não,Não,Não,Não,Não,Dois anos,Sim,Cheque eletrônico,58.95,1184.89,0
Masculino,0,Sim,Não,15,Sim,Não,DSL,Não,Não,Sim,Não,Não,Sim,Mês a mês,Não,Cheque eletrônico,75.72,984.57,1
Feminino,0,Não,Sim,7,Sim,Sim,DSL,Não,Sim,Sim,Não,Não,Não,Dois anos,Sim,Cheque enviado pelo correio,18.83,139.33,0
Masculino,0,Sim,Não,13,Sim,Não,DSL,Não,Não,Não,Não,Não,Não,Mês a mês,Sim,Cartão de crédito,33.84,473.98,0
Masculino,0,Sim,Sim,36,Sim,Sim,Fibra óptica,Não,Não,Sim,Não,Sim,Não,Um ano,Sim,Cheque enviado pelo correio,30.77,1256.27,0
Masculino,0,Sim,Não,16,Sim,Sim,Não,Sem serviço de internet,Sem serviço de internet,Sem serviço de internet,Sem serviço de internet,Sem serviço de internet,Sem serviço de internet,Dois anos,Sim,Cartão de crédito,80.12,1458.69,0
Masculino,1,Não,Não,41,Sim,Não,Fibra óptica,Sim,Não,Não,Não,Não,Não,Um ano,Não,Cheque eletrônico,77.12,3519.08,0
Masculino,0,Não,Sim,21,Sim,Não,DSL,Não,Não,Sim,Não,Sim,Não,Mês a mês,Sim,Cheque enviado pelo correio,25.75,608.07,1
Feminino,0,Não,Não,28,Sim,Não,DSL,Não,Sim,Sim,Não,Não,Não,Mês a mês,Sim,Cartão de crédito,98.16,2962.64,0
Feminino,0,Não,Sim,17,Sim,Sim,DSL,Não,Não,Sim,Não,Não,Sim,Dois anos,Não,Cartão de crédito,34.1,648.4,0
Masculino,0,Sim,Não,65,Sim,Não,Fibra óptica,Não,Não,Sim,Não,Não,Sim,Mês a mês,Não,Transferência bancária,35.3,1951.65,0
Masculino,0,Sim,Sim,13,Sim,Não,DSL,Não,Sim,Sim,Não,Não,Não,Dois anos,Sim,Cheque eletrônico,58.27,650.48,0
Masculino,0,Sim,Não,36,Sim,Sim,DSL,Não,Não,Não,Não,Não,Não,Mês a mês,Sim,Cheque eletrônico,51.2,1991.15,0
Feminino,0,Não,Não,58,Sim,Não,DSL,Sim,Sim,Sim,Não,Não,Não,Dois anos,Sim,Cheque enviado pelo correio,114.51,7306.57,0
Masculino,0,Não,Sim,20,Sim,Sim,DSL,Sim,Não,Sim,Sim,Sim,Sim,Mês a mês,Sim,Cartão de crédito,108.73,2036.22,0
Feminino,0,Sim,Não,52,Sim,Sim,Fibra óptica,Sim,Sim,Não,Não,Não,Sim,Dois anos,Sim,Transferência bancária,23.08,1038.36,0
Feminino,0,Sim,Não,6,Sim,Não,Fibra óptica,Não,Não,Sim,Não,Sim,Sim,Mês a mês,Sim,Cartão de crédito,57.2,293.68,1
Feminino,0,Sim,Não,23,Sim,Não,DSL,Não,Não,Não,Sim,Não,Não,Mês a mês,Não,Cheque enviado pelo correio,96.36,1934.09,0
Masculino,0,Não,Não,42,Sim,Sim,Fibra óptica,Sim,Não,Não,Sim,Não,Não,Um ano,Sim,Transferência bancária,80.93,3368.68,0
Feminino,0,Sim,Não,24,Sim,Não,DSL,Não,Não,Não,Sim,Não,Sim,Um ano,Sim,Cheque eletrônico,95.17,2597.51,0
Masculino,0,Sim,Não,5,Sim,Não,DSL,Não,Não,Não,Sim,Sim,Sim,Mês a mês,Sim,Cheque enviado pelo correio,58.71,253.07,1
Feminino,0,Sim,Sim,32,Sim,Não,DSL,Não,Sim,Não,Sim,Sim,Sim,Um ano,Sim,Transferência bancária,56.89,1775.92,0
Masculino,0,Não,Não,46,Sim,Sim,DSL,Não,Sim,Não,Não,Sim,Não,Mês a mês,Sim,Cheque enviado pelo correio,94.72,4409.36,0
Feminino,0,Não,Sim,17,Sim,Sim,Fibra óptica,Não,Não,Sim,Não,Não,Não,Mês a mês,Sim,Cheque eletrônico,47.2,833.82,1
Masculino,0,Sim,Não,27,Sim,Sim,Fibra óptica,Não,Não,Sim,Sim,Não,Não,Mês a mês,Sim,Cheque eletrônico,23.77,623.59,1
Feminino,0,Não,Não,68,Sim,Não,Fibra óptica,Sim,Sim,Não,Sim,Não,Sim,Mês a mês,Sim,Transferência bancária,107.03,7961.31,0
Masculino,0,Não,Não,23,Sim,Não,DSL,Não,Sim,Não,Não,Não,Sim,Mês a mês,Sim,Transferência bancária,112.61,2329.15,1
Masculino,0,Não,Não,34,Sim,Sim,Não,Sem serviço de internet,Sem serviço de internet,Sem serviço de internet,Sem serviço de internet,Sem serviço de internet,Sem serviço de internet,Mês a mês,Sim,Cheque enviado pelo correio,79.15,2299.79,0
Masculino,0,Sim,Sim,21,Não,Sem serviço telefônico,Fibra óptica,Sim,Não,Não,Sim,Não,Não,Mês a mês,Sim,Cheque eletrônico,91.69,2065.73,1
Masculino,0,Não,Sim,22,Sim,Não,DSL,Não,Não,Não,Não,Não,Sim,Dois anos,Não,Cheque enviado pelo correio,86.96,2168.13,0
Feminino,1,Não,Sim,65,Sim,Sim,DSL,Não,Sim,Não,Sim,Sim,Não,Um ano,Não,Transferência bancária,71.67,5143.41,0
Feminino,0,Sim,Não,32,Sim,Não,DSL,Não,Não,Não,Sim,Não,Não,Mês a mês,Não,Cheque eletrônico,78.03,2683.54,1
Masculino,0,Não,Não,62,Não,Sem serviço telefônico,Fibra óptica,Não,Não,Não,Não,Sim,Não,Mês a mês,Sim,Cheque eletrônico,72.02,3935.59,0
Feminino,1,Sim,Não,28,Sim,Não,DSL,Sim,Sim,Não,Sim,Não,Não,Mês a mês,Não,Cheque enviado pelo correio,29.34,894.13,0
Masculino,0,Sim,Não,7,Sim,Não,Fibra óptica,Não,Não,Sim,Sim,Sim,Sim,Mês a mês,Não,Cheque enviado pelo correio,49.88,350.19,1
Masculino,0,Sim,Não,54,Sim,Não,DSL,Não,Não,Não,Não,Não,Não,Dois anos,Sim,Transferência bancária,19.73,1000.21,0
Feminino,0,Sim,Não,70,Sim,Não,DSL,Não,Sim,Sim,Não,Não,Sim,Mês a mês,Sim,Cheque eletrônico,25.71,2057.62,0
Masculino,0,Sim,Sim,14,Sim,Não,Fibra óptica,Não,Sim,Não,Não,Não,Sim,Mês a mês,Sim,Cheque enviado pelo correio,68.83,1068.65,1
Masculino,0,Sim,Sim,55,Sim,Sim,Fibra óptica,Não,Não,Não,Sim,Não,Não,Dois anos,Não,Cartão de crédito,35.78,1915.13,0
Feminino,0,Não,Não,58,Sim,Sim,DSL,Sim,Sim,Não,Não,Sim,Não,Dois anos,Sim,Cartão de crédito,53.72,2839.53,0
Masculino,0,Não,Não,44,Sim,Sim,DSL,Não,Não,Sim,Não,Sim,Sim,Dois anos,Não,Cartão de crédito,101.7,5008.98,0
Masculino,0,Sim,Não,46,Sim,Sim,Fibra óptica,Não,Sim,Não,Não,Não,Sim,Dois anos,Sim,Cartão de crédito,26.69,1196.24,0
Masculino,1,Não,Não,14,Sim,Sim,DSL,Não,Não,Não,Não,Sim,Sim,Mês a mês,Não,Cartão de crédito,101.19,1598.92,1
Masculino,1,Não,Não,44,Sim,Não,Não,Sem serviço de internet,Sem serviço de internet,Sem serviço de internet,Sem serviço de internet,Sem serviço de internet,Sem serviço de internet,Dois anos,Sim,Cartão de crédito,107.46,4457.51,0
Feminino,0,Sim,Não,41,Sim,Não,Fibra óptica,Não,Sim,Sim,Não,Não,Não,Dois anos,Não,Cheque eletrônico,49.86,1991.98,0
Feminino,0,Sim,Sim,2,Sim,Não,Fibra óptica,Não,Não,Não,Sim,Sim,Não,Dois anos,Sim,Cheque enviado pelo correio,63.53,142.55,0
Feminino,0,Não,Sim,5,Sim,Não,DSL,Não,Não,Não,Não,Sim,Não,Mês a mês,Não,Transferência bancária,59.21,256.94,1
Masculino,1,Não,Sim,12,Sim,Sim,Fibra óptica,Sim,Sim,Sim,Não,Não,Não,Um ano,Sim,Cheque enviado pelo correio,32.45,445.12,0
Masculino,0,Sim,Sim,47,Sim,Sim,Não,Sem serviço de internet,Sem serviço de internet,Sem serviço de internet,Sem serviço de internet,Sem serviço de internet,Sem serviço de internet,Dois anos,Sim,Cartão de crédito,27.4,1111.77,0
Feminino,0,Sim,Não,35,Sim,Sim,DSL,Não,Não,Não,Não,Sim,Não,Um ano,Não,Cartão de crédito,63.02,2273.62,1
Masculino,0,Não,Não,19,Sim,Sim,Fibra óptica,Não,Não,Não,Não,Sim,Não,Mês a mês,Sim,Cheque enviado pelo correio,74.7,1409.18,1
Masculino,0,Não,Não,63,Sim,Não,DSL,Não,Não,Não,Sim,Não,Não,Mês a mês,Sim,Cheque eletrônico,66.85,4311.95,0
Masculino,0,Sim,Não,8,Não,Sem serviço telefônico,Não,Sem serviço de internet,Sem serviço de internet,Sem serviço de internet,Sem serviço de internet,Sem serviço de internet,Sem serviço de internet,Mês a mês,Não,Cheque enviado pelo correio,86.03,661.6,0
Masculino,0,Não,Sim,23,Não,Sem serviço telefônico,Fibra óptica,Sim,Não,Não,Sim,Não,Não,Mês a mês,Sim,Transferência bancária,65.6,1619.31,1
Feminino,0,Sim,Não,13,Sim,Sim,DSL,Sim,Não,Não,Sim,Não,Sim,Um ano,Não,Transferência bancária,104.36,1467.63,0
Feminino,0,Sim,Não,23,Sim,Sim,Fibra óptica,Não,Sim,Não,Não,Não,Sim,Mês a mês,Sim,Cheque enviado pelo correio,78.52,1920.29,1
Feminino,0,Sim,Não,31,Sim,Sim,Fibra óptica,Não,Não,Não,Não,Não,Não,Mês a mês,Não,Cartão de crédito,40.63,1083.5,1
Masculino,0,Não,Não,30,Sim,Sim,Fibra óptica,Não,Sim,Não,Não,Sim,Sim,Mês a mês,Sim,Cheque eletrônico,105.61,2698.36,1
Feminino,1,Sim,Não,42,Sim,Não,Fibra óptica,Não,Sim,Não,Não,Sim,Sim,Mês a mês,Não,Cheque eletrônico,104.06,4598.12,0
Feminino,1,Sim,Não,2,Sim,Não,DSL,Não,Sim,Não,Não,Não,Não,Um ano,Sim,Cartão de crédito,55.01,97.39,1
Masculino,1,Não,Sim,11,Sim,Não,Não,Sem serviço de internet,Sem serviço de internet,Sem serviço de internet,Sem serviço de internet,Sem serviço de internet,Sem serviço de internet,Um ano,Não,Cartão de crédito,36.92,351.68,0
Masculino,1,Não,Sim,25,Sim,Não,Fibra óptica,Sim,Sim,Não,Não,Não,Não,Dois anos,Sim,Cheque eletrônico,95.84,2074.52,0
Feminino,0,Sim,Não,29,Sim,Sim,Fibra óptica,Não,Não,Não,Não,Não,Não,Um ano,Sim,Cartão de crédito,23.98,594.36,0
Feminino,0,Sim,Não,22,Sim,Não,DSL,Sim,Não,Não,Não,Não,Não,Mês a mês,Não,Cheque eletrônico,60.79,1415.77,0
Feminino,0,Não,Não,19,Sim,Não,Fibra óptica,Sim,Não,Sim,Não,Sim,Não,Um ano,Não,Cheque enviado pelo correio,63.97,1390.47,0
Feminino,1,Não,Não,41,Sim,Não,Fibra óptica,Não,Sim,Sim,Sim,Não,Sim,Dois anos,Sim,Cheque enviado pelo correio,80.91,3376.54,0
Masculino,0,Sim,Não,38,Não,Sem serviço telefônico,Não,Sem serviço de internet,Sem serviço de internet,Sem serviço de internet,Sem serviço de internet,Sem serviço de internet,Sem serviço de internet,Mês a mês,Sim,Transferência bancária,45.14,1794.48,0
Feminino,0,Não,Sim,29,Sim,Sim,DSL,Sim,Sim,Sim,Sim,Não,Sim,Dois anos,Não,Cheque enviado pelo correio,53.49,1646.87,0
Feminino,0,Sim,Sim,22,Sim,Sim,Não,Sem serviço de internet,Sem serviço de internet,Sem serviço de internet,Sem serviço de internet,Sem serviço de internet,Sem serviço de internet,Dois anos,Sim,Cartão de crédito,113.34,2182.12,0
Masculino,0,Não,Sim,8,Não,Sem serviço telefônico,Fibra óptica,Não,Sim,Sim,Não,Sim,Sim,Mês a mês,Não,Cheque enviado pelo correio,105.29,881.35,1
Feminino,0,Sim,Não,47,Sim,Não,DSL,Sim,Sim,Não,Não,Não,Sim,Mês a mês,Não,Cheque eletrônico,56.18,2921.64,0
Masculino,0,Não,Não,6,Sim,Não,DSL,Não,Sim,Sim,Não,Não,Não,Mês a mês,Não,Cheque eletrônico,114.69,756.17,1
Masculino,0,Sim,Não,7,Sim,Sim,Não,Sem serviço de internet,Sem serviço de internet,Sem serviço de internet,Sem serviço de internet,Sem serviço de internet,Sem serviço de internet,Mês a mês,Sim,Cartão de crédito,24.22,159.2,0
Masculino,0,Não,Não,36,Sim,Sim,Fibra óptica,Não,Não,Não,Não,Não,Não,Mês a mês,Sim,Cheque eletrônico,48.43,1489.21,0
Feminino,0,Não,Sim,8,Sim,Sim,Não,Sem serviço de internet,Sem serviço de internet,Sem serviço de internet,Sem serviço de internet,Sem serviço de internet,Sem serviço de internet,Dois anos,Sim,Transferência bancária,89.07,747.59,0
Feminino,0,Sim,Sim,46,Sim,Sim,Fibra óptica,Sim,Sim,Não,Não,Não,Sim,Mês a mês,Sim,Cartão de crédito,78.03,3816.09,0
Masculino,1,Não,Não,64,Sim,Sim,Não,Sem serviço de internet,Sem serviço de internet,Sem serviço de internet,Sem serviço de internet,Sem serviço de internet,Sem serviço de internet,Dois anos,Não,Cheque eletrônico,70.53,5105.74,0
Feminino,0,Sim,Não,31,Não,Sem serviço telefônico,Fibra óptica,Não,Não,Não,Sim,Não,Não,Mês a mês,Não,Cartão de crédito,95.02,2579.19,1
Feminino,0,Não,Sim,23,Sim,Não,DSL,Não,Não,Não,Não,Não,Sim,Mês a mês,Sim,Transferência bancária,115.74,3029.33,1
Masculino,0,Não,Não,61,Não,Sem serviço telefônico,Fibra óptica,Não,Não,Não,Não,Não,Não,Mês a mês,Sim,Cheque eletrônico,87.71,4579.21,1
Masculino,0,Não,Não,50,Sim,Não,DSL,Sim,Sim,Não,Sim,Não,Sim,Um ano,Não,Transferência bancária,61.27,3010.74,0
Feminino,0,Não,Sim,46,Não,Sem serviço telefônico,Fibra óptica,Não,Sim,Não,Sim,Não,Sim,Mês a mês,Sim,Cartão de crédito,86.3,3857.51,1
Masculino,0,Não,Não,43,Sim,Não,Fibra óptica,Sim,Não,Não,Não,Sim,Não,Dois anos,Não,Cheque enviado pelo correio,70.85,2600.5,0
Feminino,0,Sim,Sim,10,Sim,Não,DSL,Não,Não,Sim,Não,Não,Não,Dois anos,Sim,Transferência bancária,81.27,874.34,0
Feminino,0,Sim,Não,20,Sim,Não,DSL,Não,Sim,Não,Sim,Não,Sim,Mês a mês,Sim,Cheque eletrônico,85.26,1458.06,0
Feminino,0,Não,Sim,16,Sim,Sim,Fibra óptica,Não,Não,Não,Sim,Não,Não,Dois anos,Não,Cheque enviado pelo correio,117.36,2053.64,0
Feminino,0,Não,Não,3,Sim,Sim,Não,Sem serviço de internet,Sem serviço de internet,Sem serviço de internet,Sem serviço de internet,Sem serviço de internet,Sem serviço de internet,Mês a mês,Sim,Transferência bancária,67.64,191.82,1
Masculino,0,Não,Não,30,Sim,Não,Fibra óptica,Não,Sim,Não,Não,Não,Sim,Mês a mês,Não,Cheque eletrônico,94.42,2569.94,1
Masculino,0,Não,Não,18,Sim,Sim,Não,Sem serviço de internet,Sem serviço de internet,Sem serviço de internet,Sem serviço de internet,Sem serviço de internet,Sem serviço de internet,Mês a mês,Não,Transferência bancária,113.01,2032.35,0
Masculino,0,Sim,Sim,59,Sim,Sim,Não,Sem serviço de internet,Sem serviço de internet,Sem serviço de internet,Sem serviço de internet,Sem serviço de internet,Sem serviço de internet,Mês a mês,Sim,Cheque eletrônico,40.01,2024.83,0
Masculino,1,Sim,Sim,70,Sim,Sim,DSL,Não,Sim,Não,Sim,Não,Não,Dois anos,Não,Cartão de crédito,56.32,3545.17,0
Feminino,0,Sim,Não,35,Sim,Sim,Fibra óptica,Não,Não,Não,Não,Não,Sim,Mês a mês,Sim,Cheque enviado pelo correio,73.62,2910.78,1
Feminino,0,Não,Sim,19,Sim,Não,Fibra óptica,Não,Sim,Sim,Sim,Não,Não,Mês a mês,Não,Cheque eletrônico,57.46,1226.71,0
Masculino,0,Sim,Não,26,Sim,Não,DSL,Não,Não,Não,Sim,Não,Não,Mês a mês,Sim,Transferência bancária,91.03,2167.83,0
Feminino,0,Sim,Não,35,Sim,Não,Fibra óptica,Sim,Não,Sim,Não,Não,Sim,Mês a mês,Sim,Cartão de crédito,34.59,1078.62,1
Feminino,0,Não,Sim,72,Sim,Não,DSL,Não,Sim,Não,Não,Não,Não,Dois anos,Não,Cheque enviado pelo correio,112.65,8142.93,0
Feminino,0,Não,Não,57,Sim,Não,Não,Sem serviço de internet,Sem serviço de internet,Sem serviço de internet,Sem serviço de internet,Sem serviço de internet,Sem serviço de internet,Mês a mês,Sim,Cartão de crédito,55.69,3344.31,0
Masculino,0,Não,Não,49,Sim,Sim,Não,Sem serviço de internet,Sem serviço de internet,Sem serviço de internet,Sem serviço de internet,Sem serviço de internet,Sem serviço de internet,Mês a mês,Não,Cartão de crédito,109.48,4987.18,1
Masculino,0,Não,Não,10,Sim,Sim,DSL,Não,Sim,Não,Sim,Não,Não,Dois anos,Não,Cheque enviado pelo correio,113.78,1042.99,0
Masculino,0,Não,Não,29,Sim,Sim,Não,Sem serviço de internet,Sem serviço de internet,Sem serviço de internet,Sem serviço de internet,Sem serviço de internet,Sem serviço de internet,Um ano,Não,Cartão de crédito,37.65,1252.34,0
Feminino,0,Sim,Não,71,Sim,Sim,Fibra óptica,Não,Sim,Não,Não,Não,Não,Um ano,Não,Transferência bancária,74.43,5264.27,0
Masculino,0,Não,Sim,68,Sim,Não,Não,Sem serviço de internet,Sem serviço de internet,Sem serviço de internet,Sem serviço de internet,Sem serviço de internet,Sem serviço de internet,Um ano,Sim,Cheque enviado pelo correio,94.17,7144.06,0
Masculino,0,Sim,Sim,24,Sim,Sim,Fibra óptica,Não,Sim,Não,Não,Sim,Não,Mês a mês,Sim,Cheque eletrônico,21.42,495.72,1
Masculino,1,Não,Não,43,Sim,Sim,Fibra óptica,Não,Não,Sim,Sim,Não,Sim,Mês a mês,Sim,Cartão de crédito,58.22,2174.09,0
Masculino,0,Não,Não,39,Sim,Sim,Fibra óptica,Não,Não,Sim,Não,Não,Sim,Dois anos,Não,Cheque eletrônico,59.45,2160.93,0
Masculino,0,Não,Sim,25,Sim,Não,Fibra óptica,Sim,Não,Não,Não,Sim,Sim,Um ano,Não,Cartão de crédito,84.55,2208.93,0
Masculino,0,Sim,Sim,68,Sim,Não,DSL,Não,Não,Não,Não,Não,Não,Um ano,Não,Cheque enviado pelo correio,70.16,4834.17,0
Feminino,0,Sim,Sim,34,Sim,Não,Não,Sem serviço de internet,Sem serviço de internet,Sem serviço de internet,Sem serviço de internet,Sem serviço de internet,Sem serviço de internet,Mês a mês,Sim,Cheque eletrônico,91.17,2968.06,1
Feminino,0,Não,Sim,53,Sim,Sim,Fibra óptica,Não,Não,Sim,Sim,Não,Não,Um ano,Sim,Cheque eletrônico,54.04,2876.65,0
Masculino,0,Sim,Sim,55,Sim,Não,DSL,Não,Sim,Não,Não,Não,Sim,Mês a mês,Sim,Cheque eletrônico,58.74,3712.43,0
Masculino,0,Não,Não,53,Sim,Sim,Fibra óptica,Não,Não,Não,Não,Não,Não,Dois anos,Sim,Cartão de crédito,58.7,3294.53,0
Feminino,0,Não,Não,18,Sim,Sim,Fibra óptica,Não,Não,Não,Não,Sim,Não,Dois anos,Sim,Cheque eletrônico,50.8,956.92,0
Feminino,1,Não,Sim,7,Sim,Sim,Fibra óptica,Sim,Não,Sim,Não,Não,Sim,Mês a mês,Sim,Cheque eletrônico,25.83,183.81,1
Masculino,0,Não,Sim,63,Sim,Sim,Não,Sem serviço de internet,Sem serviço de internet,Sem serviço de internet,Sem serviço de internet,Sem serviço de internet,Sem serviço de internet,Mês a mês,Sim,Cheque enviado pelo correio,63.77,3636.26,0
Masculino,0,Não,Não,42,Sim,Não,DSL,Não,Sim,Sim,Não,Não,Não,Um ano,Sim,Cheque eletrônico,104.38,4539.1,1
Masculino,1,Sim,Não,11,Sim,Sim,DSL,Não,Sim,Não,Não,Não,Não,Mês a mês,Não,Cheque eletrônico,60.54,681.59,1
Masculino,0,Sim,Sim,9,Sim,Sim,DSL,Não,Não,Sim,Não,Não,Não,Dois anos,Sim,Cheque eletrônico,32.34,316.12,0
Feminino,0,Não,Não,35,Sim,Sim,DSL,Não,Não,Sim,Não,Sim,Sim,Dois anos,Sim,Cheque eletrônico,48.72,1616.75,0
Masculino,0,Não,Não,65,Sim,Não,DSL,Não,Não,Não,Não,Não,Sim,Mês a mês,Não,Transferência bancária,93.82,5917.02,1
Masculino,1,Não,Não,5,Sim,Não,DSL,Não,Sim,Não,Não,Não,Sim,Dois anos,Sim,Cheque eletrônico,43.45,249.33,1
Masculino,0,Não,Não,26,Sim,Não,DSL,Não,Não,Não,Não,Não,Sim,Um ano,Sim,Cheque enviado pelo correio,23.91,593.11,1
Masculino,0,Sim,Não,51,Não,Sem serviço telefônico,DSL,Não,Não,Não,Não,Sim,Não,Mês a mês,Não,Transferência bancária,23.44,1213.47,0
Feminino,0,Sim,Não,38,Sim,Não,Fibra óptica,Não,Sim,Sim,Não,Sim,Não,Mês a mês,Sim,Cheque eletrônico,78.69,2828.62,0
Feminino,0,Sim,Não,3,Sim,Sim,Fibra óptica,Sim,Sim,Não,Sim,Sim,Não,Mês a mês,Sim,Cheque enviado pelo correio,107.78,337.6,1
Feminino,0,Não,Sim,59,Sim,Sim,Não,Sem serviço de internet,Sem serviço de internet,Sem serviço de internet,Sem serviço de internet,Sem serviço de internet,Sem serviço de internet,Um ano,Sim,Transferência bancária,44.01,2808.87,0
Masculino,0,Sim,Não,13,Sim,Não,Fibra óptica,Não,Não,Não,Não,Não,Sim,Um ano,Sim,Cartão de crédito,116.79,1602.72,0
Masculino,0,Sim,Sim,35,Não,Sem serviço telefônico,DSL,Sim,Sim,Não,Não,Sim,Sim,Mês a mês,Não,Transferência bancária,40.02,1426.22,0
Feminino,0,Não,Sim,3,Sim,Não,DSL,Não,Não,Sim,Sim,Não,Sim,Mês a mês,Sim,Cheque eletrônico,52.61,148.91,1
Masculino,0,Sim,Não,53,Sim,Não,Não,Sem serviço de internet,Sem serviço de internet,Sem serviço de internet,Sem serviço de internet,Sem serviço de internet,Sem serviço de internet,Mês a mês,Não,Cheque enviado pelo correio,64.76,3519.11,0
Masculino,1,Não,Não,55,Não,Sem serviço telefônico,Fibra óptica,Não,Não,Não,Sim,Não,Sim,Dois anos,Sim,Cartão de crédito,28.75,1710.91,0
Feminino,1,Não,Não,45,Sim,Não,DSL,Não,Sim,Não,Sim,Sim,Não,Dois anos,Sim,Cheque enviado pelo correio,47.32,1908.96,0
Feminino,0,Sim,Sim,66,Sim,Não,DSL,Não,Sim,Não,Não,Não,Sim,Dois anos,Não,Cheque eletrônico,78.14,5068.95,0
Feminino,0,Sim,Não,67,Não,Sem serviço telefônico,DSL,Não,Sim,Não,Não,Não,Não,Mês a mês,Não,Cheque eletrônico,19.21,1432.01,0
Feminino,0,Não,Não,44,Sim,Sim,DSL,Sim,Sim,Não,Não,Não,Não,Um ano,Sim,Transferência bancária,66.35,2920.7,0
Masculino,0,Sim,Sim,68,Sim,Não,DSL,Não,Sim,Não,Sim,Sim,Sim,Dois anos,Sim,Cheque eletrônico,83.94,6391.96,1
Masculino,0,Sim,Não,62,Sim,Sim,Não,Sem serviço de internet,Sem serviço de internet,Sem serviço de internet,Sem serviço de internet,Sem serviço de internet,Sem serviço de internet,Mês a mês,Sim,Transferência bancária,47.83,2594.94,1
Feminino,0,Sim,Não,25,Sim,Sim,Fibra óptica,Sim,Não,Sim,Não,Sim,Sim,Dois anos,Sim,Cheque eletrônico,105.11,2445.54,0
Masculino,1,Sim,Sim,52,Sim,Sim,Fibra óptica,Não,Sim,Não,Não,Sim,Sim,Mês a mês,Não,Cheque enviado pelo correio,45.73,2381.67,0
Feminino,0,Não,Sim,50,Sim,Sim,Não,Sem serviço de internet,Sem serviço de internet,Sem serviço de internet,Sem serviço de internet,Sem serviço de internet,Sem serviço de internet,Um ano,Não,Cheque eletrônico,109.2,4953.62,0
Feminino,0,Sim,Não,1,Sim,Não,Fibra óptica,Sim,Sim,Sim,Não,Sim,Não,Mês a mês,Sim,Cheque eletrônico,101.32,103.59,1
Masculino,0,Não,Não,39,Sim,Não,DSL,Não,Sim,Sim,Não,Não,Sim,Mês a mês,Sim,Cartão de crédito,41.35,1603.41,0
Feminino,0,Sim,Sim,52,Sim,Não,DSL,Não,Não,Não,Não,Sim,Não,Mês a mês,Não,Cheque eletrônico,24.3,1428.82,1
Masculino,0,Não,Não,40,Sim,Não,Fibra óptica,Não,Não,Não,Não,Sim,Não,Mês a mês,Não,Cheque eletrônico,21.16,886.08,1
Masculino,0,Não,Sim,60,Sim,Sim,Fibra óptica,Não,Sim,Não,Sim,Não,Não,Um ano,Sim,Cheque eletrônico,95.6,4899.6,1
Masculino,0,Não,Não,69,Sim,Sim,DSL,Não,Não,Não,Sim,Não,Não,Dois anos,Sim,Cheque eletrônico,74.2,5647.03,0
Masculino,1,Não,Não,20,Sim,Não,Fibra óptica,Não,Não,Não,Não,Não,Não,Mês a mês,Sim,Cartão de crédito,35.76,746.91,1
Feminino,0,Sim,Sim,2,Sim,Sim,Fibra óptica,Não,Não,Sim,Não,Sim,Não,Dois anos,Sim,Cheque eletrônico,34.41,62.69,0
Masculino,1,Não,Não,9,Sim,Não,DSL,Sim,Não,Sim,Não,Não,Não,Mês a mês,Não,Transferência bancária,55.78,463.92,0
Feminino,0,Sim,Não,39,Não,Sem serviço telefônico,DSL,Sim,Sim,Sim,Sim,Não,Não,Dois anos,Sim,Transferência bancária,26.66,1098.19,0
Feminino,0,Sim,Não,30,Sim,Sim,Fibra óptica,Não,Não,Não,Não,Não,Não,Um ano,Não,Transferência bancária,87.13,2674.29,0
Feminino,0,Não,Não,54,Sim,Sim,Fibra óptica,Não,Sim,Não,Não,Não,Sim,Mês a mês,Não,Cheque eletrônico,112.91,5985.83,1
Feminino,0,Sim,Não,58,Sim,Sim,DSL,Não,Sim,Não,Não,Não,Sim,Mês a mês,Não,Cheque eletrônico,59.41,3255.38,0
Masculino,0,Não,Não,44,Sim,Sim,DSL,Não,Não,Sim,Não,Não,Sim,Dois anos,Não,Cheque eletrônico,104.95,5069.67,0
Masculino,0,Sim,Sim,43,Sim,Sim,DSL,Não,Não,Não,Sim,Não,Sim,Um ano,Não,Cheque eletrônico,50.71,2372.64,0
Feminino,0,Não,Não,10,Sim,Não,DSL,Não,Não,Não,Não,Sim,Não,Mês a mês,Sim,Cheque eletrônico,42.69,473.62,1
Feminino,0,Não,Sim,48,Sim,Não,Fibra óptica,Não,Sim,Não,Não,Não,Não,Um ano,Não,Transferência bancária,51.43,2694.39,0
Masculino,0,Não,Sim,17,Sim,Sim,DSL,Sim,Sim,Não,Não,Não,Sim,Um ano,Não,Cheque enviado pelo correio,38.88,748.87,0
Feminino,0,Não,Sim,5,Sim,Não,Não,Sem serviço de internet,Sem serviço de internet,Sem serviço de internet,Sem serviço de internet,Sem serviço de internet,Sem serviço de internet,Dois anos,Sim,Cheque eletrônico,41.66,183.98,0
Masculino,0,Não,Não,70,Sim,Sim,Fibra óptica,Não,Não,Não,Sim,Sim,Não,Mês a mês,Não,Cheque eletrônico,86.95,6111.14,1
Feminino,0,Não,Não,64,Sim,Sim,Fibra óptica,Sim,Não,Não,Sim,Não,Não,Mês a mês,Sim,Cheque eletrônico,104.48,6311.91,0
Masculino,0,Sim,Sim,66,Sim,Não,Não,Sem serviço de internet,Sem serviço de internet,Sem serviço de internet,Sem serviço de internet,Sem serviço de internet,Sem serviço de internet,Mês a mês,Sim,Cheque enviado pelo correio,56.1,3576.88,1
Feminino,1,Não,Sim,71,Sim,Não,Fibra óptica,Sim,Não,Não,Sim,Sim,Sim,Mês a mês,Não,Cheque enviado pelo correio,77.13,6168.84,0
Feminino,0,Sim,Não,4,Sim,Não,Fibra óptica,Não,Não,Não,Não,Sim,Não,Mês a mês,Sim,Cartão de crédito,33.97,147.59,1
Masculino,0,Sim,Não,28,Sim,Não,Fibra óptica,Não,Não,Não,Sim,Sim,Não,Mês a mês,Sim,Transferência bancária,93.65,2254.3,1
Feminino,0,Sim,Não,38,Sim,Não,Não,Sem serviço de internet,Sem serviço de internet,Sem serviço de internet,Sem serviço de internet,Sem serviço de internet,Sem serviço de internet,Dois anos,Sim,Transferência bancária,26.88,1006.11,0
Feminino,0,Sim,Não,66,Sim,Não,DSL,Não,Sim,Não,Não,Sim,Sim,Mês a mês,Sim,Cheque eletrônico,35.85,2185.05,0
Masculino,0,Não,Não,67,Sim,Não,Fibra óptica,Não,Sim,Sim,Sim,Sim,Não,Mês a mês,Sim,Cheque enviado pelo correio,59.76,4102.89,1
Feminino,1,Não,Sim,60,Sim,Não,DSL,Não,Não,Não,Não,Sim,Sim,Mês a mês,Sim,Cartão de crédito,29.77,1689.55,0
Masculino,1,Não,Não,47,Sim,Sim,Fibra óptica,Sim,Sim,Não,Sim,Não,Não,Dois anos,Sim,Transferência bancária,107.62,5032.94,0
Masculino,0,Não,Não,25,Sim,Não,Fibra óptica,Não,Não,Sim,Não,Sim,Não,Um ano,Não,Cheque eletrônico,67.24,1617.14,0
Feminino,0,Sim,Não,66,Sim,Sim,Não,Sem serviço de internet,Sem serviço de internet,Sem serviço de internet,Sem serviço de internet,Sem serviço de internet,Sem serviço de internet,Mês a mês,Sim,Transferência bancária,46.53,2643.69,0
Feminino,0,Sim,Sim,67,Sim,Sim,DSL,Não,Sim,Não,Não,Não,Não,Dois anos,Sim,Cheque eletrônico,31.88,2004.4,0
Feminino,0,Sim,Sim,69,Sim,Sim,Não,Sem serviço de internet,Sem serviço de internet,Sem serviço de internet,Sem serviço de internet,Sem serviço de internet,Sem serviço de internet,Um ano,Não,Cartão de crédito,34.96,2544.12,0
Feminino,0,Não,Sim,40,Sim,Não,Não,Sem serviço de internet,Sem serviço de internet,Sem serviço de internet,Sem serviço de internet,Sem serviço de internet,Sem serviço de internet,Dois anos,Sim,Cheque enviado pelo correio,91.02,4003.21,0
Feminino,0,Sim,Não,50,Sim,Sim,DSL,Não,Sim,Não,Sim,Não,Não,Mês a mês,Não,Cartão de crédito,106.15,5785.85,1
Feminino,0,Não,Não,40,Sim,Sim,Fibra óptica,Sim,Não,Não,Não,Sim,Não,Dois anos,Sim,Cheque eletrônico,82.45,3051.15,0
Feminino,0,Não,Sim,37,Sim,Sim,Fibra óptica,Não,Sim,Não,Não,Sim,Sim,Dois anos,Não,Cheque eletrônico,53.69,2173.19,0
Masculino,0,Não,Não,69,Sim,Não,DSL,Não,Sim,Sim,Sim,Sim,Não,Dois anos,Não,Cheque enviado pelo correio,44.1,3340.74,0
Feminino,0,Não,Não,17,Sim,Sim,Fibra óptica,Não,Sim,Não,Não,Sim,Sim,Mês a mês,Sim,Cheque enviado pelo correio,66.72,1142.83,1
Masculino,1,Não,Não,62,Sim,Não,DSL,Não,Não,Não,Não,Sim,Não,Mês a mês,Sim,Transferência bancária,48.13,2828.08,0
Feminino,0,Sim,Não,41,Sim,Não,DSL,Não,Sim,Não,Não,Sim,Sim,Dois anos,Sim,Transferência bancária,67.56,3034.53,0
Feminino,1,Sim,Não,42,Sim,Sim,DSL,Não,Sim,Não,Não,Não,Não,Mês a mês,Não,Cheque enviado pelo correio,19.12,707.77,0
Masculino,0,Não,Não,31,Sim,Não,DSL,Sim,Não,Sim,Não,Não,Sim,Mês a mês,Sim,Cheque eletrônico,106.24,3744.06,0
Feminino,0,Não,Não,33,Sim,Sim,DSL,Não,Sim,Sim,Sim,Sim,Não,Mês a mês,Não,Cartão de crédito,76.84,2410.14,1
Feminino,1,Não,Não,43,Não,Sem serviço telefônico,Não,Sem serviço de internet,Sem serviço de internet,Sem serviço de internet,Sem serviço de internet,Sem serviço de internet,Sem serviço de internet,Mês a mês,Não,Cheque eletrônico,66.99,2562.15,0
Masculino,0,Sim,Sim,67,Sim,Não,DSL,Não,Sim,Não,Sim,Sim,Não,Um ano,Não,Cheque eletrônico,66.01,4745.77,0
Feminino,0,Não,Não,38,Sim,Não,DSL,Não,Sim,Sim,Sim,Sim,Não,Mês a mês,Não,Cheque eletrônico,94.5,3528.12,0
Feminino,0,Sim,Sim,41,Sim,Sim,Fibra óptica,Não,Não,Não,Sim,Não,Não,Um ano,Sim,Cheque enviado pelo correio,72.67,3001.49,0
Feminino,0,Sim,Sim,63,Sim,Não,DSL,Não,Sim,Sim,Sim,Sim,Não,Mês a mês,Não,Cheque eletrônico,82.11,4459.4,0
Masculino,0,Sim,Sim,40,Sim,Sim,DSL,Sim,Não,Não,Não,Sim,Não,Mês a mês,Não,Transferência bancária,97.71,3691.0,0
Feminino,1,Sim,Não,30,Sim,Não,DSL,Sim,Não,Sim,Não,Não,Não,Dois anos,Sim,Cartão de crédito,103.54,2846.59,1
Feminino,1,Sim,Não,47,Sim,Não,Fibra óptica,Não,Não,Não,Não,Não,Não,Mês a mês,Sim,Cartão de crédito,73.22,3353.01,1
Feminino,1,Sim,Sim,22,Sim,Sim,DSL,Não,Não,Sim,Não,Não,Sim,Mês a mês,Sim,Cartão de crédito,76.42,1467.89,0
Feminino,0,Não,Não,55,Sim,Não,Fibra óptica,Sim,Não,Sim,Não,Não,Não,Mês a mês,Não,Cheque eletrônico,86.47,4383.83,0
Masculino,0,Não,Não,43,Sim,Sim,Não,Sem serviço de internet,Sem serviço de internet,Sem serviço de internet,Sem serviço de internet,Sem serviço de internet,Sem serviço de internet,Dois anos,Não,Cheque enviado pelo correio,65.23,2533.28,0
Masculino,0,Não,Não,61,Não,Sem serviço telefônico,Fibra óptica,Não,Sim,Não,Não,Não,Não,Mês a mês,Sim,Cheque eletrônico,108.32,6199.03,0
Feminino,1,Sim,Sim,32,Sim,Não,DSL,Não,Não,Não,Não,Não,Não,Um ano,Sim,Cheque eletrônico,72.36,2302.35,0
Feminino,0,Não,Sim,4,Sim,Não,Fibra óptica,Não,Sim,Não,Não,Não,Sim,Dois anos,Não,Cheque eletrônico,110.42,502.52,1
Masculino,0,Sim,Não,45,Sim,Sim,DSL,Não,Sim,Não,Não,Sim,Não,Um ano,Sim,Cheque eletrônico,98.35,4415.77,0
Masculino,0,Sim,Não,72,Sim,Sim,Fibra óptica,Não,Não,Sim,Não,Não,Sim,Mês a mês,Sim,Cheque enviado pelo correio,54.33,4443.67,0
Feminino,0,Não,Não,20,Sim,Não,Não,Sem serviço de internet,Sem serviço de internet,Sem serviço de internet,Sem serviço de internet,Sem serviço de internet,Sem serviço de internet,Mês a mês,Não,Cheque eletrônico,84.39,1644.96,0
Masculino,0,Sim,Não,71,Sim,Não,Fibra óptica,Não,Não,Sim,Sim,Não,Não,Um ano,Sim,Cheque enviado pelo correio,89.69,5535.31,1
Feminino,1,Não,Não,65,Sim,Não,DSL,Não,Sim,Não,Não,Não,Não,Um ano,Sim,Cheque eletrônico,64.77,3844.1,0
Masculino,1,Não,Sim,60,Sim,Não,Fibra óptica,Não,Não,Não,Não,Não,Não,Mês a mês,Não,Cartão de crédito,88.65,5139.85,0
Masculino,0,Não,Não,26,Sim,Não,DSL,Não,Não,Sim,Sim,Sim,Sim,Dois anos,Não,Cheque enviado pelo correio,42.09,1251.04,0
Masculino,0,Não,Não,23,Sim,Sim,DSL,Não,Não,Sim,Não,Não,Não,Mês a mês,Sim,Transferência bancária,46.91,1179.2,0
Masculino,1,Não,Sim,40,Sim,Sim,Fibra óptica,Não,Sim,Não,Não,Não,Sim,Dois anos,Sim,Cheque enviado pelo correio,82.37,2869.85,0
Feminino,0,Sim,Sim,2,Sim,Não,Fibra óptica,Não,Sim,Não,Não,Não,Não,Um ano,Sim,Cheque enviado pelo correio,66.28,119.58,0
Masculino,0,Não,Não,26,Sim,Sim,Fibra óptica,Não,Não,Sim,Sim,Sim,Sim,Um ano,Sim,Cheque enviado pelo correio,56.34,1502.45,0
Masculino,0,Sim,Não,62,Sim,Não,DSL,Não,Não,Sim,Não,Não,Sim,Um ano,Sim,Cheque eletrônico,24.66,1741.15,1
Feminino,0,Não,Sim,44,Sim,Sim,Fibra óptica,Não,Sim,Não,Não,Não,Não,Mês a mês,Sim,Cheque eletrônico,116.4,4982.95,1
Masculino,0,Não,Sim,31,Sim,Não,Não,Sem serviço de internet,Sem serviço de internet,Sem serviço de internet,Sem serviço de internet,Sem serviço de internet,Sem serviço de internet,Dois anos,Sim,Cartão de crédito,40.79,1390.39,0
Masculino,0,Sim,Sim,26,Sim,Não,Fibra óptica,Não,Não,Não,Não,Não,Não,Dois anos,Sim,Transferência bancária,80.25,1977.89,0
Feminino,0,Não,Não,5,Não,Sem serviço telefônico,Não,Sem serviço de internet,Sem serviço de internet,Sem serviço de internet,Sem serviço de internet,Sem serviço de internet,Sem serviço de internet,Um ano,Sim,Cheque eletrônico,97.21,441.53,0
Masculino,0,Sim,Não,70,Sim,Não,Fibra óptica,Não,Não,Sim,Não,Sim,Não,Um ano,Não,Cheque eletrônico,68.8,4554.49,0
Feminino,1,Sim,Não,35,Sim,Não,Fibra óptica,Não,Não,Sim,Não,Sim,Sim,Mês a mês,Não,Cheque enviado pelo correio,75.91,2752.85,1
Feminino,0,Não,Não,16,Sim,Sim,Fibra óptica,Não,Não,Não,Sim,Sim,Não,Um ano,Não,Cheque eletrônico,71.14,1169.4,1
Feminino,1,Sim,Não,31,Sim,Não,Fibra óptica,Sim,Não,Não,Sim,Não,Sim,Dois anos,Sim,Transferência bancária,81.65,2490.85,0
Feminino,0,Sim,Sim,14,Sim,Sim,Não,Sem serviço de internet,Sem serviço de internet,Sem serviço de internet,Sem serviço de internet,Sem serviço de internet,Sem serviço de internet,Mês a mês,Sim,Cheque eletrônico,59.63,881.99,0
Masculino,0,Sim,Não,25,Sim,Não,DSL,Sim,Não,Sim,Não,Sim,Não,Um ano,Sim,Transferência bancária,53.61,1234.81,0
Feminino,0,Não,Sim,71,Não,Sem serviço telefônico,Fibra óptica,Não,Sim,Não,Não,Sim,Sim,Mês a mês,Sim,Cheque enviado pelo correio,116.52,7232.44,0
Masculino,1,Sim,Sim,18,Sim,Não,DSL,Não,Sim,Sim,Sim,Sim,Sim,Mês a mês,Não,Cheque eletrônico,55.35,1030.69,0
Masculino,0,Sim,Sim,50,Sim,Sim,Não,Sem serviço de internet,Sem serviço de internet,Sem serviço de internet,Sem serviço de internet,Sem serviço de internet,Sem serviço de internet,Mês a mês,Sim,Cartão de crédito,62.63,2792.9,0
Masculino,0,Não,Não,20,Sim,Não,Fibra óptica,Não,Não,Não,Não,Sim,Não,Mês a mês,Não,Cheque eletrônico,34.21,686.64,0
Masculino,0,Sim,Não,56,Sim,Não,DSL,Não,Não,Não,Sim,Não,Sim,Mês a mês,Sim,Cartão de crédito,100.72,5369.93,1
Masculino,0,Sim,Não,2,Sim,Não,Fibra óptica,Não,Não,Não,Não,Não,Não,Mês a mês,Sim,Transferência bancária,95.37,163.98,1
Masculino,0,Não,Não,26,Não,Sem serviço telefônico,DSL,Não,Não,Sim,Sim,Não,Não,Mês a mês,Não,Cheque enviado pelo correio,91.19,2344.07,0
Masculino,1,Não,Sim,23,Não,Sem serviço telefônico,Fibra óptica,Sim,Sim,Não,Não,Não,Sim,Mês a mês,Não,Cartão de crédito,104.87,2684.55,1
Masculino,1,Não,Não,32,Não,Sem serviço telefônico,DSL,Não,Não,Não,Não,Sim,Sim,Mês a mês,Não,Cheque eletrônico,19.86,708.33,1
Masculino,0,Sim,Não,13,Sim,Sim,DSL,Não,Não,Sim,Sim,Não,Não,Mês a mês,Sim,Cheque eletrônico,19.8,274.91,1
Masculino,1,Não,Sim,13,Sim,Sim,DSL,Não,Não,Sim,Não,Sim,Não,Mês a mês,Não,Transferência bancária,115.71,1494.83,0
Feminino,0,Não,Não,17,Sim,Sim,Não,Sem serviço de internet,Sem serviço de internet,Sem serviço de internet,Sem serviço de internet,Sem serviço de internet,Sem serviço de internet,Um ano,Sim,Cheque enviado pelo correio,37.21,603.32,0
Feminino,0,Sim,Não,58,Sim,Não,Não,Sem serviço de internet,Sem serviço de internet,Sem serviço de internet,Sem serviço de internet,Sem serviço de internet,Sem serviço de internet,Mês a mês,Sim,Cheque enviado pelo correio,106.73,5318.74,0
Feminino,0,Sim,Sim,27,Sim,Não,Fibra óptica,Não,Não,Sim,Não,Sim,Não,Um ano,Sim,Cartão de crédito,97.46,2806.44,0
Masculino,0,Não,Sim,17,Sim,Não,Fibra óptica,Não,Sim,Não,Não,Não,Sim,Mês a mês,Não,Transferência bancária,69.99,1336.57,1
Feminino,0,Não,Não,38,Sim,Sim,Fibra óptica,Não,Sim,Não,Não,Não,Sim,Dois anos,Não,Cheque enviado pelo correio,22.3,868.93,0
Feminino,1,Não,Sim,14,Não,Sem serviço telefônico,Fibra óptica,Não,Não,Não,Sim,Sim,Não,Mês a mês,Não,Transferência bancária,38.56,620.56,0
Feminino,0,Não,Não,14,Sim,Não,DSL,Não,Sim,Sim,Não,Sim,Sim,Mês a mês,Sim,Transferência bancária,24.65,360.77,0
Masculino,0,Não,Não,12,Sim,Não,Fibra óptica,Não,Sim,Não,Não,Não,Não,Mês a mês,Não,Cheque eletrônico,95.84,1033.0,0
Masculino,0,Não,Não,69,Sim,Sim,DSL,Não,Não,Não,Sim,Não,Não,Um ano,Sim,Cheque eletrônico,68.34,4721.71,1
Masculino,1,Sim,Sim,68,Sim,Não,Fibra óptica,Não,Sim,Não,Sim,Não,Sim,Dois anos,Sim,Cheque enviado pelo correio,116.65,8085.23,0
Masculino,0,Sim,Não,55,Sim,Não,Fibra óptica,Não,Não,Não,Não,Não,Não,Mês a mês,Sim,Transferência bancária,71.67,4269.03,0
Feminino,0,Não,Não,63,Sim,Não,Não,Sem serviço de internet,Sem serviço de internet,Sem serviço de internet,Sem serviço de internet,Sem serviço de internet,Sem serviço de internet,Um ano,Sim,Cartão de crédito,29.29,1936.82,0
Feminino,0,Não,Não,29,Não,Sem serviço telefônico,Fibra óptica,Não,Não,Sim,Não,Sim,Sim,Dois anos,Não,Transferência bancária,28.05,703.99,0
Feminino,0,Não,Não,45,Sim,Não,Fibra óptica,Sim,Não,Não,Sim,Não,Não,Um ano,Não,Transferência bancária,70.39,2892.08,0
Feminino,0,Não,Não,4,Sim,Não,Fibra óptica,Sim,Não,Não,Sim,Não,Não,Mês a mês,Não,Cheque enviado pelo correio,76.4,265.06,1
Masculino,0,Não,Não,16,Sim,Sim,Fibra óptica,Não,Sim,Não,Não,Sim,Sim,Mês a mês,Não,Cartão de crédito,33.5,527.47,0
Masculino,0,Sim,Não,66,Não,Sem serviço telefônico,DSL,Não,Não,Não,Sim,Não,Sim,Um ano,Sim,Cartão de crédito,33.33,2140.05,0
Masculino,0,Não,Não,23,Sim,Não,DSL,Não,Não,Não,Não,Sim,Não,Dois anos,Sim,Cheque enviado pelo correio,109.52,2504.81,0
Feminino,0,Sim,Não,68,Sim,Sim,DSL,Não,Sim,Não,Não,Sim,Não,Mês a mês,Não,Transferência bancária,102.45,8010.66,0
Masculino,0,Sim,Não,20,Sim,Sim,DSL,Não,Não,Sim,Sim,Não,Não,Dois anos,Não,Transferência bancária,19.01,325.94,0
Masculino,0,Sim,Não,17,Sim,Sim,Não,Sem serviço de internet,Sem serviço de internet,Sem serviço de internet,Sem serviço de internet,Sem serviço de internet,Sem serviço de internet,Mês a mês,Sim,Cheque eletrônico,92.65,1794.57,0
Feminino,1,Não,Não,52,Sim,Não,Fibra óptica,Não,Sim,Não,Não,Não,Não,Mês a mês,Sim,Cheque eletrônico,70.71,4123.7,1
Feminino,0,Não,Sim,6,Sim,Sim,Fibra óptica,Não,Sim,Não,Sim,Não,Não,Um ano,Não,Cartão de crédito,82.52,467.63,0
Masculino,1,Sim,Não,39,Não,Sem serviço telefônico,Fibra óptica,Não,Não,Não,Não,Não,Não,Mês a mês,Não,Cartão de crédito,21.97,961.75,1
Masculino,0,Sim,Sim,34,Sim,Sim,Fibra óptica,Sim,Sim,Sim,Sim,Não,Não,Um ano,Sim,Transferência bancária,61.74,2060.48,0
Masculino,0,Não,Não,54,Sim,Sim,DSL,Sim,Sim,Sim,Não,Não,Sim,Mês a mês,Não,Cartão de crédito,65.33,3831.09,0
Masculino,0,Não,Sim,65,Não,Sem serviço telefônico,Fibra óptica,Não,Não,Não,Não,Sim,Sim,Mês a mês,Não,Transferência bancária,30.81,1703.87,0
Masculino,1,Não,Não,29,Sim,Sim,Fibra óptica,Não,Não,Não,Não,Não,Não,Mês a mês,Sim,Cartão de crédito,110.95,3607.02,0
Masculino,0,Não,Não,41,Sim,Não,DSL,Não,Sim,Sim,Não,Sim,Não,Dois anos,Sim,Cheque eletrônico,19.18,815.79,0
Feminino,0,Não,Não,63,Sim,Sim,DSL,Não,Não,Não,Sim,Não,Não,Mês a mês,Sim,Cheque enviado pelo correio,27.37,1539.74,0
Feminino,1,Sim,Não,32,Sim,Não,DSL,Sim,Não,Não,Não,Sim,Não,Mês a mês,Sim,Cheque enviado pelo correio,74.88,2694.74,0
Feminino,0,Sim,Sim,66,Sim,Não,Fibra óptica,Não,Não,Não,Não,Sim,Não,Um ano,Sim,Cheque eletrônico,18.43,1049.28,1
Masculino,0,Sim,Não,45,Sim,Sim,DSL,Não,Não,Sim,Não,Não,Não,Dois anos,Não,Transferência bancária,117.37,4529.01,0
Feminino,0,Não,Não,17,Sim,Não,Fibra óptica,Não,Não,Não,Não,Não,Sim,Mês a mês,Sim,Cheque enviado pelo correio,20.98,403.29,0
Masculino,0,Sim,Não,43,Não,Sem serviço telefônico,Não,Sem serviço de internet,Sem serviço de internet,Sem serviço de internet,Sem serviço de internet,Sem serviço de internet,Sem serviço de internet,Mês a mês,Sim,Cartão de crédito,81.08,3540.68,0
Masculino,0,Não,Sim,66,Sim,Não,Fibra óptica,Não,Sim,Não,Sim,Não,Não,Dois anos,Sim,Cheque enviado pelo correio,54.15,3144.99,1
Feminino,0,Sim,Sim,68,Sim,Sim,Fibra óptica,Não,Sim,Não,Não,Não,Não,Um ano,Não,Cheque enviado pelo correio,29.25,1756.25,0
Masculino,0,Sim,Não,34,Sim,Não,Não,Sem serviço de internet,Sem serviço de internet,Sem serviço de internet,Sem serviço de internet,Sem serviço de internet,Sem serviço de internet,Um ano,Sim,Cartão de crédito,104.32,3801.39,0
Masculino,0,Sim,Sim,1,Sim,Não,Fibra óptica,Não,Sim,Sim,Não,Não,Não,Mês a mês,Não,Cheque eletrônico,72.6,74.48,1
Feminino,1,Sim,Sim,23,Sim,Não,Não,Sem serviço de internet,Sem serviço de internet,Sem serviço de internet,Sem serviço de internet,Sem serviço de internet,Sem serviço de internet,Um ano,Não,Cheque enviado pelo correio,85.12,1984.51,0
Feminino,1,Sim,Sim,6,Sim,Não,Fibra óptica,Não,Não,Não,Não,Sim,Não,Dois anos,Não,Cheque eletrônico,96.63,608.97,0
Feminino,0,Não,Não,16,Sim,Não,Fibra óptica,Não,Não,Não,Sim,Não,Não,Um ano,Não,Cheque enviado pelo correio,73.21,1240.39,1
Masculino,0,Sim,Sim,2,Sim,Sim,Fibra óptica,Sim,Sim,Sim,Sim,Sim,Sim,Mês a mês,Não,Transferência bancária,43.22,80.89,1
Feminino,0,Não,Não,27,Não,Sem serviço telefônico,Não,Sem serviço de internet,Sem serviço de internet,Sem serviço de internet,Sem serviço de internet,Sem serviço de internet,Sem serviço de internet,Um ano,Não,Transferência bancária,49.22,1526.89,0
Feminino,0,Sim,Não,19,Sim,Sim,Fibra óptica,Sim,Sim,Não,Não,Não,Sim,Dois anos,Não,Cheque enviado pelo correio,100.56,1660.65,0
Masculino,0,Não,Não,28,Não,Sem serviço telefônico,Fibra óptica,Não,Não,Não,Não,Não,Sim,Mês a mês,Não,Cheque eletrônico,96.62,2934.16,1
Feminino,0,Não,Não,35,Sim,Sim,Não,Sem serviço de internet,Sem serviço de internet,Sem serviço de internet,Sem serviço de internet,Sem serviço de internet,Sem serviço de internet,Um ano,Não,Cheque enviado pelo correio,19.44,631.73,0
Feminino,0,Não,Não,68,Sim,Sim,DSL,Não,Não,Sim,Não,Não,Sim,Um ano,Não,Transferência bancária,75.88,5759.0,0
Feminino,0,Sim,Sim,49,Sim,Não,DSL,Não,Não,Não,Sim,Sim,Sim,Mês a mês,Não,Cheque enviado pelo correio,93.33,4055.8,0
Masculino,0,Sim,Sim,7,Sim,Sim,Fibra óptica,Não,Não,Não,Não,Não,Não,Um ano,Sim,Cheque eletrônico,28.07,225.37,1
Masculino,1,Não,Sim,37,Sim,Sim,Fibra óptica,Não,Sim,Sim,Não,Sim,Não,Um ano,Sim,Cartão de crédito,79.34,2910.86,0
Masculino,0,Sim,Não,25,Sim,Sim,Não,Sem serviço de internet,Sem serviço de internet,Sem serviço de internet,Sem serviço de internet,Sem serviço de internet,Sem serviço de internet,Mês a mês,Sim,Cheque enviado pelo correio,64.62,1557.72,0
Masculino,0,Não,Não,41,Sim,Sim,DSL,Sim,Não,Sim,Sim,Não,Sim,Mês a mês,Não,Cheque enviado pelo correio,39.78,1440.9,0
Feminino,0,Sim,Não,62,Sim,Sim,Fibra óptica,Sim,Não,Não,Não,Não,Não,Mês a mês,Sim,Cheque enviado pelo correio,81.76,4832.7,0
Masculino,0,Não,Não,41,Sim,Não,Fibra óptica,Não,Sim,Não,Não,Sim,Não,Mês a mês,Não,Transferência bancária,47.97,1815.32,0
Masculino,0,Sim,Sim,14,Sim,Não,Não,Sem serviço de internet,Sem serviço de internet,Sem serviço de internet,Sem serviço de internet,Sem serviço de internet,Sem serviço de internet,Um ano,Sim,Cheque eletrônico,38.0,602.5,0
Feminino,0,Não,Não,54,Sim,Sim,Fibra óptica,Não,Não,Não,Não,Sim,Não,Mês a mês,Sim,Transferência bancária,62.93,3564.8,0
Feminino,0,Não,Sim,2,Sim,Não,DSL,Não,Não,Sim,Não,Não,Não,Mês a mês,Sim,Cheque eletrônico,78.15,149.37,1
Feminino,0,Sim,Não,48,Sim,Não,DSL,Não,Sim,Não,Não,Não,Sim,Dois anos,Sim,Transferência bancária,61.24,2580.51,0
Masculino,0,Sim,Sim,51,Não,Sem serviço telefônico,Não,Sem serviço de internet,Sem serviço de internet,Sem serviço de internet,Sem serviço de internet,Sem serviço de internet,Sem serviço de internet,Mês a mês,Sim,Cheque eletrônico,109.05,5558.49,1
Masculino,0,Sim,Não,55,Sim,Sim,Fibra óptica,Sim,Não,Não,Não,Não,Não,Mês a mês,Não,Cheque eletrônico,108.01,6401.71,1
Masculino,1,Não,Não,12,Sim,Não,Não,Sem serviço de internet,Sem serviço de internet,Sem serviço de internet,Sem serviço de internet,Sem serviço de internet,Sem serviço de internet,Dois anos,Sim,Cheque enviado pelo correio,54.92,724.39,0
Feminino,0,Sim,Sim,69,Sim,Não,Fibra óptica,Sim,Não,Sim,Não,Sim,Sim,Um ano,Não,Cheque eletrônico,39.14,2732.54,1
Feminino,0,Sim,Não,1,Sim,Sim,Fibra óptica,Não,Sim,Não,Não,Sim,Sim,Um ano,Não,Cheque eletrônico,108.02,124.04,1
Masculino,1,Não,Não,59,Sim,Não,DSL,Não,Sim,Sim,Não,Sim,Sim,Dois anos,Sim,Cheque eletrônico,59.66,3469.31,0
Feminino,0,Sim,Não,34,Sim,Não,Fibra óptica,Não,Sim,Não,Não,Sim,Não,Mês a mês,Não,Cartão de crédito,49.06,1458.81,1
Feminino,0,Sim,Não,46,Sim,Sim,DSL,Não,Não,Não,Não,Não,Sim,Dois anos,Sim,Transferência bancária,113.83,4905.68,0
Feminino,0,Sim,Não,59,Não,Sem serviço telefônico,DSL,Não,Não,Não,Não,Não,Não,Mês a mês,Sim,Cheque eletrônico,67.28,4156.57,0
Masculino,0,Não,Não,66,Sim,Sim,DSL,Não,Não,Sim,Não,Não,Não,Mês a mês,Não,Cartão de crédito,105.42,7221.62,0
Feminino,0,Não,Não,19,Sim,Sim,DSL,Não,Sim,Sim,Sim,Não,Não,Dois anos,Sim,Cartão de crédito,18.92,341.42,0
Feminino,0,Sim,Não,28,Sim,Não,Não,Sem serviço de internet,Sem serviço de internet,Sem serviço de internet,Sem serviço de internet,Sem serviço de internet,Sem serviço de internet,Mês a mês,Sim,Cheque eletrônico,23.48,733.94,1
Masculino,1,Não,Não,40,Sim,Sim,Não,Sem serviço de internet,Sem serviço de internet,Sem serviço de internet,Sem serviço de internet,Sem serviço de internet,Sem serviço de internet,Mês a mês,Sim,Transferência bancária,65.89,2447.04,1
Masculino,1,Sim,Não,57,Não,Sem serviço telefônico,DSL,Sim,Sim,Não,Sim,Sim,Não,Dois anos,Não,Cheque eletrônico,83.21,4428.87,0
Feminino,0,Sim,Não,51,Sim,Não,Fibra óptica,Não,Não,Não,Não,Sim,Não,Mês a mês,Sim,Cheque enviado pelo correio,65.91,3375.9,0
Feminino,0,Não,Sim,22,Sim,Sim,DSL,Não,Não,Não,Não,Não,Não,Mês a mês,Sim,Cheque eletrônico,65.39,1411.13,1
Masculino,0,Sim,Não,68,Sim,Sim,DSL,Sim,Sim,Sim,Sim,Sim,Não,Dois anos,Não,Cheque eletrônico,51.03,3454.07,0
Masculino,0,Não,Não,8,Sim,Não,Fibra óptica,Sim,Não,Não,Não,Não,Não,Mês a mês,Sim,Cheque enviado pelo correio,63.63,531.32,1
Feminino,0,Não,Sim,60,Sim,Não,Fibra óptica,Sim,Sim,Não,Não,Não,Não,Dois anos,Não,Cartão de crédito,101.35,6905.84,0
Feminino,0,Não,Não,65,Sim,Não,DSL,Sim,Não,Não,Não,Não,Não,Dois anos,Não,Cartão de crédito,94.14,6348.84,0
Feminino,1,Sim,Sim,36,Sim,Não,Fibra óptica,Sim,Sim,Não,Não,Sim,Não,Um ano,Não,Cartão de crédito,40.95,1378.85,1
Feminino,1,Sim,Não,71,Sim,Sim,Fibra óptica,Não,Não,Não,Não,Não,Sim,Um ano,Não,Cheque eletrônico,89.88,7317.32,0
Masculino,0,Não,Não,29,Sim,Não,DSL,Sim,Sim,Não,Não,Não,Não,Mês a mês,Não,Transferência bancária,86.41,2777.4,0
Feminino,0,Sim,Não,65,Sim,Não,Fibra óptica,Sim,Sim,Não,Não,Não,Não,Mês a mês,Sim,Cheque eletrônico,31.37,1954.93,1
Feminino,0,Não,Não,56,Sim,Sim,Fibra óptica,Não,Sim,Não,Sim,Não,Sim,Dois anos,Sim,Cheque enviado pelo correio,104.35,5754.33,0
Masculino,0,Sim,Não,4,Sim,Sim,DSL,Não,Não,Sim,Sim,Sim,Não,Mês a mês,Sim,Cheque eletrônico,24.02,85.97,0
Feminino,0,Sim,Sim,72,Sim,Sim,DSL,Sim,Sim,Sim,Não,Sim,Sim,Mês a mês,Não,Transferência bancária,18.47,1322.66,0
Masculino,0,Sim,Não,50,Sim,Sim,Fibra óptica,Não,Sim,Sim,Não,Não,Não,Dois anos,Sim,Cheque eletrônico,98.54,4785.95,1
Feminino,0,Não,Não,39,Sim,Não,DSL,Não,Sim,Não,Sim,Não,Sim,Um ano,Sim,Transferência bancária,82.8,3567.99,0
Feminino,0,Não,Não,35,Sim,Não,DSL,Não,Não,Não,Não,Não,Não,Dois anos,Sim,Cheque eletrônico,37.0,1216.01,0
Masculino,0,Sim,Não,25,Sim,Sim,Fibra óptica,Não,Não,Não,Não,Não,Não,Dois anos,Sim,Cheque enviado pelo correio,90.44,2382.74,0
Masculino,0,Não,Não,44,Sim,Não,Fibra óptica,Não,Não,Sim,Não,Não,Não,Um ano,Sim,Cheque eletrônico,105.93,4256.38,1
Feminino,0,Sim,Não,47,Sim,Sim,Não,Sem serviço de internet,Sem serviço de internet,Sem serviço de internet,Sem serviço de internet,Sem serviço de internet,Sem serviço de internet,Mês a mês,Não,Cheque eletrônico,35.64,1603.49,0
Feminino,0,Sim,Não,40,Sim,Não,DSL,Sim,Não,Não,Não,Não,Não,Mês a mês,Sim,Cheque enviado pelo correio,51.49,2019.25,0
Feminino,0,Não,Não,31,Sim,Não,Fibra óptica,Não,Não,Não,Não,Sim,Não,Mês a mês,Sim,Cartão de crédito,100.17,3558.88,1
Masculino,1,Não,Sim,69,Sim,Não,Fibra óptica,Não,Não,Não,Não,Não,Não,Mês a mês,Sim,Cheque eletrônico,94.22,6869.51,1
Feminino,0,Sim,Não,43,Sim,Sim,Fibra óptica,Sim,Não,Não,Não,Sim,Não,Mês a mês,Não,Cheque enviado pelo correio,78.62,3273.34,0
Masculino,0,Sim,Não,55,Sim,Sim,Fibra óptica,Não,Sim,Não,Sim,Não,Sim,Dois anos,Não,Cheque eletrônico,56.97,3290.58,0
Masculino,0,Não,Não,16,Não,Sem serviço telefônico,Não,Sem serviço de internet,Sem serviço de internet,Sem serviço de internet,Sem serviço de internet,Sem serviço de internet,Sem serviço de internet,Um ano,Sim,Cheque eletrônico,59.55,824.72,0
Feminino,0,Não,Não,68,Não,Sem serviço telefônico,DSL,Não,Não,Não,Não,Não,Não,Dois anos,Sim,Cheque eletrônico,61.24,3772.98,0
Masculino,0,Não,Não,69,Sim,Não,DSL,Não,Não,Não,Não,Não,Não,Um ano,Sim,Cheque enviado pelo correio,110.44,8310.49,0
Feminino,0,Sim,Não,42,Sim,Sim,Fibra óptica,Não,Sim,Não,Sim,Não,Não,Dois anos,Sim,Cartão de crédito,70.22,3361.14,0
Feminino,0,Não,Não,41,Sim,Não,Fibra óptica,Sim,Não,Sim,Sim,Não,Sim,Mês a mês,Não,Cheque eletrônico,69.07,2940.37,0
Feminino,0,Sim,Não,50,Sim,Não,Não,Sem serviço de internet,Sem serviço de internet,Sem serviço de internet,Sem serviço de internet,Sem serviço de internet,Sem serviço de internet,Mês a mês,Sim,Cartão de crédito,54.65,2496.92,0
Feminino,0,Não,Não,6,Sim,Sim,Não,Sem serviço de internet,Sem serviço de internet,Sem serviço de internet,Sem serviço de internet,Sem serviço de internet,Sem serviço de internet,Mês a mês,Sim,Cheque eletrônico,81.89,555.45,0
Feminino,0,Sim,Não,53,Sim,Sim,Não,Sem serviço de internet,Sem serviço de internet,Sem serviço de internet,Sem serviço de internet,Sem serviço de internet,Sem serviço de internet,Mês a mês,Não,Cheque eletrônico,73.37,3438.45,0
Masculino,0,Sim,Não,17,Sim,Não,Fibra óptica,Não,Não,Não,Não,Não,Não,Dois anos,Sim,Cheque eletrônico,83.44,1486.4,0
Masculino,0,Sim,Não,57,Sim,Sim,DSL,Não,Não,Sim,Não,Não,Não,Mês a mês,Sim,Cheque enviado pelo correio,112.12,6260.03,0
Feminino,0,Não,Sim,67,Sim,Sim,DSL,Sim,Não,Sim,Não,Sim,Não,Mês a mês,Sim,Cheque enviado pelo correio,98.51,7532.02,0
Feminino,0,Não,Não,16,Sim,Não,Não,Sem serviço de internet,Sem serviço de internet,Sem serviço de internet,Sem serviço de internet,Sem serviço de internet,Sem serviço de internet,Mês a mês,Não,Transferência bancária,24.28,372.44,0
Masculino,0,Sim,Sim,52,Sim,Não,Fibra óptica,Não,Não,Sim,Sim,Sim,Sim,Dois anos,Não,Cartão de crédito,116.34,5988.45,0
Masculino,1,Não,Sim,34,Sim,Não,Não,Sem serviço de internet,Sem serviço de internet,Sem serviço de internet,Sem serviço de internet,Sem serviço de internet,Sem serviço de internet,Mês a mês,Sim,Cartão de crédito,42.42,1597.37,0
Masculino,0,Não,Não,20,Sim,Não,DSL,Não,Não,Sim,Sim,Sim,Não,Mês a mês,Não,Cartão de crédito,82.33,1555.02,0
Masculino,1,Sim,Não,56,Sim,Não,Fibra óptica,Não,Não,Sim,Não,Não,Não,Dois anos,Sim,Cartão de crédito,80.07,4354.31,0
Feminino,1,Não,Sim,51,Sim,Sim,Fibra óptica,Não,Não,Não,Sim,Sim,Não,Mês a mês,Sim,Cheque enviado pelo correio,22.49,1160.17,1
Feminino,0,Não,Não,53,Sim,Sim,DSL,Não,Não,Não,Não,Sim,Não,Dois anos,Não,Cartão de crédito,116.66,6308.2,0
Masculino,0,Sim,Não,49,Sim,Não,Não,Sem serviço de internet,Sem serviço de internet,Sem serviço de internet,Sem serviço de internet,Sem serviço de internet,Sem serviço de internet,Mês a mês,Sim,Transferência bancária,61.07,2645.39,0
Feminino,0,Sim,Não,4,Sim,Não,Fibra óptica,Não,Não,Não,Sim,Não,Não,Mês a mês,Não,Transferência bancária,99.09,374.67,1
Masculino,1,Sim,Sim,18,Sim,Não,Fibra óptica,Sim,Não,Não,Não,Não,Sim,Um ano,Sim,Cheque eletrônico,56.34,924.84,0
Feminino,0,Sim,Não,36,Sim,Não,DSL,Não,Não,Não,Sim,Sim,Sim,Dois anos,Não,Cheque enviado pelo correio,55.37,2275.37,0
Masculino,0,Sim,Não,35,Sim,Não,DSL,Não,Não,Sim,Não,Sim,Sim,Um ano,Não,Cartão de crédito,84.55,2759.56,0
Feminino,0,Não,Não,30,Não,Sem serviço telefônico,DSL,Não,Sim,Não,Não,Não,Não,Dois anos,Sim,Cartão de crédito,52.11,1335.23,0
Masculino,0,Não,Não,63,Sim,Não,Não,Sem serviço de internet,Sem serviço de internet,Sem serviço de internet,Sem serviço de internet,Sem serviço de internet,Sem serviço de internet,Dois anos,Sim,Cheque enviado pelo correio,61.02,3387.79,0
Masculino,0,Sim,Não,21,Sim,Sim,DSL,Não,Sim,Sim,Sim,Não,Não,Dois anos,Sim,Transferência bancária,65.51,1383.24,0
Feminino,0,Não,Não,52,Sim,Não,DSL,Não,Sim,Não,Sim,Sim,Não,Mês a mês,Não,Cartão de crédito,61.15,3319.73,0
Masculino,0,Não,Sim,69,Sim,Não,Fibra óptica,Sim,Não,Não,Não,Não,Sim,Um ano,Não,Cheque eletrônico,48.9,2946.5,0
Feminino,1,Não,Não,41,Sim,Não,DSL,Não,Sim,Não,Não,Sim,Sim,Dois anos,Sim,Cheque eletrônico,97.38,3439.36,0
Feminino,0,Sim,Não,54,Sim,Sim,Fibra óptica,Não,Sim,Sim,Não,Não,Não,Mês a mês,Não,Cheque eletrônico,98.21,5112.74,1
Masculino,0,Não,Não,30,Sim,Sim,Não,Sem serviço de internet,Sem serviço de internet,Sem serviço de internet,Sem serviço de internet,Sem serviço de internet,Sem serviço de internet,Mês a mês,Não,Cheque eletrônico,95.73,2818.25,0
Feminino,0,Não,Não,56,Não,Sem serviço telefônico,Fibra óptica,Não,Não,Não,Sim,Sim,Sim,Um ano,Sim,Cartão de crédito,20.03,1046.7,0
Feminino,0,Não,Não,41,Sim,Sim,Fibra óptica,Sim,Não,Não,Sim,Não,Não,Mês a mês,Sim,Transferência bancária,69.78,2674.44,0
Feminino,0,Sim,Não,14,Sim,Sim,Não,Sem serviço de internet,Sem serviço de internet,Sem serviço de internet,Sem serviço de internet,Sem serviço de internet,Sem serviço de internet,Mês a mês,Não,Cheque enviado pelo correio,98.81,1442.44,1
Feminino,0,Sim,Sim,21,Sim,Sim,Não,Sem serviço de internet,Sem serviço de internet,Sem serviço de internet,Sem serviço de internet,Sem serviço de internet,Sem serviço de internet,Dois anos,Sim,Cheque eletrônico,18.67,396.27,0
Feminino,0,Não,Não,25,Não,Sem serviço telefônico,Fibra óptica,Sim,Não,Não,Sim,Não,Sim,Mês a mês,Sim,Cheque enviado pelo correio,41.81,942.13,1
Masculino,0,Sim,Não,50,Sim,Sim,Fibra óptica,Não,Não,Não,Não,Não,Sim,Um ano,Não,Cartão de crédito,70.89,3417.02,0
Feminino,0,Não,Não,53,Sim,Sim,Não,Sem serviço de internet,Sem serviço de internet,Sem serviço de internet,Sem serviço de internet,Sem serviço de internet,Sem serviço de internet,Um ano,Sim,Cheque enviado pelo correio,55.88,2638.82,0
Feminino,0,Não,Não,48,Não,Sem serviço telefônico,Não,Sem serviço de internet,Sem serviço de internet,Sem serviço de internet,Sem serviço de internet,Sem serviço de internet,Sem serviço de internet,Mês a mês,Não,Cheque eletrônico,96.76,4072.31,0
Feminino,0,Sim,Sim,70,Sim,Não,Não,Sem serviço de internet,Sem serviço de internet,Sem serviço de internet,Sem serviço de internet,Sem serviço de internet,Sem serviço de internet,Mês a mês,Não,Cheque enviado pelo correio,73.46,5457.06,0
Feminino,0,Não,Não,48,Sim,Não,DSL,Sim,Não,Não,Não,Não,Sim,Dois anos,Sim,Cheque eletrônico,87.83,4695.46,0
Feminino,0,Sim,Não,4,Sim,Sim,Fibra óptica,Não,Não,Não,Não,Não,Não,Dois anos,Sim,Transferência bancária,21.01,80.96,1
Masculino,0,Sim,Sim,24,Sim,Sim,Fibra óptica,Não,Não,Não,Não,Sim,Sim,Mês a mês,Sim,Cheque enviado pelo correio,31.68,669.72,0
Feminino,0,Não,Sim,31,Sim,Sim,DSL,Sim,Sim,Não,Não,Não,Não,Dois anos,Sim,Cheque eletrônico,68.77,1937.04,0
Masculino,0,Não,Não,29,Sim,Não,Não,Sem serviço de internet,Sem serviço de internet,Sem serviço de internet,Sem serviço de internet,Sem serviço de internet,Sem serviço de internet,Dois anos,Sim,Cartão de crédito,100.39,3222.2,0
Masculino,1,Sim,Não,5,Sim,Sim,DSL,Não,Não,Sim,Não,Não,Não,Mês a mês,Sim,Transferência bancária,24.85,111.89,1
Masculino,1,Não,Não,67,Não,Sem serviço telefônico,Fibra óptica,Não,Não,Não,Não,Sim,Não,Mês a mês,Sim,Cheque enviado pelo correio,19.91,1208.17,1
Masculino,0,Sim,Não,53,Sim,Sim,DSL,Não,Sim,Não,Não,Sim,Não,Dois anos,Sim,Cartão de crédito,82.78,3977.49,0
Feminino,0,Sim,Não,64,Sim,Sim,DSL,Não,Sim,Não,Sim,Não,Sim,Um ano,Não,Transferência bancária,63.6,4323.33,0
Masculino,0,Sim,Não,35,Sim,Sim,DSL,Não,Não,Sim,Sim,Não,Não,Dois anos,Não,Cheque eletrônico,47.64,1450.2,0
Masculino,0,Sim,Não,12,Sim,Não,DSL,Não,Não,Não,Não,Não,Sim,Um ano,Sim,Cheque eletrônico,32.7,438.38,0
Feminino,0,Não,Não,47,Sim,Sim,Fibra óptica,Não,Sim,Sim,Não,Sim,Não,Mês a mês,Sim,Transferência bancária,47.41,2333.93,0
Feminino,0,Não,Não,55,Não,Sem serviço telefônico,Fibra óptica,Não,Sim,Não,Não,Não,Não,Mês a mês,Não,Cheque eletrônico,44.4,2371.83,0
Feminino,0,Não,Sim,69,Sim,Não,DSL,Não,Não,Não,Não,Não,Não,Um ano,Não,Cheque eletrônico,23.31,1369.83,0
Masculino,0,Não,Não,38,Sim,Sim,Fibra óptica,Não,Não,Sim,Sim,Não,Sim,Mês a mês,Não,Transferência bancária,78.06,2812.13,1
Feminino,0,Sim,Não,29,Não,Sem serviço telefônico,Fibra óptica,Não,Não,Não,Não,Não,Não,Mês a mês,Sim,Cartão de crédito,103.49,2851.67,1
Feminino,0,Sim,Não,12,Sim,Sim,Fibra óptica,Não,Sim,Não,Não,Não,Sim,Mês a mês,Sim,Transferência bancária,90.7,1013.39,0
Masculino,0,Não,Sim,19,Sim,Sim,Não,Sem serviço de internet,Sem serviço de internet,Sem serviço de internet,Sem serviço de internet,Sem serviço de internet,Sem serviço de internet,Um ano,Sim,Cheque enviado pelo correio,79.74,1418.21,1
Feminino,0,Não,Não,9,Não,Sem serviço telefônico,Fibra óptica,Não,Não,Não,Não,Sim,Não,Mês a mês,Sim,Cheque eletrônico,47.96,396.58,1
Feminino,0,Não,Sim,29,Sim,Sim,Fibra óptica,Não,Não,Não,Sim,Sim,Não,Mês a mês,Não,Cheque eletrônico,70.7,2140.92,1
Feminino,0,Sim,Não,3,Sim,Sim,DSL,Sim,Não,Não,Não,Não,Sim,Mês a mês,Sim,Transferência bancária,45.38,142.84,0
Feminino,0,Sim,Não,30,Sim,Sim,Fibra óptica,Não,Sim,Não,Não,Sim,Não,Mês a mês,Não,Cartão de crédito,33.12,1120.68,1
Masculino,0,Sim,Não,58,Sim,Sim,DSL,Não,Sim,Não,Não,Não,Sim,Dois anos,Não,Cheque eletrônico,27.43,1621.75,0
Feminino,0,Sim,Sim,53,Sim,Não,DSL,Não,Sim,Não,Não,Sim,Sim,Mês a mês,Não,Transferência bancária,26.36,1359.45,0
Feminino,0,Sim,Não,4,Sim,Sim,Não,Sem serviço de internet,Sem serviço de internet,Sem serviço de internet,Sem serviço de internet,Sem serviço de internet,Sem serviço de internet,Dois anos,Não,Transferência bancária,64.37,269.55,0
Masculino,0,Não,Não,57,Sim,Sim,Fibra óptica,Sim,Não,Não,Não,Não,Não,Um ano,Sim,Cheque enviado pelo correio,90.06,4743.83,0
Feminino,1,Sim,Não,54,Sim,Não,DSL,Não,Não,Não,Não,Sim,Não,Um ano,Não,Cheque eletrônico,64.85,3900.99,0
Masculino,0,Não,Não,28,Não,Sem serviço telefônico,DSL,Não,Não,Não,Não,Não,Sim,Dois anos,Sim,Transferência bancária,77.24,2238.07,0
Feminino,0,Não,Não,16,Sim,Não,Fibra óptica,Não,Não,Sim,Não,Não,Não,Mês a mês,Não,Cheque enviado pelo correio,74.63,1188.68,1
Masculino,0,Sim,Não,13,Sim,Não,Fibra óptica,Não,Não,Sim,Não,Não,Não,Mês a mês,Sim,Cheque enviado pelo correio,48.6,573.29,1
Masculino,0,Não,Não,72,Sim,Não,DSL,Não,Sim,Não,Não,Sim,Sim,Mês a mês,Não,Cheque eletrônico,110.06,6765.39,1
Masculino,0,Sim,Não,56,Sim,Não,DSL,Sim,Sim,Não,Não,Não,Sim,Mês a mês,Sim,Transferência bancária,91.57,4640.05,0
Masculino,0,Não,Sim,53,Sim,Sim,Fibra óptica,Não,Sim,Não,Não,Sim,Sim,Mês a mês,Não,Cheque eletrônico,90.24,5179.45,0
Feminino,0,Não,Não,48,Sim,Sim,Fibra óptica,Não,Não,Sim,Não,Sim,Não,Um ano,Sim,Cheque eletrônico,68.72,3230.87,1
Masculino,0,Não,Não,25,Sim,Não,Fibra óptica,Sim,Não,Não,Não,Sim,Não,Mês a mês,Sim,Cheque eletrônico,36.98,1008.87,0
Feminino,0,Não,Não,66,Sim,Não,DSL,Não,Não,Não,Não,Sim,Não,Mês a mês,Sim,Cartão de crédito,61.0,3711.94,1
Masculino,1,Sim,Sim,30,Sim,Não,DSL,Não,Não,Não,Não,Não,Não,Mês a mês,Sim,Cheque eletrônico,40.41,1083.18,1
Masculino,0,Não,Não,3,Sim,Não,DSL,Não,Sim,Não,Não,Não,Sim,Dois anos,Sim,Cheque enviado pelo correio,36.93,101.08,1
Masculino,0,Não,Não,23,Sim,Não,DSL,Não,Não,Não,Sim,Não,Não,Um ano,Não,Transferência bancária,28.11,692.78,0
Feminino,0,Não,Não,29,Sim,Sim,DSL,Sim,Sim,Não,Não,Não,Não,Mês a mês,Não,Cheque enviado pelo correio,44.78,1347.99,0
Masculino,0,Não,Não,41,Sim,Sim,DSL,Não,Não,Não,Sim,Não,Não,Mês a mês,Não,Transferência bancária,85.43,3873.97,0
Feminino,0,Não,Sim,11,Sim,Não,Fibra óptica,Não,Não,Sim,Sim,Sim,Sim,Um ano,Não,Cheque eletrônico,95.45,1071.32,1
Feminino,0,Não,Sim,21,Sim,Não,Fibra óptica,Não,Não,Sim,Não,Não,Não,Dois anos,Não,Cartão de crédito,111.49,2428.43,0
Feminino,1,Sim,Não,24,Sim,Sim,DSL,Não,Não,Não,Não,Não,Sim,Um ano,Não,Cheque enviado pelo correio,67.53,1554.52,0
Feminino,0,Sim,Não,65,Sim,Não,DSL,Sim,Sim,Sim,Sim,Não,Sim,Dois anos,Sim,Cheque enviado pelo correio,83.6,5750.56,0
Feminino,0,Não,Sim,1,Sim,Não,DSL,Não,Não,Não,Não,Não,Não,Um ano,Não,Cheque enviado pelo correio,112.46,107.96,1
Feminino,0,Não,Sim,54,Sim,Não,DSL,Não,Não,Não,Sim,Sim,Não,Mês a mês,Não,Transferência bancária,85.19,4591.98,1
Feminino,0,Não,Não,72,Sim,Sim,Não,Sem serviço de internet,Sem serviço de internet,Sem serviço de internet,Sem serviço de internet,Sem serviço de internet,Sem serviço de internet,Um ano,Sim,Cheque eletrônico,89.08,5581.47,1
Feminino,0,Sim,Sim,34,Sim,Sim,DSL,Não,Não,Sim,Não,Não,Sim,Um ano,Não,Cheque enviado pelo correio,96.06,3093.3,0
Feminino,0,Sim,Não,68,Sim,Sim,Não,Sem serviço de internet,Sem serviço de internet,Sem serviço de internet,Sem serviço de internet,Sem serviço de internet,Sem serviço de internet,Mês a mês,Sim,Transferência bancária,42.41,2561.71,0
Masculino,1,Não,Não,29,Sim,Não,Fibra óptica,Sim,Sim,Não,Não,Sim,Sim,Dois anos,Sim,Cheque enviado pelo correio,95.29,2738.72,0
Masculino,0,Não,Não,3,Sim,Sim,Fibra óptica,Não,Não,Sim,Sim,Sim,Sim,Mês a mês,Não,Cheque eletrônico,107.2,279.34,1
Masculino,0,Não,Sim,11,Sim,Sim,Fibra óptica,Não,Sim,Não,Não,Sim,Sim,Mês a mês,Sim,Transferência bancária,24.62,259.12,1
Masculino,1,Sim,Não,8,Sim,Não,Não,Sem serviço de internet,Sem serviço de internet,Sem serviço de internet,Sem serviço de internet,Sem serviço de internet,Sem serviço de internet,Mês a mês,Sim,Cheque enviado pelo correio,108.76,866.4,1
Masculino,0,Sim,Sim,62,Sim,Não,Não,Sem serviço de internet,Sem serviço de internet,Sem serviço de internet,Sem serviço de internet,Sem serviço de internet,Sem serviço de internet,Mês a mês,Sim,Cheque eletrônico,48.23,3036.5,1
Feminino,0,Sim,Não,33,Sim,Não,Fibra óptica,Não,Sim,Sim,Não,Sim,Sim,Dois anos,Não,Cartão de crédito,104.0,3166.11,0
Feminino,0,Sim,Sim,8,Sim,Não,DSL,Sim,Sim,Não,Sim,Não,Não,Mês a mês,Não,Cheque eletrônico,23.03,159.25,0
Feminino,0,Não,Não,25,Sim,Não,DSL,Não,Não,Não,Não,Sim,Não,Dois anos,Sim,Cheque eletrônico,110.4,2350.07,0
Feminino,0,Sim,Não,26,Sim,Sim,Fibra óptica,Não,Não,Não,Não,Não,Sim,Mês a mês,Sim,Transferência bancária,49.78,1178.55,1
Feminino,0,Sim,Não,26,Sim,Não,Fibra óptica,Não,Não,Sim,Não,Não,Não,Um ano,Não,Transferência bancária,95.29,2467.2,0
Feminino,1,Sim,Não,17,Sim,Sim,Fibra óptica,Sim,Não,Sim,Não,Não,Não,Mês a mês,Não,Cheque enviado pelo correio,26.81,436.49,1
Feminino,0,Sim,Não,29,Sim,Sim,Não,Sem serviço de internet,Sem serviço de internet,Sem serviço de internet,Sem serviço de internet,Sem serviço de internet,Sem serviço de internet,Mês a mês,Não,Cheque enviado pelo correio,98.93,2979.06,0
Masculino,0,Não,Não,43,Sim,Sim,Fibra óptica,Não,Não,Não,Não,Não,Sim,Mês a mês,Sim,Cartão de crédito,53.12,2155.38,1
Masculino,0,Sim,Não,5,Sim,Sim,DSL,Não,Sim,Não,Não,Não,Não,Mês a mês,Sim,Cheque eletrônico,107.11,544.08,1
Masculino,0,Sim,Não,50,Sim,Não,DSL,Não,Não,Não,Não,Não,Não,Mês a mês,Não,Cheque enviado pelo correio,69.54,3854.67,1
Masculino,0,Não,Não,56,Sim,Não,Não,Sem serviço de internet,Sem serviço de internet,Sem serviço de internet,Sem serviço de internet,Sem serviço de internet,Sem serviço de internet,Mês a mês,Não,Cartão de crédito,108.81,6118.47,0
Feminino,0,Sim,Sim,63,Sim,Sim,Fibra óptica,Sim,Não,Sim,Sim,Sim,Não,Mês a mês,Sim,Cheque eletrônico,69.84,4473.43,0
Feminino,0,Não,Sim,57,Não,Sem serviço telefônico,Fibra óptica,Não,Não,Não,Não,Não,Não,Mês a mês,Não,Cheque eletrônico,105.03,6236.49,0
Feminino,0,Sim,Não,45,Não,Sem serviço telefônico,DSL,Não,Não,Não,Sim,Não,Não,Um ano,Sim,Cheque enviado pelo correio,68.89,2901.64,0
Masculino,1,Não,Não,37,Sim,Não,DSL,Sim,Não,Não,Não,Não,Não,Mês a mês,Não,Transferência bancária,61.48,2435.16,0
Feminino,0,Sim,Sim,72,Sim,Sim,DSL,Não,Sim,Não,Não,Não,Sim,Dois anos,Sim,Cheque eletrônico,93.93,7305.2,0
Feminino,0,Sim,Sim,36,Sim,Não,DSL,Não,Não,Não,Sim,Não,Sim,Dois anos,Não,Cheque eletrônico,53.86,1742.03,0
Feminino,1,Não,Não,33,Não,Sem serviço telefônico,DSL,Não,Não,Não,Não,Sim,Não,Mês a mês,Sim,Cheque eletrônico,92.14,3102.9,1
Masculino,0,Sim,Sim,6,Sim,Sim,Fibra óptica,Não,Não,Sim,Não,Sim,Sim,Dois anos,Não,Cheque enviado pelo correio,62.4,367.99,0
Feminino,0,Não,Sim,71,Sim,Não,DSL,Sim,Não,Não,Sim,Sim,Não,Mês a mês,Sim,Cartão de crédito,36.68,2301.66,0
Masculino,1,Sim,Não,45,Sim,Não,Não,Sem serviço de internet,Sem serviço de internet,Sem serviço de internet,Sem serviço de internet,Sem serviço de internet,Sem serviço de internet,Mês a mês,Não,Cheque eletrônico,115.58,5882.16,0
Masculino,0,Não,Não,7,Sim,Não,Fibra óptica,Sim,Não,Sim,Não,Não,Não,Mês a mês,Não,Cheque eletrônico,45.32,299.15,1
Masculino,0,Não,Sim,65,Sim,Não,Fibra óptica,Não,Sim,Não,Não,Sim,Não,Mês a mês,Não,Cartão de crédito,53.98,3471.47,1
Masculino,0,Sim,Não,24,Não,Sem serviço telefônico,Fibra óptica,Não,Sim,Não,Não,Não,Sim,Dois anos,Não,Cartão de crédito,70.72,1628.74,0
Feminino,0,Sim,Não,45,Sim,Não,Não,Sem serviço de internet,Sem serviço de internet,Sem serviço de internet,Sem serviço de internet,Sem serviço de internet,Sem serviço de internet,Mês a mês,Não,Cheque eletrônico,98.13,4729.82,0
Masculino,0,Não,Não,61,Sim,Não,Fibra óptica,Não,Não,Sim,Não,Não,Não,Mês a mês,Não,Cheque enviado pelo correio,63.65,4031.03,0
Masculino,0,Não,Sim,19,Sim,Sim,DSL,Não,Não,Não,Não,Não,Sim,Mês a mês,Sim,Cheque eletrônico,42.08,834.38,1
Feminino,0,Sim,Não,32,Sim,Não,Fibra óptica,Sim,Não,Sim,Não,Não,Não,Dois anos,Sim,Cheque eletrônico,86.52,2394.93,1
Feminino,0,Não,Não,30,Sim,Sim,Fibra óptica,Não,Não,Não,Não,Não,Sim,Mês a mês,Não,Cheque enviado pelo correio,95.79,3284.07,1
Masculino,0,Sim,Não,65,Sim,Não,Não,Sem serviço de internet,Sem serviço de internet,Sem serviço de internet,Sem serviço de internet,Sem serviço de internet,Sem serviço de internet,Um ano,Sim,Transferência bancária,98.61,5990.06,0
Feminino,0,Sim,Não,32,Sim,Sim,DSL,Sim,Não,Sim,Não,Não,Sim,Um ano,Sim,Cheque eletrônico,71.7,2048.15,0
Masculino,1,Não,Não,57,Sim,Não,DSL,Não,Não,Sim,Não,Sim,Não,Mês a mês,Sim,Cheque eletrônico,86.8,4541.19,0
Masculino,0,Não,Não,20,Sim,Sim,Fibra óptica,Sim,Não,Não,Não,Não,Sim,Mês a mês,Não,Transferência bancária,52.47,1115.32,0
Masculino,1,Não,Não,30,Não,Sem serviço telefônico,Fibra óptica,Sim,Não,Não,Não,Sim,Não,Mês a mês,Sim,Cartão de crédito,32.51,1112.94,1
Masculino,0,Sim,Não,59,Não,Sem serviço telefônico,Fibra óptica,Não,Não,Sim,Não,Não,Não,Mês a mês,Não,Cartão de crédito,33.21,1831.88,0
Feminino,0,Sim,Não,62,Sim,Sim,DSL,Não,Sim,Não,Não,Não,Não,Dois anos,Sim,Transferência bancária,22.29,1283.13,0
Masculino,0,Não,Não,67,Sim,Não,DSL,Sim,Não,Não,Sim,Não,Não,Mês a mês,Sim,Transferência bancária,41.41,3146.48,1
Feminino,0,Sim,Não,31,Sim,Sim,Fibra óptica,Sim,Sim,Sim,Não,Sim,Sim,Mês a mês,Não,Cheque eletrônico,83.95,2693.65,0
Feminino,0,Sim,Não,66,Não,Sem serviço telefônico,Fibra óptica,Sim,Não,Não,Não,Sim,Sim,Mês a mês,Não,Transferência bancária,108.88,7288.44,0
Feminino,0,Sim,Sim,54,Sim,Sim,DSL,Não,Sim,Não,Não,Não,Não,Dois anos,Sim,Cheque eletrônico,97.3,4910.03,0
Feminino,0,Não,Sim,10,Sim,Não,Não,Sem serviço de internet,Sem serviço de internet,Sem serviço de internet,Sem serviço de internet,Sem serviço de internet,Sem serviço de internet,Dois anos,Não,Transferência bancária,94.64,956.2,0
Masculino,0,Sim,Não,38,Sim,Não,Fibra óptica,Não,Não,Não,Sim,Sim,Sim,Mês a mês,Sim,Cheque eletrônico,108.94,3529.88,0
Feminino,0,Sim,Não,31,Sim,Não,DSL,Sim,Não,Sim,Sim,Sim,Sim,Mês a mês,Não,Transferência bancária,40.79,1286.49,0
Masculino,0,Não,Sim,29,Sim,Não,DSL,Sim,Não,Sim,Não,Sim,Sim,Um ano,Sim,Cheque enviado pelo correio,23.9,688.65,0
Feminino,0,Não,Não,25,Sim,Não,Fibra óptica,Sim,Não,Sim,Sim,Não,Não,Dois anos,Sim,Cheque enviado pelo correio,60.0,1544.93,0
Feminino,0,Sim,Sim,32,Sim,Sim,Não,Sem serviço de internet,Sem serviço de internet,Sem serviço de internet,Sem serviço de internet,Sem serviço de internet,Sem serviço de internet,Dois anos,Sim,Cheque eletrônico,55.66,1910.9,0
Masculino,0,Não,Não,17,Sim,Não,Não,Sem serviço de internet,Sem serviço de internet,Sem serviço de internet,Sem serviço de internet,Sem serviço de internet,Sem serviço de internet,Mês a mês,Sim,Transferência bancária,77.74,1193.49,1
Masculino,0,Sim,Sim,45,Sim,Não,DSL,Não,Sim,Sim,Não,Sim,Sim,Dois anos,Não,Transferência bancária,66.28,2694.68,0
Masculino,0,Sim,Não,49,Sim,Não,DSL,Não,Sim,Sim,Sim,Sim,Sim,Mês a mês,Não,Cheque eletrônico,92.83,4474.03,0
Feminino,1,Não,Não,18,Sim,Não,Não,Sem serviço de internet,Sem serviço de internet,Sem serviço de internet,Sem serviço de internet,Sem serviço de internet,Sem serviço de internet,Mês a mês,Não,Cheque enviado pelo correio,97.64,1881.62,0
Feminino,0,Sim,Não,52,Sim,Sim,DSL,Não,Não,Não,Não,Não,Sim,Mês a mês,Sim,Cartão de crédito,75.71,3540.97,0
Masculino,0,Sim,Sim,20,Sim,Sim,DSL,Não,Sim,Não,Não,Sim,Não,Dois anos,Sim,Cheque eletrônico,38.78,757.19,0
Masculino,0,Não,Não,62,Sim,Sim,Não,Sem serviço de internet,Sem serviço de internet,Sem serviço de internet,Sem serviço de internet,Sem serviço de internet,Sem serviço de internet,Um ano,Sim,Cheque eletrônico,105.85,6679.38,1
Masculino,1,Não,Não,13,Sim,Sim,DSL,Não,Não,Não,Não,Não,Não,Dois anos,Sim,Cartão de crédito,44.43,584.72,0
Masculino,0,Não,Não,43,Sim,Sim,Fibra óptica,Não,Não,Sim,Sim,Sim,Sim,Um ano,Não,Transferência bancária,94.54,4521.67,1
Feminino,1,Sim,Não,21,Não,Sem serviço telefônico,Fibra óptica,Não,Sim,Sim,Não,Sim,Sim,Mês a mês,Não,Cheque eletrônico,68.8,1380.47,0
Masculino,0,Sim,Não,6,Sim,Sim,DSL,Não,Não,Não,Não,Sim,Sim,Mês a mês,Sim,Transferência bancária,73.67,398.86,0
Masculino,0,Sim,Sim,71,Sim,Não,DSL,Sim,Sim,Não,Sim,Sim,Não,Mês a mês,Sim,Cheque eletrônico,34.12,2218.56,1
Masculino,1,Sim,Sim,53,Sim,Sim,Não,Sem serviço de internet,Sem serviço de internet,Sem serviço de internet,Sem serviço de internet,Sem serviço de internet,Sem serviço de internet,Mês a mês,Sim,Cartão de crédito,75.06,4378.34,1
Masculino,0,Sim,Não,52,Sim,Não,Fibra óptica,Não,Não,Não,Sim,Não,Sim,Mês a mês,Sim,Cheque enviado pelo correio,101.47,5272.09,0
Feminino,0,Não,Não,69,Sim,Sim,DSL,Não,Não,Não,Não,Não,Sim,Mês a mês,Não,Cheque eletrônico,61.71,4144.94,0
Masculino,0,Sim,Não,9,Não,Sem serviço telefônico,Fibra óptica,Sim,Sim,Não,Não,Sim,Sim,Mês a mês,Não,Cheque eletrônico,50.36,479.61,1
Feminino,1,Sim,Não,46,Sim,Não,Não,Sem serviço de internet,Sem serviço de internet,Sem serviço de internet,Sem serviço de internet,Sem serviço de internet,Sem serviço de internet,Mês a mês,Não,Cheque enviado pelo correio,44.9,2040.95,1
Masculino,0,Não,Não,71,Sim,Sim,DSL,Não,Sim,Sim,Não,Sim,Não,Dois anos,Sim,Transferência bancária,65.21,5322.71,0
Masculino,0,Sim,Sim,30,Sim,Sim,DSL,Não,Sim,Não,Sim,Não,Sim,Mês a mês,Sim,Cartão de crédito,42.65,1251.36,0
Feminino,0,Não,Não,43,Não,Sem serviço telefônico,DSL,Não,Não,Sim,Sim,Sim,Não,Mês a mês,Sim,Cheque eletrônico,61.87,2558.45,0
Masculino,0,Sim,Não,59,Sim,Sim,Fibra óptica,Não,Sim,Não,Não,Não,Não,Mês a mês,Sim,Cartão de crédito,67.72,4465.03,1
Feminino,1,Não,Não,38,Sim,Não,Não,Sem serviço de internet,Sem serviço de internet,Sem serviço de internet,Sem serviço de internet,Sem serviço de internet,Sem serviço de internet,Um ano,Não,Cartão de crédito,35.08,1181.62,0
Feminino,0,Não,Não,34,Sim,Não,Fibra óptica,Sim,Sim,Não,Não,Não,Não,Mês a mês,Sim,Cartão de crédito,103.56,3073.66,0
Masculino,0,Não,Sim,46,Sim,Não,Fibra óptica,Não,Sim,Não,Sim,Não,Não,Dois anos,Não,Cheque eletrônico,90.06,4106.01,0
Feminino,1,Sim,Sim,32,Sim,Sim,DSL,Não,Sim,Sim,Não,Não,Não,Um ano,Não,Cheque eletrônico,99.75,3660.87,0
Feminino,0,Não,Não,16,Sim,Não,Fibra óptica,Não,Não,Não,Sim,Sim,Sim,Mês a mês,Não,Cartão de crédito,104.31,1597.44,1
Feminino,0,Sim,Não,39,Sim,Não,DSL,Não,Não,Não,Não,Sim,Não,Dois anos,Não,Cheque eletrônico,68.95,2846.31,0
Feminino,0,Sim,Não,1,Sim,Não,Fibra óptica,Sim,Sim,Não,Não,Sim,Não,Mês a mês,Sim,Cheque enviado pelo correio,106.4,106.0,1
Feminino,0,Sim,Não,57,Sim,Sim,Fibra óptica,Não,Não,Não,Não,Sim,Sim,Mês a mês,Sim,Cheque enviado pelo correio,77.53,4704.15,0
Feminino,0,Sim,Não,20,Sim,Não,DSL,Não,Não,Não,Não,Sim,Não,Dois anos,Sim,Cheque eletrônico,114.02,2172.2,0
Feminino,0,Sim,Não,42,Não,Sem serviço telefônico,DSL,Sim,Não,Não,Sim,Não,Sim,Mês a mês,Não,Cheque eletrônico,60.96,2868.48,0
Feminino,0,Sim,Não,72,Sim,Sim,Fibra óptica,Sim,Não,Sim,Não,Não,Não,Um ano,Não,Transferência bancária,95.8,6059.7,0
Masculino,0,Sim,Não,34,Sim,Não,Fibra óptica,Sim,Não,Sim,Não,Sim,Sim,Dois anos,Sim,Cheque eletrônico,53.03,1968.5,0
Masculino,0,Não,Não,50,Sim,Sim,DSL,Não,Não,Sim,Não,Não,Sim,Mês a mês,Não,Cheque eletrônico,30.78,1344.73,0
Feminino,0,Sim,Não,11,Sim,Sim,Fibra óptica,Não,Não,Não,Sim,Sim,Não,Mês a mês,Não,Cheque eletrônico,104.32,1316.53,1
Masculino,0,Não,Não,43,Sim,Sim,Não,Sem serviço de internet,Sem serviço de internet,Sem serviço de internet,Sem serviço de internet,Sem serviço de internet,Sem serviço de internet,Dois anos,Sim,Cheque enviado pelo correio,87.88,3430.95,0
Feminino,0,Não,Não,10,Sim,Sim,DSL,Não,Sim,Não,Não,Não,Não,Mês a mês,Não,Cheque eletrônico,76.26,735.48,0
Feminino,1,Sim,Não,8,Sim,Sim,Fibra óptica,Sim,Sim,Não,Não,Não,Sim,Um ano,Não,Cartão de crédito,113.08,876.71,1
Masculino,0,Não,Sim,72,Sim,Sim,DSL,Não,Não,Não,Não,Sim,Sim,Mês a mês,Sim,Transferência bancária,96.86,7967.1,0
Feminino,0,Não,Não,19,Sim,Sim,DSL,Não,Não,Não,Sim,Não,Não,Um ano,Sim,Cheque eletrônico,25.22,410.37,0
Feminino,0,Sim,Não,65,Sim,Sim,DSL,Não,Sim,Não,Não,Sim,Não,Um ano,Não,Cheque eletrônico,22.3,1346.1,0
Feminino,0,Sim,Não,55,Sim,Sim,Não,Sem serviço de internet,Sem serviço de internet,Sem serviço de internet,Sem serviço de internet,Sem serviço de internet,Sem serviço de internet,Mês a mês,Sim,Cartão de crédito,75.71,4262.84,0
Feminino,0,Não,Sim,52,Sim,Sim,Não,Sem serviço de internet,Sem serviço de internet,Sem serviço de internet,Sem serviço de internet,Sem serviço de internet,Sem serviço de internet,Dois anos,Sim,Transferência bancária,63.62,3372.7,0
Masculino,0,Não,Não,3,Sim,Não,DSL,Não,Sim,Não,Sim,Não,Não,Mês a mês,Não,Transferência bancária,23.12,62.9,0
Feminino,0,Não,Não,53,Sim,Não,DSL,Sim,Não,Sim,Não,Sim,Não,Mês a mês,Sim,Cheque eletrônico,27.8,1449.55,0
Feminino,1,Sim,Não,44,Sim,Não,Fibra óptica,Não,Sim,Não,Não,Sim,Sim,Mês a mês,Sim,Cartão de crédito,52.17,1966.26,0
Feminino,0,Não,Não,48,Sim,Sim,Fibra óptica,Não,Não,Não,Não,Sim,Não,Mês a mês,Não,Cheque eletrônico,60.75,3170.9,1
Masculino,0,Sim,Não,54,Sim,Sim,DSL,Não,Sim,Não,Sim,Não,Sim,Mês a mês,Sim,Transferência bancária,90.2,4333.02,0
Feminino,0,Sim,Não,16,Sim,Sim,Fibra óptica,Não,Sim,Não,Não,Não,Sim,Mês a mês,Não,Cheque eletrônico,94.77,1364.34,1
Masculino,0,Sim,Sim,30,Sim,Sim,Fibra óptica,Não,Não,Não,Não,Não,Não,Mês a mês,Sim,Cartão de crédito,71.33,2096.47,0
Masculino,0,Sim,Não,28,Sim,Não,Não,Sem serviço de internet,Sem serviço de internet,Sem serviço de internet,Sem serviço de internet,Sem serviço de internet,Sem serviço de internet,Dois anos,Não,Cheque eletrônico,32.65,1006.02,0
Feminino,0,Não,Não,16,Sim,Não,DSL,Não,Sim,Não,Não,Não,Sim,Mês a mês,Não,Cartão de crédito,53.55,834.34,1
Feminino,0,Não,Sim,51,Sim,Sim,DSL,Não,Não,Sim,Não,Não,Não,Mês a mês,Sim,Cheque eletrônico,98.76,5016.79,0
Masculino,0,Não,Não,33,Sim,Sim,Fibra óptica,Não,Sim,Sim,Não,Não,Sim,Um ano,Sim,Transferência bancária,109.32,3109.64,0
Feminino,0,Sim,Não,25,Sim,Não,DSL,Sim,Não,Sim,Não,Sim,Sim,Um ano,Sim,Cartão de crédito,48.44,1188.67,0
Masculino,0,Não,Não,18,Sim,Não,Fibra óptica,Não,Não,Não,Não,Não,Não,Dois anos,Sim,Cheque enviado pelo correio,23.59,478.13,1
Masculino,0,Não,Não,26,Sim,Sim,Fibra óptica,Não,Sim,Não,Não,Sim,Não,Dois anos,Não,Cheque enviado pelo correio,45.65,1028.91,0
Feminino,0,Sim,Não,6,Sim,Sim,Fibra óptica,Não,Não,Não,Não,Não,Não,Dois anos,Sim,Cartão de crédito,100.12,571.57,0
Feminino,0,Não,Não,38,Sim,Não,Fibra óptica,Sim,Não,Sim,Não,Não,Não,Mês a mês,Sim,Cheque eletrônico,57.8,2240.47,0
Masculino,0,Não,Sim,44,Sim,Sim,DSL,Não,Não,Sim,Sim,Não,Não,Mês a mês,Sim,Cheque enviado pelo correio,31.32,1497.76,0
Masculino,0,Não,Não,67,Sim,Não,Fibra óptica,Não,Não,Sim,Sim,Sim,Não,Mês a mês,Sim,Cheque enviado pelo correio,86.71,6359.17,1
Masculino,1,Sim,Não,43,Sim,Sim,Fibra óptica,Sim,Não,Sim,Não,Não,Não,Dois anos,Não,Cheque enviado pelo correio,101.18,3758.66,0
Masculino,0,Não,Não,6,Sim,Sim,Fibra óptica,Não,Não,Sim,Não,Sim,Sim,Dois anos,Sim,Cheque eletrônico,81.27,547.02,1
Feminino,0,Não,Não,64,Sim,Sim,DSL,Não,Não,Não,Não,Sim,Sim,Um ano,Não,Cheque eletrônico,96.05,6122.22,0
Feminino,0,Sim,Sim,13,Não,Sem serviço telefônico,DSL,Não,Não,Sim,Não,Sim,Sim,Mês a mês,Sim,Cheque eletrônico,102.57,1142.98,0
Feminino,0,Não,Não,65,Sim,Não,DSL,Não,Sim,Sim,Não,Não,Sim,Dois anos,Não,Cheque eletrônico,45.44,2956.81,0
Feminino,0,Sim,Não,38,Sim,Sim,DSL,Não,Não,Não,Não,Sim,Não,Dois anos,Sim,Cheque eletrônico,87.16,3682.87,0
Feminino,1,Não,Sim,64,Sim,Sim,DSL,Não,Não,Sim,Não,Não,Sim,Dois anos,Não,Cheque eletrônico,99.83,5819.15,0
Masculino,0,Não,Não,14,Sim,Não,DSL,Sim,Sim,Não,Não,Sim,Não,Mês a mês,Sim,Cheque eletrônico,19.24,299.98,1
Feminino,1,Não,Sim,17,Sim,Sim,Fibra óptica,Não,Sim,Não,Não,Sim,Não,Mês a mês,Não,Cheque enviado pelo correio,99.33,1719.94,1
Feminino,1,Não,Não,13,Sim,Sim,Não,Sem serviço de internet,Sem serviço de internet,Sem serviço de internet,Sem serviço de internet,Sem serviço de internet,Sem serviço de internet,Um ano,Não,Cartão de crédito,88.6,1041.05,0
Feminino,0,Sim,Sim,6,Sim,Sim,Não,Sem serviço de internet,Sem serviço de internet,Sem serviço de internet,Sem serviço de internet,Sem serviço de internet,Sem serviço de internet,Um ano,Não,Transferência bancária,73.39,440.61,0
Feminino,0,Sim,Sim,6,Sim,Sim,Fibra óptica,Não,Não,Sim,Não,Não,Não,Dois anos,Sim,Cartão de crédito,18.38,106.62,0
Feminino,0,Não,Sim,37,Sim,Não,Não,Sem serviço de internet,Sem serviço de internet,Sem serviço de internet,Sem serviço de internet,Sem serviço de internet,Sem serviço de internet,Um ano,Sim,Cheque eletrônico,27.15,1068.92,0
Masculino,0,Sim,Não,57,Sim,Sim,Não,Sem serviço de internet,Sem serviço de internet,Sem serviço de internet,Sem serviço de internet,Sem serviço de internet,Sem serviço de internet,Dois anos,Sim,Cheque eletrônico,53.43,3124.47,0
Masculino,1,Sim,Não,53,Sim,Não,Não,Sem serviço de internet,Sem serviço de internet,Sem serviço de internet,Sem serviço de internet,Sem serviço de internet,Sem serviço de internet,Mês a mês,Sim,Cheque enviado pelo correio,36.19,1974.58,0
Masculino,0,Sim,Sim,46,Sim,Não,Fibra óptica,Sim,Sim,Sim,Não,Sim,Não,Mês a mês,Sim,Cheque eletrônico,35.82,1671.42,1
Feminino,1,Sim,Não,4,Sim,Não,Não,Sem serviço de internet,Sem serviço de internet,Sem serviço de internet,Sem serviço de internet,Sem serviço de internet,Sem serviço de internet,Mês a mês,Não,Cartão de crédito,48.24,206.65,1
Masculino,0,Não,Sim,34,Sim,Não,DSL,Sim,Não,Sim,Sim,Não,Não,Mês a mês,Não,Cheque eletrônico,18.79,585.62,0
Masculino,1,Não,Sim,66,Sim,Sim,Fibra óptica,Não,Não,Não,Não,Não,Não,Dois anos,Não,Cartão de crédito,29.49,2013.77,0
Feminino,1,Sim,Não,63,Não,Sem serviço telefônico,DSL,Sim,Sim,Sim,Não,Sim,Sim,Dois anos,Sim,Cheque enviado pelo correio,60.5,3523.13,0
Feminino,0,Sim,Sim,61,Sim,Não,Fibra óptica,Sim,Não,Não,Não,Sim,Sim,Dois anos,Não,Cheque enviado pelo correio,84.92,4507.87,0
Feminino,0,Sim,Não,42,Sim,Não,Fibra óptica,Sim,Não,Não,Não,Sim,Sim,Mês a mês,Não,Cartão de crédito,64.61,2905.2,0
Masculino,0,Sim,Não,64,Sim,Não,Não,Sem serviço de internet,Sem serviço de internet,Sem serviço de internet,Sem serviço de internet,Sem serviço de internet,Sem serviço de internet,Dois anos,Não,Cheque eletrônico,116.06,6866.17,0
Masculino,0,Sim,Sim,17,Sim,Sim,Não,Sem serviço de internet,Sem serviço de internet,Sem serviço de internet,Sem serviço de internet,Sem serviço de internet,Sem serviço de internet,Mês a mês,Não,Cheque eletrônico,21.22,314.38,0
Feminino,1,Sim,Não,61,Sim,Sim,Não,Sem serviço de internet,Sem serviço de internet,Sem serviço de internet,Sem serviço de internet,Sem serviço de internet,Sem serviço de internet,Um ano,Não,Cheque enviado pelo correio,86.95,4821.28,0
Feminino,0,Não,Não,30,Sim,Sim,Não,Sem serviço de internet,Sem serviço de internet,Sem serviço de internet,Sem serviço de internet,Sem serviço de internet,Sem serviço de internet,Mês a mês,Sim,Cheque eletrônico,82.63,2845.45,0
Masculino,0,Não,Não,43,Sim,Não,DSL,Não,Não,Sim,Não,Não,Não,Mês a mês,Não,Cheque enviado pelo correio,86.35,4087.71,1
Masculino,0,Sim,Sim,7,Sim,Não,DSL,Não,Não,Sim,Não,Sim,Não,Um ano,Não,Cheque enviado pelo correio,59.66,425.92,0
Feminino,1,Não,Não,46,Sim,Não,Não,Sem serviço de internet,Sem serviço de internet,Sem serviço de internet,Sem serviço de internet,Sem serviço de internet,Sem serviço de internet,Um ano,Sim,Cartão de crédito,56.03,2453.68,0
Feminino,0,Não,Não,23,Sim,Não,Fibra óptica,Não,Não,Não,Não,Não,Não,Dois anos,Não,Cartão de crédito,104.84,2296.6,0
Masculino,0,Sim,Sim,36,Não,Sem serviço telefônico,Não,Sem serviço de internet,Sem serviço de internet,Sem serviço de internet,Sem serviço de internet,Sem serviço de internet,Sem serviço de internet,Dois anos,Sim,Cartão de crédito,33.76,1163.34,0
Feminino,0,Sim,Não,14,Sim,Sim,DSL,Não,Sim,Não,Não,Sim,Não,Dois anos,Não,Transferência bancária,48.45,776.76,0
Masculino,0,Não,Sim,20,Sim,Não,Não,Sem serviço de internet,Sem serviço de internet,Sem serviço de internet,Sem serviço de internet,Sem serviço de internet,Sem serviço de internet,Um ano,Sim,Transferência bancária,33.05,711.68,1
Masculino,0,Sim,Não,56,Sim,Não,DSL,Sim,Não,Não,Não,Não,Não,Mês a mês,Sim,Cheque enviado pelo correio,30.78,1647.38,0
Masculino,0,Não,Não,32,Sim,Não,Fibra óptica,Não,Não,Não,Sim,Não,Sim,Mês a mês,Sim,Transferência bancária,57.98,1586.83,1
Masculino,0,Não,Sim,25,Sim,Sim,Não,Sem serviço de internet,Sem serviço de internet,Sem serviço de internet,Sem serviço de internet,Sem serviço de internet,Sem serviço de internet,Dois anos,Não,Cartão de crédito,109.91,2553.16,0
Feminino,0,Sim,Sim,49,Sim,Sim,DSL,Não,Não,Não,Sim,Não,Não,Mês a mês,Não,Cheque eletrônico,108.89,4867.83,0
Feminino,0,Não,Não,57,Não,Sem serviço telefônico,Fibra óptica,Não,Sim,Não,Não,Não,Sim,Um ano,Sim,Cheque eletrônico,84.28,4385.91,0
Masculino,0,Não,Não,27,Sim,Sim,Fibra óptica,Não,Não,Sim,Sim,Sim,Não,Um ano,Não,Cheque eletrônico,67.86,2079.34,0
Masculino,0,Sim,Não,27,Sim,Sim,DSL,Não,Não,Não,Não,Não,Sim,Mês a mês,Sim,Cheque enviado pelo correio,75.88,1890.65,0
Masculino,0,Sim,Não,46,Sim,Sim,Fibra óptica,Sim,Sim,Não,Não,Não,Sim,Mês a mês,Sim,Cartão de crédito,82.61,3415.01,1
Masculino,1,Não,Sim,45,Não,Sem serviço telefônico,Não,Sem serviço de internet,Sem serviço de internet,Sem serviço de internet,Sem serviço de internet,Sem serviço de internet,Sem serviço de internet,Dois anos,Não,Cheque enviado pelo correio,67.94,3361.49,0
Masculino,0,Não,Não,26,Sim,Sim,Fibra óptica,Sim,Sim,Sim,Não,Não,Sim,Mês a mês,Sim,Cartão de crédito,70.89,2020.03,0
Feminino,1,Não,Sim,14,Sim,Não,DSL,Não,Sim,Não,Sim,Não,Não,Um ano,Não,Cartão de crédito,98.55,1351.33,0
Feminino,0,Não,Não,48,Não,Sem serviço telefônico,Fibra óptica,Não,Não,Não,Não,Não,Sim,Mês a mês,Sim,Cheque eletrônico,102.01,5085.7,0
Feminino,0,Sim,Não,15,Sim,Sim,Fibra óptica,Sim,Sim,Não,Não,Não,Não,Mês a mês,Sim,Cheque eletrônico,70.19,1204.82,1
Feminino,0,Sim,Sim,51,Sim,Sim,Fibra óptica,Não,Não,Não,Não,Não,Sim,Dois anos,Sim,Cheque enviado pelo correio,75.83,4389.3,0
Masculino,0,Sim,Sim,54,Sim,Não,DSL,Não,Sim,Sim,Sim,Não,Não,Mês a mês,Não,Cheque enviado pelo correio,35.39,1779.91,0
Masculino,0,Sim,Sim,11,Sim,Não,DSL,Sim,Sim,Sim,Não,Não,Não,Dois anos,Não,Transferência bancária,55.43,591.51,0
Masculino,0,Não,Sim,28,Sim,Não,DSL,Sim,Sim,Sim,Não,Sim,Sim,Um ano,Sim,Transferência bancária,72.32,1907.89,0
Masculino,0,Não,Não,55,Sim,Não,Não,Sem serviço de internet,Sem serviço de internet,Sem serviço de internet,Sem serviço de internet,Sem serviço de internet,Sem serviço de internet,Mês a mês,Sim,Cheque eletrônico,61.9,3093.86,0
Masculino,0,Não,Não,69,Sim,Sim,DSL,Não,Sim,Não,Não,Sim,Não,Mês a mês,Não,Cheque enviado pelo correio,94.82,5994.34,1
Feminino,0,Não,Não,72,Sim,Não,DSL,Não,Não,Sim,Sim,Não,Sim,Um ano,Não,Cheque enviado pelo correio,39.66,2957.45,0
Masculino,0,Sim,Não,26,Sim,Não,Fibra óptica,Não,Não,Não,Não,Não,Não,Mês a mês,Sim,Cartão de crédito,40.85,1076.04,0
Feminino,0,Sim,Não,70,Sim,Não,Fibra óptica,Não,Sim,Não,Não,Sim,Sim,Um ano,Sim,Transferência bancária,110.6,8484.64,0
Feminino,0,Sim,Não,32,Sim,Não,Fibra óptica,Sim,Não,Não,Sim,Não,Não,Um ano,Sim,Cheque eletrônico,29.37,906.05,1
Feminino,0,Não,Sim,48,Sim,Sim,Fibra óptica,Não,Não,Não,Sim,Sim,Sim,Mês a mês,Sim,Transferência bancária,41.84,2124.9,0
Feminino,0,Sim,Sim,12,Sim,Sim,Fibra óptica,Não,Sim,Não,Não,Sim,Não,Um ano,Sim,Cheque enviado pelo correio,92.02,1268.87,1
Masculino,0,Não,Não,70,Não,Sem serviço telefônico,Fibra óptica,Não,Não,Não,Sim,Sim,Não,Um ano,Sim,Cartão de crédito,70.53,4857.44,0
Feminino,1,Não,Não,61,Sim,Sim,Não,Sem serviço de internet,Sem serviço de internet,Sem serviço de internet,Sem serviço de internet,Sem serviço de internet,Sem serviço de internet,Dois anos,Sim,Cheque eletrônico,30.14,1888.3,0
Feminino,1,Sim,Sim,34,Sim,Não,DSL,Sim,Não,Não,Não,Não,Sim,Dois anos,Não,Cartão de crédito,82.55,2959.93,0
Feminino,0,Sim,Sim,45,Sim,Não,Não,Sem serviço de internet,Sem serviço de internet,Sem serviço de internet,Sem serviço de internet,Sem serviço de internet,Sem serviço de internet,Mês a mês,Sim,Cheque eletrônico,40.09,1872.06,0
Masculino,0,Não,Não,60,Sim,Não,Não,Sem serviço de internet,Sem serviço de internet,Sem serviço de internet,Sem serviço de internet,Sem serviço de internet,Sem serviço de internet,Dois anos,Não,Transferência bancária,37.11,2037.35,1
Masculino,0,Sim,Não,65,Sim,Sim,Não,Sem serviço de internet,Sem serviço de internet,Sem serviço de internet,Sem serviço de internet,Sem serviço de internet,Sem serviço de internet,Mês a mês,Sim,Cheque eletrônico,46.36,3087.72,0
Masculino,0,Não,Não,71,Sim,Não,Fibra óptica,Não,Não,Sim,Sim,Sim,Sim,Mês a mês,Sim,Cheque enviado pelo correio,55.64,3393.88,1
Feminino,0,Não,Sim,13,Sim,Sim,DSL,Sim,Não,Sim,Não,Não,Não,Dois anos,Sim,Cheque eletrônico,108.31,1552.3,1
Feminino,0,Sim,Não,48,Sim,Sim,Fibra óptica,Não,Não,Não,Não,Não,Não,Um ano,Sim,Cheque enviado pelo correio,68.83,3247.35,0
Masculino,0,Sim,Não,49,Sim,Não,Não,Sem serviço de internet,Sem serviço de internet,Sem serviço de internet,Sem serviço de internet,Sem serviço de internet,Sem serviço de internet,Mês a mês,Não,Cheque eletrônico,35.08,1707.2,0
Feminino,0,Sim,Sim,58,Sim,Sim,Fibra óptica,Sim,Não,Não,Não,Não,Sim,Dois anos,Sim,Cheque eletrônico,114.89,5833.27,0
Masculino,0,Não,Não,70,Sim,Não,Fibra óptica,Não,Sim,Sim,Não,Não,Sim,Mês a mês,Não,Transferência bancária,56.31,3533.99,0
Masculino,0,Sim,Sim,61,Sim,Sim,Fibra óptica,Sim,Não,Sim,Não,Não,Não,Um ano,Sim,Cartão de crédito,111.99,6578.19,1
Feminino,0,Não,Não,26,Sim,Sim,Fibra óptica,Sim,Sim,Não,Não,Não,Não,Dois anos,Sim,Transferência bancária,54.88,1588.18,0
Feminino,0,Não,Não,39,Sim,Não,DSL,Não,Não,Não,Sim,Não,Sim,Mês a mês,Não,Cheque enviado pelo correio,26.64,926.79,0
Feminino,0,Não,Não,58,Sim,Sim,DSL,Sim,Não,Sim,Não,Não,Não,Um ano,Sim,Cheque eletrônico,81.63,4525.7,1
Feminino,0,Sim,Não,27,Sim,Sim,DSL,Não,Não,Sim,Não,Não,Sim,Mês a mês,Não,Cheque enviado pelo correio,111.78,3348.57,1
Masculino,0,Não,Sim,40,Não,Sem serviço telefônico,DSL,Sim,Não,Não,Não,Não,Não,Dois anos,Sim,Transferência bancária,88.13,3801.14,0
Masculino,0,Não,Não,31,Sim,Sim,DSL,Não,Não,Sim,Não,Não,Não,Mês a mês,Não,Cheque eletrônico,22.09,655.19,1
Masculino,0,Não,Não,3,Sim,Sim,Fibra óptica,Não,Não,Não,Não,Sim,Não,Mês a mês,Não,Transferência bancária,43.6,115.0,1
Masculino,1,Não,Não,15,Sim,Não,DSL,Não,Sim,Não,Não,Sim,Não,Mês a mês,Sim,Cheque enviado pelo correio,75.18,1147.43,0
Masculino,0,Não,Sim,54,Sim,Não,Fibra óptica,Não,Não,Não,Não,Sim,Sim,Mês a mês,Sim,Transferência bancária,18.57,927.09,0
Feminino,1,Não,Não,70,Não,Sem serviço telefônico,DSL,Não,Sim,Não,Não,Sim,Não,Dois anos,Não,Cheque eletrônico,71.61,5153.06,0
Masculino,0,Sim,Não,11,Sim,Sim,Não,Sem serviço de internet,Sem serviço de internet,Sem serviço de internet,Sem serviço de internet,Sem serviço de internet,Sem serviço de internet,Mês a mês,Sim,Cheque eletrônico,98.12,921.94,1
Masculino,0,Não,Não,30,Sim,Não,DSL,Não,Não,Sim,Não,Sim,Não,Mês a mês,Sim,Cheque enviado pelo correio,116.79,3275.98,1
Masculino,0,Sim,Não,35,Sim,Não,Fibra óptica,Sim,Não,Sim,Não,Não,Não,Um ano,Não,Cheque enviado pelo correio,71.46,2273.55,1
Feminino,0,Não,Não,43,Sim,Não,Não,Sem serviço de internet,Sem serviço de internet,Sem serviço de internet,Sem serviço de internet,Sem serviço de internet,Sem serviço de internet,Mês a mês,Sim,Cartão de crédito,85.96,3945.72,0
Feminino,0,Não,Não,61,Sim,Não,Fibra óptica,Não,Não,Sim,Não,Não,Sim,Mês a mês,Sim,Cartão de crédito,33.38,2184.4,1
Feminino,0,Sim,Sim,40,Sim,Não,DSL,Sim,Não,Não,Não,Não,Sim,Mês a mês,Sim,Cheque enviado pelo correio,29.75,1283.04,1
Feminino,0,Não,Não,42,Sim,Não,DSL,Não,Sim,Sim,Não,Não,Não,Dois anos,Sim,Cheque eletrônico,82.3,3948.93,0
Masculino,1,Não,Não,42,Não,Sem serviço telefônico,DSL,Não,Sim,Não,Não,Sim,Não,Um ano,Sim,Transferência bancária,34.01,1476.01,0
Masculino,0,Sim,Não,3,Sim,Sim,Fibra óptica,Não,Não,Não,Não,Não,Sim,Um ano,Não,Cheque eletrônico,94.34,312.23,1
Feminino,0,Não,Não,21,Sim,Sim,Não,Sem serviço de internet,Sem serviço de internet,Sem serviço de internet,Sem serviço de internet,Sem serviço de internet,Sem serviço de internet,Mês a mês,Sim,Cheque eletrônico,87.3,1887.05,0
Feminino,0,Sim,Não,53,Sim,Não,Fibra óptica,Não,Sim,Não,Não,Não,Não,Mês a mês,Não,Cheque enviado pelo correio,55.19,2837.36,1
Masculino,0,Não,Não,44,Sim,Sim,Fibra óptica,Não,Sim,Não,Sim,Não,Não,Um ano,Não,Cartão de crédito,84.83,4056.63,0
Masculino,0,Não,Não,46,Sim,Sim,DSL,Não,Sim,Sim,Não,Sim,Sim,Dois anos,Sim,Cheque eletrônico,55.14,2489.33,0
Feminino,0,Não,Sim,37,Sim,Não,Fibra óptica,Sim,Não,Sim,Não,Sim,Não,Um ano,Não,Transferência bancária,79.91,3354.63,0
Feminino,1,Não,Não,38,Sim,Sim,Fibra óptica,Não,Não,Não,Sim,Não,Não,Dois anos,Não,Cartão de crédito,83.98,2731.48,0
Feminino,0,Não,Não,38,Não,Sem serviço telefônico,Fibra óptica,Não,Não,Não,Não,Sim,Não,Um ano,Sim,Transferência bancária,89.07,3519.2,0
Feminino,0,Sim,Não,11,Sim,Sim,Fibra óptica,Não,Não,Sim,Não,Não,Não,Mês a mês,Não,Cheque enviado pelo correio,70.63,883.54,1
Masculino,0,Sim,Não,45,Sim,Sim,Não,Sem serviço de internet,Sem serviço de internet,Sem serviço de internet,Sem serviço de internet,Sem serviço de internet,Sem serviço de internet,Mês a mês,Sim,Cartão de crédito,55.02,2352.91,0
Masculino,1,Não,Não,64,Sim,Não,Fibra óptica,Não,Não,Não,Sim,Não,Não,Mês a mês,Não,Cartão de crédito,79.73,4542.57,0
Masculino,0,Não,Não,44,Sim,Não,Fibra óptica,Não,Não,Não,Sim,Não,Não,Dois anos,Não,Transferência bancária,66.13,2722.89,0
Feminino,0,Não,Não,62,Sim,Não,Não,Sem serviço de internet,Sem serviço de internet,Sem serviço de internet,Sem serviço de internet,Sem serviço de internet,Sem serviço de internet,Mês a mês,Não,Cheque eletrônico,23.96,1299.19,0
Feminino,0,Não,Não,61,Sim,Sim,DSL,Não,Sim,Não,Não,Não,Não,Dois anos,Sim,Transferência bancária,66.96,3889.16,1
Masculino,0,Não,Não,12,Sim,Sim,Fibra óptica,Não,Sim,Não,Não,Sim,Não,Mês a mês,Sim,Cheque eletrônico,54.69,694.89,0
Masculino,0,Sim,Não,9,Sim,Sim,DSL,Não,Não,Não,Não,Não,Não,Um ano,Sim,Cartão de crédito,23.73,232.95,1
Masculino,0,Não,Sim,67,Sim,Sim,Fibra óptica,Não,Sim,Sim,Sim,Não,Não,Mês a mês,Sim,Transferência bancária,28.81,1978.19,0
Masculino,1,Sim,Não,2,Sim,Não,Não,Sem serviço de internet,Sem serviço de internet,Sem serviço de internet,Sem serviço de internet,Sem serviço de internet,Sem serviço de internet,Mês a mês,Não,Cartão de crédito,75.13,160.12,1
Feminino,1,Sim,Não,8,Sim,Sim,Fibra óptica,Não,Não,Sim,Não,Não,Não,Mês a mês,Sim,Cheque eletrônico,99.73,690.24,1
Masculino,0,Não,Sim,43,Sim,Sim,Fibra óptica,Não,Não,Não,Sim,Sim,Sim,Mês a mês,Não,Transferência bancária,65.62,2563.71,0
Masculino,0,Não,Sim,18,Sim,Sim,Fibra óptica,Sim,Não,Não,Não,Não,Sim,Mês a mês,Sim,Cheque eletrônico,22.85,397.13,1
Masculino,1,Sim,Sim,52,Sim,Sim,Fibra óptica,Não,Não,Sim,Sim,Sim,Não,Mês a mês,Não,Cheque eletrônico,102.2,5896.51,1
Masculino,1,Não,Não,39,Não,Sem serviço telefônico,Fibra óptica,Sim,Não,Não,Não,Sim,Sim,Um ano,Não,Cheque enviado pelo correio,84.45,3114.84,0
Masculino,0,Não,Não,31,Não,Sem serviço telefônico,Fibra óptica,Não,Sim,Não,Sim,Não,Sim,Dois anos,Não,Cheque eletrônico,109.56,2943.81,0
Masculino,0,Não,Sim,14,Sim,Sim,DSL,Sim,Não,Não,Não,Não,Não,Um ano,Não,Cartão de crédito,117.01,1497.5,1
Masculino,0,Não,Não,64,Sim,Sim,DSL,Sim,Não,Não,Não,Não,Não,Dois anos,Sim,Cheque enviado pelo correio,102.64,7076.66,0
Feminino,0,Sim,Sim,44,Sim,Sim,Não,Sem serviço de internet,Sem serviço de internet,Sem serviço de internet,Sem serviço de internet,Sem serviço de internet,Sem serviço de internet,Mês a mês,Não,Cartão de crédito,109.04,5199.8,1
Feminino,0,Não,Sim,60,Sim,Sim,Não,Sem serviço de internet,Sem serviço de internet,Sem serviço de internet,Sem serviço de internet,Sem serviço de internet,Sem serviço de internet,Dois anos,Não,Cartão de crédito,94.85,5856.1,0
Feminino,0,Não,Não,2,Sim,Não,DSL,Não,Sim,Sim,Não,Não,Sim,Mês a mês,Não,Cartão de crédito,109.71,251.61,1
Feminino,0,Não,Não,32,Não,Sem serviço telefônico,Fibra óptica,Não,Sim,Não,Não,Sim,Não,Dois anos,Não,Cheque eletrônico,65.09,2172.77,1
Masculino,1,Não,Não,36,Sim,Sim,Fibra óptica,Não,Não,Não,Não,Não,Não,Mês a mês,Sim,Transferência bancária,110.55,3668.15,0
Feminino,0,Sim,Não,55,Sim,Sim,Fibra óptica,Não,Não,Não,Não,Sim,Não,Um ano,Sim,Transferência bancária,39.24,2222.84,0
Feminino,0,Sim,Não,63,Não,Sem serviço telefônico,Fibra óptica,Não,Não,Sim,Não,Não,Sim,Mês a mês,Não,Cheque enviado pelo correio,29.82,1622.85,1
Masculino,0,Não,Não,69,Sim,Não,Não,Sem serviço de internet,Sem serviço de internet,Sem serviço de internet,Sem serviço de internet,Sem serviço de internet,Sem serviço de internet,Mês a mês,Sim,Cheque eletrônico,65.19,4717.01,0
Masculino,0,Não,Não,40,Sim,Sim,Não,Sem serviço de internet,Sem serviço de internet,Sem serviço de internet,Sem serviço de internet,Sem serviço de internet,Sem serviço de internet,Mês a mês,Sim,Cheque eletrônico,43.77,1981.31,0
Feminino,0,Não,Sim,24,Sim,Sim,Fibra óptica,Não,Sim,Não,Sim,Sim,Não,Dois anos,Sim,Cartão de crédito,83.48,2096.82,0
Feminino,0,Sim,Não,58,Sim,Sim,DSL,Sim,Sim,Não,Sim,Não,Sim,Mês a mês,Sim,Cheque eletrônico,99.61,6010.66,1
Masculino,0,Sim,Não,28,Sim,Não,DSL,Não,Sim,Não,Não,Não,Não,Um ano,Não,Cartão de crédito,39.67,1136.91,0
Feminino,1,Sim,Não,62,Sim,Não,DSL,Não,Não,Não,Sim,Não,Não,Mês a mês,Sim,Cheque eletrônico,24.97,1621.18,0
Masculino,0,Não,Não,25,Sim,Não,Fibra óptica,Não,Sim,Sim,Não,Sim,Sim,Mês a mês,Sim,Cartão de crédito,78.8,2204.91,0
Masculino,0,Sim,Não,7,Sim,Sim,Fibra óptica,Sim,Não,Não,Sim,Não,Sim,Um ano,Não,Cheque eletrônico,83.92,507.01,0
Masculino,0,Não,Sim,38,Sim,Não,Fibra óptica,Não,Sim,Não,Não,Não,Sim,Mês a mês,Sim,Transferência bancária,76.02,2495.97,0
Masculino,0,Sim,Não,71,Sim,Não,Não,Sem serviço de internet,Sem serviço de internet,Sem serviço de internet,Sem serviço de internet,Sem serviço de internet,Sem serviço de internet,Um ano,Sim,Cheque eletrônico,87.11,5324.74,0
Feminino,0,Não,Não,45,Sim,Sim,Fibra óptica,Não,Sim,Não,Não,Não,Não,Um ano,Sim,Transferência bancária,23.76,1221.42,0
Masculino,1,Sim,Sim,32,Não,Sem serviço telefônico,DSL,Não,Não,Não,Não,Não,Não,Dois anos,Não,Transferência bancária,86.46,2367.31,0
Masculino,0,Sim,Não,32,Sim,Não,DSL,Não,Não,Não,Sim,Não,Sim,Um ano,Sim,Cheque enviado pelo correio,68.91,2067.14,0
Feminino,0,Não,Não,1,Sim,Sim,DSL,Não,Sim,Sim,Não,Não,Sim,Mês a mês,Não,Cheque eletrônico,46.73,52.83,0
Masculino,1,Não,Sim,45,Sim,Sim,Fibra óptica,Não,Não,Não,Não,Sim,Sim,Mês a mês,Sim,Cheque enviado pelo correio,62.06,3129.15,1
Feminino,0,Sim,Não,64,Sim,Sim,DSL,Não,Não,Sim,Não,Não,Sim,Dois anos,Sim,Cheque enviado pelo correio,36.67,2074.59,0
Feminino,0,Não,Não,68,Sim,Não,Não,Sem serviço de internet,Sem serviço de internet,Sem serviço de internet,Sem serviço de internet,Sem serviço de internet,Sem serviço de internet,Dois anos,Sim,Cheque eletrônico,20.42,1491.33,0
Feminino,0,Sim,Não,7,Sim,Não,Fibra óptica,Sim,Não,Não,Não,Não,Não,Mês a mês,Sim,Cheque eletrônico,37.66,281.87,1
Masculino,0,Sim,Não,38,Sim,Sim,Fibra óptica,Não,Sim,Sim,Não,Não,Sim,Dois anos,Sim,Cartão de crédito,68.77,2761.3,0
Feminino,0,Sim,Sim,70,Sim,Sim,Não,Sem serviço de internet,Sem serviço de internet,Sem serviço de internet,Sem serviço de internet,Sem serviço de internet,Sem serviço de internet,Dois anos,Não,Cartão de crédito,62.08,4761.33,0
Feminino,0,Sim,Não,53,Sim,Não,Fibra óptica,Sim,Não,Não,Não,Não,Não,Mês a mês,Sim,Cartão de crédito,113.78,6495.48,0
Masculino,0,Não,Não,30,Não,Sem serviço telefônico,DSL,Não,Sim,Sim,Não,Não,Não,Mês a mês,Não,Cheque eletrônico,108.09,3673.71,0
Feminino,0,Sim,Não,22,Sim,Sim,DSL,Não,Não,Não,Sim,Não,Não,Dois anos,Não,Cheque enviado pelo correio,42.57,1065.29,0
Feminino,0,Não,Não,58,Sim,Sim,Fibra óptica,Sim,Não,Não,Não,Sim,Sim,Mês a mês,Sim,Cheque eletrônico,59.97,3333.76,1
Feminino,1,Sim,Sim,55,Sim,Sim,DSL,Não,Sim,Não,Não,Sim,Sim,Mês a mês,Sim,Cheque eletrônico,114.75,5618.21,0
Feminino,0,Não,Não,46,Sim,Não,Fibra óptica,Não,Não,Sim,Sim,Não,Não,Um ano,Sim,Cartão de crédito,57.93,3023.63,1
Feminino,1,Sim,Sim,26,Sim,Sim,Fibra óptica,Não,Sim,Não,Sim,Não,Sim,Mês a mês,Sim,Cheque enviado pelo correio,116.12,2825.99,0
Masculino,0,Sim,Sim,64,Sim,Sim,DSL,Não,Não,Sim,Não,Sim,Sim,Mês a mês,Não,Cartão de crédito,40.91,2227.66,0
Feminino,0,Sim,Sim,9,Não,Sem serviço telefônico,Não,Sem serviço de internet,Sem serviço de internet,Sem serviço de internet,Sem serviço de internet,Sem serviço de internet,Sem serviço de internet,Mês a mês,Sim,Cheque enviado pelo correio,78.12,621.91,0
Feminino,0,Não,Não,15,Sim,Não,DSL,Não,Sim,Sim,Não,Sim,Não,Dois anos,Não,Cheque eletrônico,93.95,1441.91,0
Masculino,0,Não,Não,19,Não,Sem serviço telefônico,Não,Sem serviço de internet,Sem serviço de internet,Sem serviço de internet,Sem serviço de internet,Sem serviço de internet,Sem serviço de internet,Mês a mês,Sim,Cheque eletrônico,30.8,546.02,0
Masculino,1,Não,Não,16,Sim,Sim,Fibra óptica,Não,Sim,Não,Sim,Não,Não,Um ano,Sim,Cheque eletrônico,115.87,1860.09,1
Masculino,0,Sim,Não,25,Sim,Sim,DSL,Não,Não,Não,Não,Sim,Não,Dois anos,Sim,Cheque eletrônico,86.67,2334.05,0
Feminino,0,Não,Não,51,Sim,Não,Fibra óptica,Não,Não,Sim,Não,Não,Não,Mês a mês,Não,Cheque enviado pelo correio,24.74,1137.72,1
Masculino,0,Não,Sim,46,Sim,Não,Fibra óptica,Não,Não,Não,Não,Sim,Sim,Mês a mês,Não,Cheque eletrônico,25.14,983.44,1
Feminino,0,Sim,Não,7,Sim,Não,DSL,Não,Sim,Não,Sim,Sim,Sim,Dois anos,Não,Transferência bancária,48.43,365.33,1
Feminino,0,Sim,Não,34,Sim,Sim,Fibra óptica,Não,Não,Não,Não,Sim,Sim,Mês a mês,Sim,Cheque eletrônico,114.65,4079.62,1
Masculino,0,Não,Sim,58,Sim,Sim,Fibra óptica,Não,Não,Sim,Não,Sim,Sim,Mês a mês,Não,Cheque enviado pelo correio,101.61,5612.64,0
Masculino,0,Não,Não,23,Sim,Não,Não,Sem serviço de internet,Sem serviço de internet,Sem serviço de internet,Sem serviço de internet,Sem serviço de internet,Sem serviço de internet,Mês a mês,Não,Cheque eletrônico,92.62,1919.97,0
Feminino,0,Sim,Não,23,Sim,Sim,Não,Sem serviço de internet,Sem serviço de internet,Sem serviço de internet,Sem serviço de internet,Sem serviço de internet,Sem serviço de internet,Mês a mês,Não,Transferência bancária,43.25,854.72,1
Masculino,0,Não,Não,17,Sim,Não,Fibra óptica,Não,Sim,Não,Não,Não,Não,Mês a mês,Sim,Transferência bancária,102.91,1626.11,1
Feminino,0,Não,Não,13,Sim,Sim,DSL,Não,Não,Sim,Sim,Sim,Sim,Um ano,Sim,Cartão de crédito,72.27,1077.03,0
Masculino,0,Não,Não,27,Sim,Sim,Fibra óptica,Sim,Não,Sim,Não,Sim,Sim,Dois anos,Sim,Cartão de crédito,116.96,3003.99,0
Masculino,1,Sim,Sim,66,Sim,Não,Não,Sem serviço de internet,Sem serviço de internet,Sem serviço de internet,Sem serviço de internet,Sem serviço de internet,Sem serviço de internet,Mês a mês,Não,Cheque enviado pelo correio,45.25,3254.39,0
Masculino,0,Não,Sim,30,Sim,Sim,DSL,Sim,Não,Sim,Não,Não,Não,Mês a mês,Sim,Cheque enviado pelo correio,106.16,3426.25,1
Feminino,0,Sim,Não,4,Sim,Não,DSL,Não,Sim,Não,Não,Sim,Não,Dois anos,Não,Cheque eletrônico,24.07,84.65,0
Masculino,0,Sim,Sim,67,Sim,Não,DSL,Sim,Não,Sim,Não,Sim,Não,Dois anos,Sim,Transferência bancária,100.09,6201.91,0
Feminino,0,Não,Não,14,Sim,Não,Fibra óptica,Não,Sim,Não,Não,Sim,Sim,Mês a mês,Não,Cheque enviado pelo correio,75.26,1167.05,0
Feminino,1,Sim,Não,11,Sim,Sim,Fibra óptica,Não,Não,Não,Não,Sim,Sim,Mês a mês,Sim,Cheque eletrônico,64.9,686.97,1
Feminino,0,Sim,Não,40,Sim,Não,DSL,Não,Sim,Não,Não,Sim,Sim,Dois anos,Não,Cheque eletrônico,40.2,1715.0,0
Feminino,0,Sim,Sim,3,Sim,Sim,Não,Sem serviço de internet,Sem serviço de internet,Sem serviço de internet,Sem serviço de internet,Sem serviço de internet,Sem serviço de internet,Mês a mês,Não,Cheque eletrônico,34.9,99.45,0
Masculino,0,Sim,Sim,1,Sim,Sim,Não,Sem serviço de internet,Sem serviço de internet,Sem serviço de internet,Sem serviço de internet,Sem serviço de internet,Sem serviço de internet,Mês a mês,Sim,Transferência bancária,53.9,51.78,1
Feminino,0,Sim,Não,9,Sim,Não,Não,Sem serviço de internet,Sem serviço de internet,Sem serviço de internet,Sem serviço de internet,Sem serviço de internet,Sem serviço de internet,Mês a mês,Sim,Cartão de crédito,34.44,319.52,0
Feminino,0,Sim,Não,1,Sim,Não,Fibra óptica,Não,Sim,Não,Não,Sim,Sim,Mês a mês,Não,Cheque eletrônico,41.96,38.63,1
Masculino,0,Não,Não,16,Sim,Não,Não,Sem serviço de internet,Sem serviço de internet,Sem serviço de internet,Sem serviço de internet,Sem serviço de internet,Sem serviço de internet,Mês a mês,Sim,Cartão de crédito,116.73,1852.2,0
Feminino,0,Sim,Não,72,Sim,Não,DSL,Não,Não,Não,Não,Não,Sim,Dois anos,Não,Cheque enviado pelo correio,102.47,7874.1,0
Masculino,0,Não,Não,46,Sim,Não,Fibra óptica,Não,Não,Sim,Sim,Não,Não,Mês a mês,Sim,Cheque enviado pelo correio,22.13,869.56,1
Feminino,0,Sim,Não,10,Sim,Não,Não,Sem serviço de internet,Sem serviço de internet,Sem serviço de internet,Sem serviço de internet,Sem serviço de internet,Sem serviço de internet,Mês a mês,Não,Cheque enviado pelo correio,49.87,557.48,1
Masculino,0,Sim,Sim,33,Sim,Sim,DSL,Sim,Sim,Não,Sim,Sim,Sim,Mês a mês,Sim,Cartão de crédito,34.52,1134.51,0
Feminino,0,Não,Não,41,Sim,Sim,DSL,Não,Sim,Não,Não,Não,Não,Um ano,Não,Transferência bancária,36.14,1531.07,0
Masculino,0,Sim,Não,51,Sim,Sim,DSL,Não,Sim,Não,Não,Sim,Não,Dois anos,Sim,Cheque eletrônico,34.3,1875.28,0
Feminino,0,Não,Não,22,Sim,Não,Não,Sem serviço de internet,Sem serviço de internet,Sem serviço de internet,Sem serviço de internet,Sem serviço de internet,Sem serviço de internet,Mês a mês,Não,Cheque enviado pelo correio,74.59,1462.32,0
Feminino,0,Não,Sim,16,Sim,Não,Não,Sem serviço de internet,Sem serviço de internet,Sem serviço de internet,Sem serviço de internet,Sem serviço de internet,Sem serviço de internet,Um ano,Não,Cartão de crédito,35.52,629.12,0
Masculino,0,Sim,Não,62,Sim,Não,Fibra óptica,Sim,Não,Sim,Não,Não,Não,Mês a mês,Sim,Cheque eletrônico,117.62,6991.12,0
Masculino,0,Não,Não,53,Sim,Não,Não,Sem serviço de internet,Sem serviço de internet,Sem serviço de internet,Sem serviço de internet,Sem serviço de internet,Sem serviço de internet,Mês a mês,Não,Cheque enviado pelo correio,37.05,1699.06,0
Masculino,1,Sim,Não,14,Sim,Sim,Não,Sem serviço de internet,Sem serviço de internet,Sem serviço de internet,Sem serviço de internet,Sem serviço de internet,Sem serviço de internet,Mês a mês,Não,Transferência bancária,104.97,1649.86,0
Masculino,1,Não,Sim,59,Sim,Sim,DSL,Não,Não,Não,Sim,Sim,Não,Dois anos,Sim,Cheque enviado pelo correio,97.09,6236.37,1
Feminino,0,Não,Não,26,Sim,Sim,Fibra óptica,Não,Não,Sim,Sim,Sim,Sim,Mês a mês,Não,Transferência bancária,113.88,2834.1,1
Feminino,0,Não,Não,44,Sim,Não,DSL,Não,Não,Não,Sim,Não,Sim,Mês a mês,Não,Cheque eletrônico,111.97,5442.36,0
Masculino,0,Sim,Não,20,Sim,Sim,DSL,Não,Não,Não,Sim,Não,Não,Mês a mês,Sim,Cheque eletrônico,69.9,1458.26,0
Feminino,0,Sim,Sim,5,Sim,Não,DSL,Sim,Sim,Sim,Não,Não,Sim,Um ano,Sim,Cheque eletrônico,117.43,638.76,1
Masculino,0,Sim,Sim,65,Sim,Não,Fibra óptica,Sim,Sim,Não,Sim,Não,Sim,Mês a mês,Sim,Cartão de crédito,108.75,8057.8,0
Masculino,0,Sim,Sim,11,Sim,Sim,Fibra óptica,Não,Não,Sim,Não,Não,Não,Mês a mês,Não,Transferência bancária,66.07,631.57,1
Feminino,1,Não,Não,47,Sim,Não,Não,Sem serviço de internet,Sem serviço de internet,Sem serviço de internet,Sem serviço de internet,Sem serviço de internet,Sem serviço de internet,Um ano,Não,Cartão de crédito,65.31,3327.65,0
Feminino,0,Não,Não,10,Sim,Sim,Não,Sem serviço de internet,Sem serviço de internet,Sem serviço de internet,Sem serviço de internet,Sem serviço de internet,Sem serviço de internet,Mês a mês,Sim,Cheque eletrônico,90.83,789.99,1
Feminino,0,Sim,Sim,61,Sim,Sim,Fibra óptica,Não,Não,Não,Sim,Sim,Não,Dois anos,Sim,Cheque enviado pelo correio,68.43,4394.81,0
Feminino,0,Não,Sim,45,Sim,Sim,DSL,Sim,Não,Não,Não,Não,Sim,Dois anos,Sim,Cheque enviado pelo correio,108.04,5311.94,0
Feminino,0,Não,Não,47,Sim,Não,Não,Sem serviço de internet,Sem serviço de internet,Sem serviço de internet,Sem serviço de internet,Sem serviço de internet,Sem serviço de internet,Mês a mês,Sim,Cheque enviado pelo correio,28.74,1307.72,1
Feminino,0,Não,Não,34,Sim,Sim,Fibra óptica,Sim,Sim,Sim,Sim,Não,Sim,Dois anos,Sim,Cheque eletrônico,113.06,3534.35,0
Feminino,0,Sim,Não,13,Não,Sem serviço telefônico,Fibra óptica,Não,Não,Não,Sim,Sim,Sim,Dois anos,Sim,Cheque eletrônico,116.42,1388.27,1
Masculino,0,Sim,Não,23,Sim,Não,DSL,Sim,Sim,Sim,Sim,Não,Não,Mês a mês,Sim,Cheque enviado pelo correio,117.19,2546.87,0
Masculino,0,Não,Não,36,Sim,Sim,DSL,Não,Sim,Não,Não,Não,Não,Dois anos,Sim,Cartão de crédito,85.83,3310.02,0
Masculino,0,Não,Sim,63,Sim,Não,Fibra óptica,Não,Sim,Não,Sim,Não,Sim,Mês a mês,Não,Cartão de crédito,20.27,1464.62,0
Masculino,0,Não,Não,47,Sim,Não,Não,Sem serviço de internet,Sem serviço de internet,Sem serviço de internet,Sem serviço de internet,Sem serviço de internet,Sem serviço de internet,Dois anos,Não,Cheque eletrônico,97.45,5244.0,0
Masculino,0,Não,Não,66,Sim,Sim,DSL,Sim,Não,Não,Sim,Sim,Sim,Mês a mês,Sim,Transferência bancária,93.85,5666.7,1
Feminino,0,Sim,Sim,14,Sim,Sim,DSL,Não,Sim,Sim,Não,Sim,Não,Dois anos,Sim,Transferência bancária,33.7,420.9,0
Masculino,0,Não,Não,53,Sim,Sim,DSL,Não,Não,Não,Não,Não,Sim,Mês a mês,Sim,Transferência bancária,46.42,2209.4,0
Masculino,1,Sim,Não,66,Não,Sem serviço telefônico,DSL,Não,Não,Não,Não,Sim,Sim,Dois anos,Não,Transferência bancária,38.31,2587.89,0
Masculino,0,Não,Sim,49,Sim,Sim,DSL,Não,Não,Não,Não,Sim,Não,Um ano,Sim,Cheque eletrônico,109.94,5535.71,0
Masculino,1,Não,Sim,16,Sim,Sim,DSL,Não,Sim,Sim,Não,Não,Não,Mês a mês,Não,Cheque enviado pelo correio,52.68,944.06,1
Masculino,1,Não,Não,68,Sim,Não,DSL,Não,Sim,Sim,Não,Sim,Sim,Um ano,Sim,Cheque eletrônico,112.64,7419.02,0
Masculino,0,Não,Não,43,Sim,Sim,DSL,Não,Sim,Não,Não,Não,Não,Mês a mês,Não,Cartão de crédito,54.74,2612.06,0
Masculino,0,Não,Não,65,Sim,Não,Não,Sem serviço de internet,Sem serviço de internet,Sem serviço de internet,Sem serviço de internet,Sem serviço de internet,Sem serviço de internet,Dois anos,Sim,Cheque eletrônico,54.94,3205.87,0
Feminino,1,Sim,Não,9,Sim,Não,Não,Sem serviço de internet,Sem serviço de internet,Sem serviço de internet,Sem serviço de internet,Sem serviço de internet,Sem serviço de internet,Mês a mês,Sim,Transferência bancária,51.05,505.14,0
Feminino,0,Sim,Não,21,Não,Sem serviço telefônico,Não,Sem serviço de internet,Sem serviço de internet,Sem serviço de internet,Sem serviço de internet,Sem serviço de internet,Sem serviço de internet,Mês a mês,Sim,Cheque eletrônico,101.71,2045.41,1
Masculino,0,Não,Sim,43,Não,Sem serviço telefônico,Fibra óptica,Não,Não,Não,Sim,Sim,Sim,Um ano,Não,Transferência bancária,38.89,1845.46,0
Feminino,1,Sim,Sim,66,Sim,Sim,Fibra óptica,Não,Não,Não,Não,Sim,Não,Mês a mês,Não,Cheque enviado pelo correio,86.99,5422.48,0
Feminino,0,Sim,Sim,4,Sim,Não,Não,Sem serviço de internet,Sem serviço de internet,Sem serviço de internet,Sem serviço de internet,Sem serviço de internet,Sem serviço de internet,Mês a mês,Sim,Cheque enviado pelo correio,25.87,110.9,1
Feminino,0,Sim,Não,7,Sim,Sim,Fibra óptica,Não,Não,Não,Não,Não,Não,Mês a mês,Sim,Transferência bancária,117.68,911.47,1
Feminino,0,Não,Não,58,Sim,Não,Fibra óptica,Sim,Não,Não,Sim,Sim,Sim,Mês a mês,Não,Cartão de crédito,66.38,3412.49,1
Masculino,0,Sim,Não,4,Sim,Sim,DSL,Não,Não,Sim,Não,Não,Sim,Dois anos,Não,Cartão de crédito,30.48,107.75,0
Feminino,0,Não,Não,20,Sim,Sim,Não,Sem serviço de internet,Sem serviço de internet,Sem serviço de internet,Sem serviço de internet,Sem serviço de internet,Sem serviço de internet,Mês a mês,Não,Cartão de crédito,63.73,1362.1,1
Feminino,0,Não,Não,35,Sim,Sim,Não,Sem serviço de internet,Sem serviço de internet,Sem serviço de internet,Sem serviço de internet,Sem serviço de internet,Sem serviço de internet,Dois anos,Sim,Cartão de crédito,25.93,958.9,0
Feminino,0,Não,Sim,59,Sim,Sim,DSL,Não,Sim,Sim,Não,Sim,Sim,Mês a mês,Sim,Cartão de crédito,86.28,4594.88,0
Masculino,0,Sim,Não,45,Sim,Sim,Não,Sem serviço de internet,Sem serviço de internet,Sem serviço de internet,Sem serviço de internet,Sem serviço de internet,Sem serviço de internet,Um ano,Não,Cartão de crédito,67.16,3474.75,0
Masculino,0,Não,Sim,14,Sim,Sim,DSL,Não,Não,Não,Sim,Sim,Não,Mês a mês,Sim,Transferência bancária,30.45,380.33,0
Masculino,0,Não,Não,22,Sim,Não,DSL,Não,Não,Sim,Sim,Não,Não,Mês a mês,Não,Cheque eletrônico,79.01,1735.96,0
Masculino,0,Não,Não,48,Sim,Sim,Fibra óptica,Não,Não,Sim,Sim,Sim,Sim,Mês a mês,Não,Transferência bancária,47.02,2074.48,1
Masculino,0,Não,Sim,30,Sim,Não,Fibra óptica,Não,Sim,Não,Sim,Não,Não,Mês a mês,Sim,Cheque eletrônico,112.22,2945.94,1
Masculino,0,Não,Não,29,Não,Sem serviço telefônico,Não,Sem serviço de internet,Sem serviço de internet,Sem serviço de internet,Sem serviço de internet,Sem serviço de internet,Sem serviço de internet,Um ano,Não,Cheque eletrônico,83.54,2386.46,0
Masculino,0,Sim,Sim,36,Sim,Sim,Fibra óptica,Não,Não,Não,Não,Não,Sim,Mês a mês,Não,Cheque eletrônico,58.55,2422.76,0
Feminino,1,Não,Não,42,Sim,Não,DSL,Não,Sim,Não,Não,Sim,Não,Mês a mês,Sim,Cartão de crédito,31.92,1525.05,1
Feminino,0,Sim,Sim,29,Não,Sem serviço telefônico,Não,Sem serviço de internet,Sem serviço de internet,Sem serviço de internet,Sem serviço de internet,Sem serviço de internet,Sem serviço de internet,Um ano,Sim,Cheque eletrônico,87.93,2454.12,0
Feminino,0,Sim,Não,7,Sim,Não,Fibra óptica,Não,Não,Não,Não,Sim,Sim,Mês a mês,Não,Transferência bancária,65.27,457.02,1
Masculino,0,Não,Não,32,Sim,Sim,Fibra óptica,Não,Não,Sim,Sim,Não,Não,Dois anos,Sim,Cheque eletrônico,92.91,3332.92,0
Masculino,0,Sim,Não,13,Sim,Sim,Não,Sem serviço de internet,Sem serviço de internet,Sem serviço de internet,Sem serviço de internet,Sem serviço de internet,Sem serviço de internet,Um ano,Não,Transferência bancária,82.88,1210.79,1
Masculino,0,Sim,Não,13,Sim,Não,Fibra óptica,Não,Não,Não,Sim,Sim,Sim,Mês a mês,Sim,Cartão de crédito,80.23,1130.18,1
Masculino,0,Não,Sim,54,Sim,Sim,DSL,Não,Não,Não,Não,Sim,Não,Mês a mês,Não,Cheque enviado pelo correio,91.44,4579.65,0
Masculino,0,Não,Não,14,Sim,Não,Fibra óptica,Sim,Não,Sim,Não,Não,Não,Dois anos,Não,Cheque eletrônico,53.55,720.88,0
Feminino,0,Sim,Não,6,Sim,Não,DSL,Não,Sim,Sim,Não,Não,Não,Mês a mês,Sim,Transferência bancária,114.74,703.51,1
Feminino,0,Não,Não,16,Sim,Sim,Fibra óptica,Não,Sim,Sim,Não,Sim,Sim,Mês a mês,Sim,Cartão de crédito,111.62,1976.19,1
Masculino,0,Sim,Não,41,Sim,Não,Fibra óptica,Não,Não,Sim,Não,Sim,Não,Mês a mês,Sim,Cheque eletrônico,89.73,3613.93,0
Masculino,0,Sim,Sim,52,Sim,Sim,Fibra óptica,Não,Não,Não,Não,Sim,Não,Um ano,Não,Transferência bancária,29.97,1616.45,0
Masculino,1,Sim,Não,16,Sim,Sim,Fibra óptica,Sim,Não,Sim,Sim,Não,Não,Mês a mês,Sim,Cheque eletrônico,99.37,1547.21,1
Masculino,0,Sim,Não,5,Sim,Não,DSL,Não,Não,Não,Não,Sim,Não,Dois anos,Sim,Cheque enviado pelo correio,50.37,258.57,0
Feminino,0,Sim,Não,24,Sim,Sim,Fibra óptica,Sim,Não,Não,Sim,Não,Não,Mês a mês,Não,Cheque eletrônico,31.46,645.04,1
Masculino,0,Sim,Não,43,Sim,Não,DSL,Não,Sim,Não,Não,Não,Sim,Mês a mês,Sim,Cartão de crédito,85.17,3520.96,1
Masculino,1,Não,Sim,65,Sim,Não,Fibra óptica,Não,Não,Não,Não,Não,Sim,Mês a mês,Sim,Cheque eletrônico,95.36,6693.99,1
Masculino,0,Não,Não,10,Não,Sem serviço telefônico,DSL,Não,Não,Não,Não,Não,Não,Dois anos,Sim,Cartão de crédito,103.94,891.19,0
Masculino,1,Não,Sim,59,Sim,Não,Não,Sem serviço de internet,Sem serviço de internet,Sem serviço de internet,Sem serviço de internet,Sem serviço de internet,Sem serviço de internet,Um ano,Sim,Cheque eletrônico,29.98,1937.38,0
Feminino,1,Não,Não,35,Não,Sem serviço telefônico,Fibra óptica,Não,Não,Não,Sim,Sim,Não,Um ano,Sim,Cartão de crédito,38.59,1547.31,0
Masculino,0,Sim,Não,31,Sim,Não,DSL,Sim,Não,Não,Não,Não,Não,Mês a mês,Não,Transferência bancária,108.17,3341.94,1
Masculino,0,Não,Sim,11,Sim,Não,DSL,Não,Não,Sim,Não,Não,Não,Um ano,Sim,Cheque eletrônico,40.17,398.35,0
Feminino,0,Não,Não,9,Sim,Sim,Não,Sem serviço de internet,Sem serviço de internet,Sem serviço de internet,Sem serviço de internet,Sem serviço de internet,Sem serviço de internet,Mês a mês,Não,Cheque eletrônico,77.19,767.93,1
Feminino,0,Sim,Sim,66,Sim,Sim,Não,Sem serviço de internet,Sem serviço de internet,Sem serviço de internet,Sem serviço de internet,Sem serviço de internet,Sem serviço de internet,Dois anos,Não,Cheque eletrônico,36.62,2629.57,0
Feminino,0,Sim,Não,44,Sim,Sim,DSL,Não,Sim,Sim,Sim,Não,Não,Um ano,Não,Cartão de crédito,31.54,1587.26,0
Masculino,0,Não,Não,16,Sim,Sim,Fibra óptica,Sim,Não,Não,Sim,Não,Sim,Um ano,Não,Cheque enviado pelo correio,42.03,621.21,0
Masculino,1,Não,Não,48,Sim,Não,DSL,Não,Não,Não,Não,Não,Sim,Dois anos,Sim,Transferência bancária,40.82,1775.36,0
Feminino,0,Não,Não,53,Sim,Não,DSL,Não,Não,Sim,Não,Sim,Não,Mês a mês,Não,Cartão de crédito,37.57,1772.58,1
Feminino,1,Sim,Não,65,Sim,Sim,Fibra óptica,Não,Não,Não,Não,Sim,Não,Mês a mês,Sim,Transferência bancária,27.71,1770.94,0
Feminino,0,Sim,Sim,48,Não,Sem serviço telefônico,Fibra óptica,Não,Não,Não,Sim,Não,Não,Mês a mês,Não,Cheque eletrônico,25.14,1288.96,1
Feminino,0,Não,Não,70,Sim,Sim,DSL,Sim,Não,Sim,Não,Não,Não,Mês a mês,Sim,Transferência bancária,49.64,3102.97,0
Feminino,1,Não,Sim,46,Sim,Sim,Não,Sem serviço de internet,Sem serviço de internet,Sem serviço de internet,Sem serviço de internet,Sem serviço de internet,Sem serviço de internet,Dois anos,Sim,Transferência bancária,50.63,2277.51,0
Feminino,0,Sim,Não,33,Sim,Não,DSL,Não,Sim,Sim,Não,Não,Não,Mês a mês,Não,Cheque eletrônico,96.0,2929.28,1
Masculino,0,Sim,Não,52,Sim,Sim,DSL,Não,Sim,Não,Não,Sim,Sim,Mês a mês,Sim,Cartão de crédito,101.09,5092.64,0
Masculino,0,Não,Não,55,Sim,Sim,Não,Sem serviço de internet,Sem serviço de internet,Sem serviço de internet,Sem serviço de internet,Sem serviço de internet,Sem serviço de internet,Mês a mês,Não,Cheque eletrônico,33.03,1572.16,1
Masculino,0,Não,Sim,51,Sim,Sim,DSL,Sim,Não,Não,Não,Não,Sim,Mês a mês,Não,Transferência bancária,97.26,4792.77,0
Feminino,0,Sim,Sim,40,Sim,Não,DSL,Sim,Não,Não,Não,Sim,Não,Um ano,Não,Cartão de crédito,44.77,1561.28,0
Feminino,0,Não,Sim,25,Não,Sem serviço telefônico,Não,Sem serviço de internet,Sem serviço de internet,Sem serviço de internet,Sem serviço de internet,Sem serviço de internet,Sem serviço de internet,Mês a mês,Não,Cheque eletrônico,67.8,1832.58,1
Feminino,0,Não,Não,63,Sim,Não,Fibra óptica,Sim,Sim,Sim,Não,Não,Não,Dois anos,Não,Cartão de crédito,26.59,1446.0,0
Feminino,1,Não,Sim,22,Sim,Não,Fibra óptica,Sim,Não,Sim,Não,Sim,Não,Mês a mês,Não,Transferência bancária,57.83,1210.73,1
Feminino,0,Sim,Não,38,Não,Sem serviço telefônico,Não,Sem serviço de internet,Sem serviço de internet,Sem serviço de internet,Sem serviço de internet,Sem serviço de internet,Sem serviço de internet,Mês a mês,Não,Cheque eletrônico,23.3,786.83,0
Feminino,1,Sim,Não,9,Sim,Sim,Não,Sem serviço de internet,Sem serviço de internet,Sem serviço de internet,Sem serviço de internet,Sem serviço de internet,Sem serviço de internet,Um ano,Não,Transferência bancária,18.68,178.9,0
Masculino,0,Não,Não,37,Sim,Não,Não,Sem serviço de internet,Sem serviço de internet,Sem serviço de internet,Sem serviço de internet,Sem serviço de internet,Sem serviço de internet,Mês a mês,Sim,Cheque enviado pelo correio,111.23,3673.8,0
Masculino,0,Sim,Não,5,Sim,Não,Fibra óptica,Não,Sim,Sim,Não,Não,Não,Mês a mês,Sim,Cheque eletrônico,97.86,511.63,1
Feminino,0,Não,Não,22,Sim,Não,DSL,Não,Sim,Não,Não,Sim,Não,Mês a mês,Não,Cartão de crédito,39.28,894.21,1
Masculino,0,Não,Sim,12,Sim,Sim,DSL,Não,Não,Não,Não,Não,Não,Mês a mês,Sim,Cheque enviado pelo correio,46.39,570.83,0
Feminino,1,Sim,Não,60,Sim,Sim,Fibra óptica,Sim,Sim,Sim,Não,Não,Não,Mês a mês,Sim,Cartão de crédito,30.83,1719.92,0
Masculino,0,Não,Não,44,Sim,Sim,DSL,Sim,Não,Não,Não,Não,Não,Mês a mês,Sim,Cartão de crédito,33.07,1624.37,0
Feminino,0,Não,Sim,22,Sim,Sim,DSL,Sim,Não,Não,Não,Sim,Sim,Mês a mês,Não,Transferência bancária,76.22,1520.57,1
Feminino,0,Não,Não,6,Sim,Sim,Fibra óptica,Não,Não,Não,Não,Sim,Não,Mês a mês,Sim,Cheque enviado pelo correio,75.63,435.64,1
Masculino,0,Sim,Não,27,Sim,Não,Não,Sem serviço de internet,Sem serviço de internet,Sem serviço de internet,Sem serviço de internet,Sem serviço de internet,Sem serviço de internet,Mês a mês,Não,Cartão de crédito,74.37,2145.19,1
Masculino,1,Não,Sim,55,Sim,Não,DSL,Não,Sim,Sim,Sim,Sim,Sim,Mês a mês,Sim,Transferência bancária,21.69,1094.76,0
Feminino,1,Sim,Sim,15,Sim,Sim,DSL,Não,Não,Não,Não,Não,Não,Mês a mês,Sim,Cheque eletrônico,86.56,1340.08,1
Feminino,0,Não,Sim,64,Não,Sem serviço telefônico,DSL,Não,Não,Não,Não,Sim,Sim,Mês a mês,Sim,Transferência bancária,20.57,1401.42,1
Masculino,0,Não,Não,17,Sim,Sim,Não,Sem serviço de internet,Sem serviço de internet,Sem serviço de internet,Sem serviço de internet,Sem serviço de internet,Sem serviço de internet,Mês a mês,Não,Cheque eletrônico,117.05,2020.19,1
Masculino,0,Sim,Não,3,Sim,Não,DSL,Não,Sim,Sim,Sim,Não,Sim,Dois anos,Não,Cartão de crédito,101.08,287.17,0
Feminino,0,Não,Sim,10,Sim,Sim,DSL,Não,Não,Não,Não,Sim,Sim,Um ano,Sim,Cheque enviado pelo correio,110.46,1199.7,1
Masculino,1,Não,Não,63,Sim,Sim,Fibra óptica,Não,Não,Não,Não,Não,Não,Dois anos,Sim,Cheque eletrônico,97.6,5425.08,1
Feminino,0,Sim,Não,63,Sim,Sim,DSL,Sim,Não,Sim,Não,Não,Não,Mês a mês,Sim,Cheque eletrônico,49.83,2883.76,0
Feminino,0,Sim,Não,62,Sim,Não,Fibra óptica,Não,Sim,Não,Não,Sim,Sim,Um ano,Não,Transferência bancária,37.59,2240.51,0
Feminino,0,Não,Não,9,Sim,Sim,DSL,Não,Sim,Sim,Não,Não,Sim,Um ano,Sim,Cheque eletrônico,67.2,598.24,0
Feminino,1,Sim,Sim,24,Sim,Não,Fibra óptica,Não,Não,Sim,Não,Não,Não,Mês a mês,Não,Cheque enviado pelo correio,97.55,2006.4,0
Masculino,0,Sim,Não,32,Sim,Não,DSL,Não,Não,Não,Não,Não,Não,Mês a mês,Sim,Cheque eletrônico,70.59,2389.8,1
Masculino,0,Não,Não,3,Sim,Não,DSL,Não,Não,Não,Sim,Sim,Não,Mês a mês,Não,Transferência bancária,48.02,130.17,1
Masculino,0,Não,Não,33,Sim,Sim,DSL,Não,Não,Não,Sim,Não,Sim,Mês a mês,Não,Cheque eletrônico,44.13,1627.39,1
Masculino,0,Não,Sim,43,Sim,Não,Fibra óptica,Não,Não,Sim,Não,Não,Não,Mês a mês,Não,Cartão de crédito,66.49,2692.04,0
Masculino,0,Sim,Sim,12,Sim,Sim,DSL,Não,Não,Sim,Sim,Sim,Sim,Mês a mês,Não,Transferência bancária,57.89,647.24,1
Masculino,0,Sim,Não,32,Sim,Sim,Não,Sem serviço de internet,Sem serviço de internet,Sem serviço de internet,Sem serviço de internet,Sem serviço de internet,Sem serviço de internet,Dois anos,Não,Cheque eletrônico,80.59,2286.66,0
Masculino,0,Sim,Não,20,Sim,Não,Fibra óptica,Não,Não,Sim,Não,Não,Não,Dois anos,Não,Transferência bancária,19.27,414.61,0
Feminino,0,Não,Não,67,Sim,Não,Fibra óptica,Sim,Sim,Não,Não,Não,Sim,Mês a mês,Sim,Cheque enviado pelo correio,81.24,6146.58,1
Masculino,0,Não,Não,68,Sim,Sim,Fibra óptica,Não,Sim,Sim,Sim,Não,Sim,Mês a mês,Sim,Cheque eletrônico,65.51,4838.49,0
Masculino,0,Sim,Sim,17,Sim,Não,Fibra óptica,Não,Não,Sim,Não,Não,Sim,Mês a mês,Sim,Cheque enviado pelo correio,98.04,1847.88,0
Feminino,0,Sim,Não,19,Sim,Sim,Não,Sem serviço de internet,Sem serviço de internet,Sem serviço de internet,Sem serviço de internet,Sem serviço de internet,Sem serviço de internet,Um ano,Sim,Cheque eletrônico,46.71,924.39,0
Masculino,0,Não,Sim,4,Sim,Não,DSL,Sim,Não,Sim,Sim,Sim,Sim,Um ano,Não,Cheque eletrônico,96.47,367.98,0
Masculino,0,Não,Não,17,Sim,Sim,Fibra óptica,Sim,Não,Não,Não,Não,Não,Mês a mês,Sim,Cheque eletrônico,113.63,2075.99,0
Feminino,0,Sim,Não,64,Sim,Sim,Não,Sem serviço de internet,Sem serviço de internet,Sem serviço de internet,Sem serviço de internet,Sem serviço de internet,Sem serviço de internet,Dois anos,Sim,Cheque enviado pelo correio,63.38,3687.2,0
Masculino,1,Não,Sim,22,Não,Sem serviço telefônico,Fibra óptica,Não,Não,Não,Não,Não,Não,Mês a mês,Não,Cartão de crédito,54.53,1022.32,1
Masculino,0,Sim,Sim,66,Sim,Não,Fibra óptica,Não,Não,Sim,Sim,Sim,Não,Dois anos,Não,Transferência bancária,103.56,6550.27,0
Masculino,0,Não,Não,42,Sim,Não,DSL,Não,Sim,Não,Sim,Sim,Não,Mês a mês,Sim,Cartão de crédito,41.56,1791.42,0
Feminino,0,Não,Não,45,Sim,Não,Fibra óptica,Não,Não,Sim,Sim,Não,Sim,Mês a mês,Não,Transferência bancária,91.28,4305.07,0
Masculino,0,Não,Não,11,Sim,Não,Fibra óptica,Não,Não,Não,Não,Sim,Sim,Mês a mês,Sim,Cartão de crédito,75.27,811.53,1
Masculino,0,Sim,Não,53,Sim,Não,Fibra óptica,Sim,Não,Não,Não,Sim,Não,Mês a mês,Não,Transferência bancária,61.14,3583.77,0
Feminino,0,Sim,Não,60,Sim,Sim,Não,Sem serviço de internet,Sem serviço de internet,Sem serviço de internet,Sem serviço de internet,Sem serviço de internet,Sem serviço de internet,Um ano,Não,Cartão de crédito,37.21,2444.57,0
Masculino,0,Não,Não,29,Não,Sem serviço telefônico,Fibra óptica,Não,Não,Não,Não,Sim,Não,Dois anos,Sim,Cartão de crédito,19.33,477.67,0
Feminino,0,Sim,Não,20,Sim,Sim,Fibra óptica,Não,Sim,Não,Não,Não,Não,Mês a mês,Não,Transferência bancária,71.84,1522.57,0
Feminino,0,Não,Não,5,Sim,Não,DSL,Não,Sim,Não,Não,Não,Não,Dois anos,Não,Cheque eletrônico,23.79,126.82,0
Masculino,0,Não,Sim,25,Sim,Não,Não,Sem serviço de internet,Sem serviço de internet,Sem serviço de internet,Sem serviço de internet,Sem serviço de internet,Sem serviço de internet,Mês a mês,Não,Cartão de crédito,28.65,774.45,0
Feminino,0,Não,Sim,34,Sim,Sim,DSL,Não,Sim,Sim,Não,Não,Não,Mês a mês,Sim,Cheque enviado pelo correio,78.44,2891.97,1
Feminino,0,Não,Não,12,Sim,Não,Fibra óptica,Não,Sim,Não,Não,Sim,Não,Mês a mês,Não,Cartão de crédito,42.07,456.37,1
Masculino,0,Não,Não,28,Sim,Não,Fibra óptica,Não,Não,Não,Não,Sim,Não,Mês a mês,Sim,Cartão de crédito,86.92,2221.83,0
Feminino,0,Não,Não,6,Sim,Sim,Fibra óptica,Não,Não,Sim,Não,Não,Sim,Dois anos,Não,Cheque enviado pelo correio,32.81,199.49,0
Feminino,1,Sim,Sim,19,Sim,Não,DSL,Não,Não,Não,Sim,Não,Não,Mês a mês,Não,Cartão de crédito,25.04,449.89,0
Masculino,0,Sim,Sim,12,Não,Sem serviço telefônico,DSL,Não,Não,Não,Não,Sim,Não,Um ano,Sim,Cheque eletrônico,70.4,868.87,0
Masculino,0,Sim,Sim,25,Sim,Não,DSL,Não,Sim,Não,Não,Sim,Não,Mês a mês,Sim,Cheque enviado pelo correio,41.85,1035.26,0
Masculino,0,Sim,Sim,13,Sim,Sim,DSL,Sim,Não,Sim,Não,Não,Sim,Dois anos,Sim,Cheque eletrônico,60.71,736.0,0
Feminino,1,Não,Não,3,Sim,Sim,Fibra óptica,Não,Sim,Sim,Sim,Sim,Não,Mês a mês,Sim,Cheque eletrônico,28.92,91.53,1
Masculino,0,Não,Não,24,Sim,Sim,DSL,Não,Não,Não,Não,Não,Não,Dois anos,Sim,Cheque eletrônico,47.27,1120.18,0
Feminino,0,Não,Não,8,Sim,Não,Fibra óptica,Sim,Não,Não,Não,Não,Sim,Um ano,Não,Transferência bancária,23.92,210.06,0
Feminino,1,Não,Não,45,Sim,Sim,Fibra óptica,Sim,Sim,Sim,Não,Não,Não,Um ano,Sim,Transferência bancária,99.07,3848.06,0
Feminino,1,Não,Não,72,Não,Sem serviço telefônico,DSL,Sim,Não,Não,Sim,Não,Não,Um ano,Sim,Cheque enviado pelo correio,18.43,1220.22,0
Feminino,0,Não,Sim,1,Sim,Não,Fibra óptica,Não,Sim,Sim,Não,Sim,Não,Mês a mês,Não,Transferência bancária,113.96,96.88,1
Feminino,0,Sim,Não,3,Sim,Sim,Fibra óptica,Não,Não,Não,Não,Não,Não,Mês a mês,Não,Cheque eletrônico,45.23,132.38,1
Feminino,0,Não,Não,65,Sim,Sim,Não,Sem serviço de internet,Sem serviço de internet,Sem serviço de internet,Sem serviço de internet,Sem serviço de internet,Sem serviço de internet,Dois anos,Não,Transferência bancária,25.79,1528.85,0
Feminino,0,Sim,Sim,15,Sim,Sim,Não,Sem serviço de internet,Sem serviço de internet,Sem serviço de internet,Sem serviço de internet,Sem serviço de internet,Sem serviço de internet,Mês a mês,Sim,Cartão de crédito,103.52,1422.71,1
Masculino,0,Não,Não,50,Sim,Sim,DSL,Não,Não,Não,Não,Sim,Não,Mês a mês,Não,Cartão de crédito,84.84,4487.2,0
Masculino,0,Sim,Não,20,Sim,Não,Fibra óptica,Sim,Não,Não,Não,Sim,Não,Mês a mês,Sim,Cartão de crédito,103.28,2244.74,1
Feminino,0,Não,Sim,3,Sim,Não,DSL,Sim,Sim,Sim,Não,Não,Sim,Dois anos,Sim,Transferência bancária,72.62,201.95,0
Feminino,0,Não,Sim,61,Não,Sem serviço telefônico,Fibra óptica,Não,Não,Sim,Não,Não,Não,Mês a mês,Sim,Cheque enviado pelo correio,43.77,2761.86,1
Masculino,0,Não,Não,15,Sim,Sim,Fibra óptica,Não,Não,Não,Não,Sim,Não,Mês a mês,Sim,Cheque eletrônico,27.85,427.79,1
Feminino,0,Não,Sim,59,Sim,Sim,Fibra óptica,Não,Não,Sim,Sim,Não,Sim,Um ano,Não,Cheque eletrônico,72.71,3652.03,0
Masculino,0,Não,Sim,54,Sim,Sim,DSL,Não,Não,Não,Sim,Não,Sim,Mês a mês,Sim,Cheque eletrônico,82.74,5055.49,0
Masculino,0,Sim,Não,60,Sim,Sim,Não,Sem serviço de internet,Sem serviço de internet,Sem serviço de internet,Sem serviço de internet,Sem serviço de internet,Sem serviço de internet,Um ano,Sim,Cheque eletrônico,62.68,3580.46,0
Masculino,1,Sim,Não,37,Sim,Não,Não,Sem serviço de internet,Sem serviço de internet,Sem serviço de internet,Sem serviço de internet,Sem serviço de internet,Sem serviço de internet,Dois anos,Sim,Transferência bancária,51.24,1787.5,0
Feminino,0,Não,Não,21,Sim,Não,Não,Sem serviço de internet,Sem serviço de internet,Sem serviço de internet,Sem serviço de internet,Sem serviço de internet,Sem serviço de internet,Dois anos,Não,Transferência bancária,102.88,2217.35,0
Feminino,0,Sim,Não,23,Sim,Sim,Fibra óptica,Sim,Sim,Sim,Sim,Não,Não,Dois anos,Sim,Cheque enviado pelo correio,82.0,1808.07,0
Masculino,1,Sim,Não,18,Não,Sem serviço telefônico,DSL,Sim,Sim,Não,Não,Sim,Sim,Um ano,Não,Transferência bancária,33.15,560.39,0
Masculino,0,Não,Não,17,Sim,Sim,Não,Sem serviço de internet,Sem serviço de internet,Sem serviço de internet,Sem serviço de internet,Sem serviço de internet,Sem serviço de internet,Mês a mês,Sim,Cheque enviado pelo correio,109.76,1998.0,0
Masculino,0,Sim,Não,31,Sim,Não,Não,Sem serviço de internet,Sem serviço de internet,Sem serviço de internet,Sem serviço de internet,Sem serviço de internet,Sem serviço de internet,Mês a mês,Sim,Cheque enviado pelo correio,35.09,1165.6,0
Masculino,1,Sim,Não,64,Sim,Sim,Fibra óptica,Não,Não,Não,Sim,Sim,Sim,Mês a mês,Sim,Cheque eletrônico,107.22,7243.82,0
Masculino,0,Sim,Sim,48,Sim,Não,Não,Sem serviço de internet,Sem serviço de internet,Sem serviço de internet,Sem serviço de internet,Sem serviço de internet,Sem serviço de internet,Um ano,Não,Cheque enviado pelo correio,22.19,1179.19,0
Feminino,0,Sim,Não,26,Sim,Não,DSL,Sim,Não,Não,Não,Sim,Sim,Mês a mês,Não,Cheque enviado pelo correio,115.09,2989.62,1
Masculino,0,Não,Não,22,Sim,Sim,Fibra óptica,Não,Sim,Não,Não,Não,Sim,Um ano,Não,Cheque eletrônico,68.08,1566.26,0
Feminino,0,Não,Não,45,Sim,Não,Fibra óptica,Sim,Não,Não,Não,Não,Não,Mês a mês,Sim,Cheque eletrônico,30.31,1566.54,1
Masculino,0,Não,Não,36,Sim,Não,Fibra óptica,Sim,Sim,Sim,Não,Sim,Não,Mês a mês,Não,Transferência bancária,28.82,956.38,0
Feminino,1,Sim,Não,64,Não,Sem serviço telefônico,DSL,Não,Sim,Não,Não,Não,Sim,Mês a mês,Sim,Transferência bancária,59.79,4223.52,1
Feminino,0,Não,Não,35,Sim,Sim,Fibra óptica,Não,Não,Sim,Sim,Não,Não,Mês a mês,Sim,Cheque eletrônico,60.35,1927.94,1
Feminino,0,Sim,Sim,27,Sim,Não,DSL,Não,Não,Não,Não,Não,Não,Mês a mês,Sim,Transferência bancária,76.1,2023.42,0
Feminino,0,Não,Não,68,Sim,Não,Não,Sem serviço de internet,Sem serviço de internet,Sem serviço de internet,Sem serviço de internet,Sem serviço de internet,Sem serviço de internet,Um ano,Sim,Cartão de crédito,53.73,3556.16,1
Feminino,0,Não,Não,17,Sim,Não,Não,Sem serviço de internet,Sem serviço de internet,Sem serviço de internet,Sem serviço de internet,Sem serviço de internet,Sem serviço de internet,Mês a mês,Não,Transferência bancária,68.92,1259.25,0
Feminino,0,Não,Sim,70,Sim,Sim,DSL,Não,Sim,Sim,Sim,Não,Não,Um ano,Não,Cheque enviado pelo correio,78.42,5798.7,0
Masculino,0,Não,Sim,11,Sim,Sim,DSL,Não,Não,Sim,Não,Não,Sim,Mês a mês,Não,Cheque enviado pelo correio,104.2,1238.79,1
Feminino,0,Sim,Não,5,Sim,Não,DSL,Não,Não,Não,Não,Sim,Não,Mês a mês,Não,Cheque eletrônico,113.89,577.82,1
Masculino,0,Sim,Não,58,Sim,Sim,Não,Sem serviço de internet,Sem serviço de internet,Sem serviço de internet,Sem serviço de internet,Sem serviço de internet,Sem serviço de internet,Mês a mês,Sim,Cartão de crédito,106.32,5381.99,0
Feminino,0,Não,Sim,57,Sim,Não,Não,Sem serviço de internet,Sem serviço de internet,Sem serviço de internet,Sem serviço de internet,Sem serviço de internet,Sem serviço de internet,Mês a mês,Sim,Cartão de crédito,26.18,1534.44,0
Feminino,0,Sim,Não,14,Sim,Não,DSL,Não,Não,Não,Não,Não,Sim,Mês a mês,Sim,Cheque enviado pelo correio,48.14,624.81,0
Masculino,0,Sim,Sim,72,Sim,Não,Fibra óptica,Sim,Não,Não,Sim,Não,Sim,Um ano,Sim,Cheque eletrônico,30.98,2186.65,0
Feminino,0,Sim,Não,1,Sim,Sim,Fibra óptica,Não,Sim,Não,Não,Não,Sim,Dois anos,Sim,Cartão de crédito,77.01,68.15,0
Masculino,0,Sim,Não,16,Sim,Sim,Não,Sem serviço de internet,Sem serviço de internet,Sem serviço de internet,Sem serviço de internet,Sem serviço de internet,Sem serviço de internet,Um ano,Sim,Transferência bancária,89.66,1307.72,0
Masculino,0,Não,Sim,26,Não,Sem serviço telefônico,Não,Sem serviço de internet,Sem serviço de internet,Sem serviço de internet,Sem serviço de internet,Sem serviço de internet,Sem serviço de internet,Um ano,Não,Cartão de crédito,89.08,2276.85,1
Masculino,0,Não,Sim,49,Sim,Sim,DSL,Não,Sim,Não,Sim,Não,Sim,Um ano,Sim,Cartão de crédito,63.52,3299.32,0
Masculino,0,Sim,Não,42,Sim,Não,DSL,Sim,Sim,Não,Não,Sim,Sim,Dois anos,Não,Cheque eletrônico,78.78,3163.4,0
Feminino,1,Sim,Não,70,Sim,Não,Fibra óptica,Sim,Sim,Sim,Não,Não,Sim,Dois anos,Sim,Cheque eletrônico,46.01,3118.1,0
Feminino,0,Não,Sim,66,Sim,Sim,Fibra óptica,Sim,Não,Não,Não,Sim,Sim,Mês a mês,Não,Cheque enviado pelo correio,85.36,5875.73,0
Masculino,0,Não,Não,53,Sim,Sim,DSL,Não,Não,Sim,Não,Sim,Sim,Mês a mês,Sim,Cheque enviado pelo correio,33.49,1617.58,0
Feminino,0,Não,Não,9,Sim,Sim,Não,Sem serviço de internet,Sem serviço de internet,Sem serviço de internet,Sem serviço de internet,Sem serviço de internet,Sem serviço de internet,Dois anos,Sim,Cheque eletrônico,28.19,224.07,0
Feminino,0,Não,Não,69,Não,Sem serviço telefônico,Não,Sem serviço de internet,Sem serviço de internet,Sem serviço de internet,Sem serviço de internet,Sem serviço de internet,Sem serviço de internet,Mês a mês,Sim,Transferência bancária,55.35,4258.79,0
Masculino,0,Não,Não,40,Sim,Não,Fibra óptica,Não,Não,Não,Não,Não,Sim,Dois anos,Sim,Transferência bancária,96.34,3640.84,0
Feminino,0,Não,Não,56,Sim,Sim,Fibra óptica,Sim,Sim,Não,Não,Não,Sim,Dois anos,Sim,Cheque enviado pelo correio,44.29,2379.08,0
Masculino,0,Não,Não,5,Sim,Não,Fibra óptica,Não,Sim,Sim,Não,Não,Não,Mês a mês,Sim,Cheque enviado pelo correio,37.87,206.54,1
Masculino,1,Sim,Sim,56,Sim,Não,Fibra óptica,Não,Sim,Não,Não,Sim,Sim,Mês a mês,Não,Cheque enviado pelo correio,108.57,5584.09,0
Feminino,1,Não,Não,72,Sim,Não,Fibra óptica,Não,Não,Não,Não,Sim,Não,Mês a mês,Não,Cartão de crédito,74.92,5949.19,1
Feminino,0,Sim,Não,5,Não,Sem serviço telefônico,Não,Sem serviço de internet,Sem serviço de internet,Sem serviço de internet,Sem serviço de internet,Sem serviço de internet,Sem serviço de internet,Mês a mês,Não,Cheque enviado pelo correio,37.54,195.96,0
Feminino,0,Não,Sim,69,Sim,Não,Não,Sem serviço de internet,Sem serviço de internet,Sem serviço de internet,Sem serviço de internet,Sem serviço de internet,Sem serviço de internet,Mês a mês,Não,Transferência bancária,36.69,2742.15,0
Masculino,0,Não,Não,52,Sim,Não,DSL,Não,Sim,Não,Não,Não,Sim,Mês a mês,Não,Cartão de crédito,29.79,1556.03,0
Masculino,0,Não,Sim,33,Sim,Sim,DSL,Não,Não,Não,Não,Não,Não,Mês a mês,Sim,Transferência bancária,30.39,872.43,0
Feminino,0,Sim,Não,22,Sim,Sim,Não,Sem serviço de internet,Sem serviço de internet,Sem serviço de internet,Sem serviço de internet,Sem serviço de internet,Sem serviço de internet,Dois anos,Sim,Cheque enviado pelo correio,98.28,2324.12,0
Feminino,0,Não,Não,15,Sim,Não,DSL,Sim,Não,Sim,Sim,Não,Não,Mês a mês,Não,Cheque enviado pelo correio,98.31,1390.67,1
Feminino,0,Sim,Não,65,Sim,Sim,DSL,Não,Não,Não,Não,Não,Não,Um ano,Não,Cheque eletrônico,113.36,7675.86,0
Feminino,0,Sim,Não,71,Não,Sem serviço telefônico,Não,Sem serviço de internet,Sem serviço de internet,Sem serviço de internet,Sem serviço de internet,Sem serviço de internet,Sem serviço de internet,Mês a mês,Não,Cartão de crédito,47.74,2977.66,1
Masculino,0,Sim,Sim,23,Sim,Sim,DSL,Não,Não,Não,Sim,Sim,Sim,Mês a mês,Sim,Cartão de crédito,75.33,1828.4,0
Feminino,0,Sim,Não,6,Não,Sem serviço telefônico,Não,Sem serviço de internet,Sem serviço de internet,Sem serviço de internet,Sem serviço de internet,Sem serviço de internet,Sem serviço de internet,Mês a mês,Sim,Cartão de crédito,71.71,385.63,1
Masculino,0,Sim,Não,58,Sim,Sim,DSL,Não,Não,Sim,Sim,Não,Não,Mês a mês,Não,Cheque enviado pelo correio,28.22,1477.52,0
Masculino,0,Não,Sim,26,Não,Sem serviço telefônico,DSL,Não,Sim,Não,Sim,Sim,Não,Mês a mês,Sim,Transferência bancária,70.43,1750.34,0
Feminino,0,Não,Não,12,Sim,Não,Fibra óptica,Não,Sim,Não,Sim,Não,Sim,Um ano,Não,Cartão de crédito,39.19,533.25,0
Feminino,0,Sim,Sim,2,Sim,Não,Não,Sem serviço de internet,Sem serviço de internet,Sem serviço de internet,Sem serviço de internet,Sem serviço de internet,Sem serviço de internet,Dois anos,Sim,Transferência bancária,42.35,81.24,0
Feminino,1,Sim,Não,32,Sim,Sim,Fibra óptica,Não,Sim,Não,Não,Sim,Não,Um ano,Sim,Cartão de crédito,100.11,3020.9,0
Masculino,0,Não,Não,50,Não,Sem serviço telefônico,Não,Sem serviço de internet,Sem serviço de internet,Sem serviço de internet,Sem serviço de internet,Sem serviço de internet,Sem serviço de internet,Mês a mês,Não,Cheque enviado pelo correio,47.84,2232.33,0
Feminino,0,Não,Não,61,Sim,Sim,Não,Sem serviço de internet,Sem serviço de internet,Sem serviço de internet,Sem serviço de internet,Sem serviço de internet,Sem serviço de internet,Dois anos,Sim,Cheque eletrônico,95.94,6194.26,0
Feminino,0,Sim,Sim,11,Sim,Não,Não,Sem serviço de internet,Sem serviço de internet,Sem serviço de internet,Sem serviço de internet,Sem serviço de internet,Sem serviço de internet,Um ano,Não,Cartão de crédito,24.32,301.09,0
Masculino,0,Não,Não,68,Sim,Sim,DSL,Não,Sim,Não,Sim,Não,Sim,Um ano,Não,Cheque enviado pelo correio,72.14,4783.86,0
Feminino,0,Não,Sim,34,Sim,Não,DSL,Não,Não,Não,Não,Não,Sim,Dois anos,Não,Transferência bancária,82.64,2873.11,0
Masculino,0,Sim,Não,8,Sim,Sim,Não,Sem serviço de internet,Sem serviço de internet,Sem serviço de internet,Sem serviço de internet,Sem serviço de internet,Sem serviço de internet,Mês a mês,Sim,Cheque enviado pelo correio,96.77,845.91,0
Feminino,0,Sim,Não,8,Sim,Não,Não,Sem serviço de internet,Sem serviço de internet,Sem serviço de internet,Sem serviço de internet,Sem serviço de internet,Sem serviço de internet,Mês a mês,Sim,Cheque enviado pelo correio,94.45,764.8,1
Masculino,0,Não,Não,15,Sim,Não,Não,Sem serviço de internet,Sem serviço de internet,Sem serviço de internet,Sem serviço de internet,Sem serviço de internet,Sem serviço de internet,Mês a mês,Não,Cheque eletrônico,43.99,691.49,1
Feminino,0,Sim,Não,5,Sim,Sim,Fibra óptica,Não,Não,Não,Não,Sim,Sim,Dois anos,Sim,Transferência bancária,82.55,440.84,0
Feminino,0,Não,Não,19,Sim,Não,Fibra óptica,Não,Sim,Sim,Sim,Não,Não,Um ano,Sim,Cheque eletrônico,36.05,766.73,0
Masculino,0,Sim,Não,9,Sim,Sim,Não,Sem serviço de internet,Sem serviço de internet,Sem serviço de internet,Sem serviço de internet,Sem serviço de internet,Sem serviço de internet,Dois anos,Sim,Cheque enviado pelo correio,33.96,285.4,0
Masculino,0,Não,Não,57,Sim,Não,DSL,Não,Não,Não,Não,Sim,Não,Um ano,Não,Cheque enviado pelo correio,37.47,1846.06,0
Feminino,0,Não,Sim,54,Sim,Não,Fibra óptica,Não,Sim,Não,Não,Sim,Sim,Mês a mês,Sim,Transferência bancária,38.74,2387.8,1
Masculino,0,Sim,Não,29,Sim,Sim,Fibra óptica,Não,Não,Sim,Sim,Não,Não,Mês a mês,Sim,Transferência bancária,33.35,1111.89,0
Masculino,0,Não,Não,19,Sim,Não,Fibra óptica,Não,Não,Sim,Não,Não,Sim,Dois anos,Sim,Cartão de crédito,51.15,1086.95,0
Masculino,0,Não,Sim,46,Não,Sem serviço telefônico,Não,Sem serviço de internet,Sem serviço de internet,Sem serviço de internet,Sem serviço de internet,Sem serviço de internet,Sem serviço de internet,Dois anos,Não,Transferência bancária,89.24,3872.08,0
Masculino,0,Não,Não,62,Sim,Sim,DSL,Sim,Não,Não,Não,Não,Sim,Mês a mês,Não,Cartão de crédito,96.52,5950.31,1
Feminino,1,Não,Não,60,Sim,Sim,Fibra óptica,Sim,Não,Não,Sim,Não,Sim,Mês a mês,Sim,Cheque eletrônico,52.62,3409.5,1
Feminino,0,Sim,Sim,5,Sim,Sim,DSL,Sim,Não,Sim,Não,Sim,Sim,Mês a mês,Sim,Cheque enviado pelo correio,90.72,410.37,1
Masculino,0,Não,Não,33,Sim,Sim,Não,Sem serviço de internet,Sem serviço de internet,Sem serviço de internet,Sem serviço de internet,Sem serviço de internet,Sem serviço de internet,Mês a mês,Sim,Cartão de crédito,95.08,3523.8,0
Masculino,0,Sim,Não,55,Sim,Não,Fibra óptica,Não,Sim,Não,Não,Sim,Sim,Mês a mês,Sim,Cheque eletrônico,56.71,3441.04,1
Masculino,0,Sim,Não,19,Sim,Não,Fibra óptica,Não,Não,Sim,Sim,Sim,Não,Mês a mês,Não,Transferência bancária,117.48,2367.01,1
Masculino,1,Sim,Sim,17,Sim,Não,DSL,Não,Não,Não,Não,Não,Sim,Um ano,Não,Cheque eletrônico,73.26,1380.1,0
Feminino,0,Sim,Sim,42,Sim,Não,DSL,Sim,Sim,Não,Não,Sim,Não,Mês a mês,Sim,Cheque enviado pelo correio,88.11,3761.19,1
Feminino,0,Sim,Sim,22,Sim,Não,Não,Sem serviço de internet,Sem serviço de internet,Sem serviço de internet,Sem serviço de internet,Sem serviço de internet,Sem serviço de internet,Dois anos,Não,Cheque enviado pelo correio,28.06,546.71,0
Masculino,0,Não,Não,39,Sim,Sim,Fibra óptica,Não,Não,Não,Não,Não,Não,Dois anos,Sim,Cartão de crédito,74.43,2675.84,0
Masculino,0,Não,Não,27,Sim,Sim,Fibra óptica,Não,Sim,Não,Não,Não,Não,Mês a mês,Sim,Transferência bancária,91.28,2531.5,0
Masculino,0,Sim,Não,46,Sim,Não,Fibra óptica,Não,Não,Não,Não,Não,Não,Mês a mês,Sim,Cheque eletrônico,71.17,3735.66,0
Feminino,1,Sim,Não,28,Sim,Sim,DSL,Sim,Não,Não,Não,Não,Não,Um ano,Não,Cheque eletrônico,102.84,2461.64,0
Masculino,0,Não,Sim,52,Sim,Sim,Não,Sem serviço de internet,Sem serviço de internet,Sem serviço de internet,Sem serviço de internet,Sem serviço de internet,Sem serviço de internet,Dois anos,Sim,Cheque enviado pelo correio,25.39,1382.84,0
Feminino,0,Sim,Não,65,Sim,Sim,Fibra óptica,Não,Não,Não,Não,Sim,Não,Mês a mês,Não,Cheque enviado pelo correio,106.73,7491.54,1
Masculino,1,Sim,Não,39,Sim,Sim,DSL,Não,Sim,Não,Não,Sim,Não,Um ano,Não,Cartão de crédito,95.06,4105.94,0
Feminino,0,Não,Não,18,Sim,Não,Não,Sem serviço de internet,Sem serviço de internet,Sem serviço de internet,Sem serviço de internet,Sem serviço de internet,Sem serviço de internet,Dois anos,Sim,Cartão de crédito,18.36,374.86,0
Masculino,0,Sim,Não,22,Sim,Não,Fibra óptica,Sim,Sim,Sim,Sim,Não,Sim,Um ano,Não,Cheque enviado pelo correio,26.2,508.29,0
Feminino,0,Sim,Não,68,Sim,Sim,DSL,Não,Sim,Sim,Não,Não,Sim,Um ano,Sim,Transferência bancária,28.56,1753.99,0
Masculino,0,Não,Não,11,Sim,Não,Fibra óptica,Não,Não,Não,Sim,Não,Não,Dois anos,Não,Cheque enviado pelo correio,59.0,575.52,0
Masculino,0,Não,Sim,64,Sim,Não,DSL,Não,Não,Sim,Sim,Sim,Sim,Um ano,Não,Cheque eletrônico,31.69,2252.04,0
Masculino,0,Sim,Não,71,Não,Sem serviço telefônico,Fibra óptica,Sim,Sim,Sim,Sim,Não,Não,Mês a mês,Sim,Cheque enviado pelo correio,22.07,1393.86,0
Feminino,0,Não,Não,57,Sim,Sim,DSL,Não,Não,Sim,Não,Não,Não,Dois anos,Não,Cartão de crédito,100.39,4918.88,0
Masculino,0,Não,Sim,35,Sim,Sim,Fibra óptica,Não,Sim,Sim,Não,Não,Sim,Mês a mês,Sim,Cheque enviado pelo correio,39.49,1182.73,1
Feminino,0,Sim,Não,37,Sim,Sim,DSL,Não,Não,Não,Não,Sim,Sim,Dois anos,Sim,Cheque enviado pelo correio,78.36,2821.28,0
Feminino,0,Sim,Sim,50,Sim,Não,DSL,Não,Não,Não,Sim,Não,Sim,Um ano,Não,Cheque eletrônico,76.9,3974.88,0
Masculino,0,Sim,Sim,30,Sim,Sim,DSL,Não,Não,Sim,Não,Não,Sim,Um ano,Sim,Transferência bancária,98.33,2709.26,0
Masculino,0,Sim,Não,17,Sim,Não,Não,Sem serviço de internet,Sem serviço de internet,Sem serviço de internet,Sem serviço de internet,Sem serviço de internet,Sem serviço de internet,Um ano,Sim,Cheque enviado pelo correio,72.11,1148.42,0
Masculino,0,Sim,Sim,33,Sim,Sim,Fibra óptica,Não,Não,Não,Sim,Sim,Sim,Um ano,Não,Transferência bancária,115.23,3365.86,0
Feminino,0,Sim,Não,16,Sim,Sim,DSL,Sim,Sim,Não,Sim,Não,Não,Mês a mês,Não,Cartão de crédito,71.06,1123.44,0
Masculino,0,Sim,Não,15,Sim,Não,DSL,Não,Não,Não,Não,Sim,Não,Dois anos,Sim,Cheque eletrônico,85.36,1280.08,0
Feminino,0,Não,Sim,13,Sim,Sim,Fibra óptica,Não,Não,Não,Não,Não,Não,Um ano,Não,Cartão de crédito,108.63,1483.5,0
Feminino,0,Não,Não,3,Sim,Sim,DSL,Sim,Não,Não,Não,Não,Não,Um ano,Não,Cheque eletrônico,90.02,273.84,0
Masculino,0,Não,Não,24,Não,Sem serviço telefônico,Fibra óptica,Não,Sim,Não,Sim,Não,Sim,Um ano,Sim,Cartão de crédito,90.94,2031.28,0
Masculino,0,Não,Sim,23,Sim,Sim,Fibra óptica,Não,Não,Não,Sim,Sim,Não,Mês a mês,Sim,Transferência bancária,23.8,609.59,1
Masculino,0,Não,Não,59,Sim,Sim,Fibra óptica,Não,Não,Não,Não,Sim,Não,Dois anos,Sim,Cheque enviado pelo correio,26.43,1484.15,0
Masculino,0,Não,Não,55,Sim,Sim,Não,Sem serviço de internet,Sem serviço de internet,Sem serviço de internet,Sem serviço de internet,Sem serviço de internet,Sem serviço de internet,Mês a mês,Sim,Cheque enviado pelo correio,45.46,2650.79,0
Masculino,0,Sim,Sim,65,Sim,Não,Fibra óptica,Sim,Não,Não,Não,Não,Não,Mês a mês,Sim,Cheque eletrônico,74.28,5136.28,0
Masculino,0,Sim,Não,32,Sim,Sim,Fibra óptica,Não,Sim,Não,Não,Sim,Não,Mês a mês,Sim,Transferência bancária,106.45,3008.22,1
Feminino,1,Não,Sim,60,Sim,Não,DSL,Sim,Sim,Não,Não,Sim,Sim,Mês a mês,Não,Cartão de crédito,26.76,1621.49,0
Feminino,0,Sim,Sim,30,Não,Sem serviço telefônico,Não,Sem serviço de internet,Sem serviço de internet,Sem serviço de internet,Sem serviço de internet,Sem serviço de internet,Sem serviço de internet,Dois anos,Não,Transferência bancária,32.21,941.96,0
Feminino,0,Sim,Não,66,Sim,Sim,Fibra óptica,Não,Não,Não,Sim,Não,Sim,Dois anos,Sim,Cheque eletrônico,70.88,5210.79,0
Masculino,0,Não,Sim,18,Sim,Sim,Não,Sem serviço de internet,Sem serviço de internet,Sem serviço de internet,Sem serviço de internet,Sem serviço de internet,Sem serviço de internet,Dois anos,Sim,Transferência bancária,31.81,554.28,0
Feminino,0,Não,Não,59,Sim,Sim,Fibra óptica,Não,Sim,Não,Não,Não,Sim,Mês a mês,Não,Cheque eletrônico,64.88,3383.58,0
Feminino,0,Não,Não,53,Sim,Sim,DSL,Não,Não,Não,Não,Sim,Não,Um ano,Não,Cheque eletrônico,108.34,6394.55,1
Feminino,0,Sim,Sim,64,Sim,Não,Fibra óptica,Não,Sim,Não,Sim,Não,Sim,Mês a mês,Sim,Transferência bancária,92.68,6630.75,1
Feminino,0,Sim,Não,30,Sim,Sim,Fibra óptica,Sim,Não,Não,Sim,Não,Não,Um ano,Sim,Cheque eletrônico,92.66,2968.3,0
Feminino,0,Não,Não,18,Sim,Sim,DSL,Não,Não,Não,Não,Não,Não,Mês a mês,Não,Cheque enviado pelo correio,59.72,1100.64,0
Masculino,0,Sim,Não,5,Não,Sem serviço telefônico,Fibra óptica,Não,Não,Não,Não,Não,Não,Um ano,Não,Cheque enviado pelo correio,85.48,467.98,1
Masculino,0,Sim,Não,69,Sim,Sim,Fibra óptica,Sim,Sim,Não,Não,Não,Sim,Um ano,Sim,Cheque eletrônico,91.69,5673.9,1
Feminino,0,Não,Sim,8,Sim,Sim,DSL,Não,Sim,Sim,Sim,Não,Não,Dois anos,Sim,Cartão de crédito,20.02,168.73,1
Feminino,0,Não,Não,9,Não,Sem serviço telefônico,Não,Sem serviço de internet,Sem serviço de internet,Sem serviço de internet,Sem serviço de internet,Sem serviço de internet,Sem serviço de internet,Dois anos,Não,Cartão de crédito,99.44,804.88,0
Feminino,0,Não,Não,32,Sim,Sim,Fibra óptica,Sim,Sim,Não,Não,Sim,Não,Um ano,Não,Cheque enviado pelo correio,107.2,3700.6,1
Masculino,0,Não,Sim,14,Sim,Sim,Fibra óptica,Não,Não,Não,Não,Sim,Sim,Mês a mês,Sim,Cheque enviado pelo correio,30.12,375.77,1
Masculino,0,Sim,Não,13,Sim,Sim,DSL,Sim,Não,Sim,Não,Não,Não,Mês a mês,Não,Cheque eletrônico,102.09,1418.13,0
Feminino,1,Sim,Não,18,Sim,Sim,DSL,Não,Não,Não,Não,Sim,Sim,Dois anos,Não,Transferência bancária,53.82,857.77,0
Masculino,1,Sim,Não,68,Sim,Sim,DSL,Sim,Sim,Não,Sim,Não,Não,Mês a mês,Sim,Cheque enviado pelo correio,49.8,3680.06,0
Masculino,0,Não,Não,22,Sim,Sim,DSL,Não,Não,Sim,Sim,Não,Não,Mês a mês,Não,Cartão de crédito,78.5,1549.75,0
Feminino,0,Não,Sim,20,Sim,Não,DSL,Não,Não,Não,Não,Sim,Não,Mês a mês,Sim,Transferência bancária,99.22,1946.08,0
Masculino,0,Sim,Sim,15,Sim,Não,Fibra óptica,Não,Não,Não,Não,Não,Não,Mês a mês,Sim,Cheque eletrônico,57.68,960.23,0
Masculino,0,Não,Sim,7,Sim,Não,Não,Sem serviço de internet,Sem serviço de internet,Sem serviço de internet,Sem serviço de internet,Sem serviço de internet,Sem serviço de internet,Mês a mês,Sim,Cheque eletrônico,81.3,609.91,0
Feminino,0,Sim,Não,30,Sim,Sim,Fibra óptica,Sim,Sim,Não,Não,Sim,Não,Dois anos,Sim,Cheque eletrônico,100.87,3351.23,0
Masculino,0,Não,Sim,5,Sim,Sim,Fibra óptica,Não,Não,Não,Não,Não,Não,Dois anos,Não,Cheque eletrônico,96.4,504.35,0
Masculino,1,Não,Não,1,Sim,Não,Fibra óptica,Sim,Não,Sim,Sim,Sim,Não,Mês a mês,Sim,Cheque eletrônico,45.62,44.01,1
Feminino,0,Sim,Não,60,Sim,Não,Fibra óptica,Não,Sim,Não,Não,Não,Não,Dois anos,Sim,Cheque enviado pelo correio,88.6,5072.82,0
Masculino,0,Sim,Sim,31,Sim,Não,Fibra óptica,Não,Não,Não,Não,Sim,Sim,Dois anos,Sim,Transferência bancária,81.76,2264.56,0
Masculino,0,Sim,Não,20,Sim,Sim,DSL,Não,Sim,Não,Não,Não,Sim,Mês a mês,Sim,Cartão de crédito,87.08,1710.73,1
Feminino,0,Sim,Não,64,Sim,Sim,DSL,Não,Sim,Não,Não,Não,Não,Mês a mês,Sim,Cheque enviado pelo correio,60.44,4332.61,0
Feminino,0,Sim,Sim,64,Sim,Não,Não,Sem serviço de internet,Sem serviço de internet,Sem serviço de internet,Sem serviço de internet,Sem serviço de internet,Sem serviço de internet,Mês a mês,Não,Cartão de crédito,20.04,1385.92,1
Feminino,0,Não,Sim,29,Sim,Não,DSL,Não,Não,Não,Sim,Sim,Sim,Mês a mês,Sim,Cheque eletrônico,52.09,1300.53,0
Masculino,0,Sim,Sim,10,Sim,Sim,Fibra óptica,Não,Sim,Sim,Não,Sim,Sim,Mês a mês,Sim,Cheque eletrônico,91.77,832.74,1
Feminino,0,Não,Sim,29,Sim,Não,DSL,Não,Não,Sim,Não,Não,Sim,Mês a mês,Não,Cheque enviado pelo correio,95.46,2905.59,1
Masculino,1,Sim,Não,31,Sim,Sim,Fibra óptica,Sim,Não,Sim,Não,Sim,Não,Mês a mês,Não,Cheque enviado pelo correio,105.0,2981.5,1
Feminino,0,Sim,Não,30,Sim,Não,Fibra óptica,Não,Não,Sim,Sim,Não,Não,Mês a mês,Não,Cheque eletrônico,41.09,1198.68,1
Masculino,0,Sim,Não,25,Sim,Sim,Não,Sem serviço de internet,Sem serviço de internet,Sem serviço de internet,Sem serviço de internet,Sem serviço de internet,Sem serviço de internet,Mês a mês,Não,Cheque eletrônico,83.14,2342.04,1
Feminino,0,Não,Não,58,Sim,Não,DSL,Não,Sim,Sim,Não,Sim,Não,Mês a mês,Sim,Cheque eletrônico,38.12,2494.51,0
Feminino,0,Sim,Sim,57,Sim,Não,DSL,Sim,Não,Não,Não,Não,Não,Dois anos,Não,Cheque eletrônico,35.05,1855.9,0
Feminino,0,Não,Não,63,Sim,Sim,Não,Sem serviço de internet,Sem serviço de internet,Sem serviço de internet,Sem serviço de internet,Sem serviço de internet,Sem serviço de internet,Mês a mês,Sim,Cheque eletrônico,88.06,5687.22,0
Feminino,1,Não,Sim,37,Sim,Sim,Fibra óptica,Sim,Não,Não,Não,Sim,Sim,Um ano,Não,Cheque enviado pelo correio,35.38,1388.2,0
Masculino,0,Não,Sim,58,Sim,Sim,Não,Sem serviço de internet,Sem serviço de internet,Sem serviço de internet,Sem serviço de internet,Sem serviço de internet,Sem serviço de internet,Mês a mês,Sim,Cheque eletrônico,21.23,1126.96,0
Feminino,1,Não,Não,28,Sim,Sim,Não,Sem serviço de internet,Sem serviço de internet,Sem serviço de internet,Sem serviço de internet,Sem serviço de internet,Sem serviço de internet,Mês a mês,Não,Cheque enviado pelo correio,78.63,1930.1,1
Feminino,0,Sim,Não,27,Sim,Não,Não,Sem serviço de internet,Sem serviço de internet,Sem serviço de internet,Sem serviço de internet,Sem serviço de internet,Sem serviço de internet,Dois anos,Não,Cheque eletrônico,21.42,548.43,0
Masculino,0,Não,Não,70,Sim,Sim,Fibra óptica,Não,Não,Sim,Sim,Não,Não,Dois anos,Sim,Cheque enviado pelo correio,71.67,5706.23,0
Feminino,1,Não,Não,37,Sim,Sim,Não,Sem serviço de internet,Sem serviço de internet,Sem serviço de internet,Sem serviço de internet,Sem serviço de internet,Sem serviço de internet,Mês a mês,Sim,Transferência bancária,98.49,4016.35,0
Masculino,0,Não,Não,6,Sim,Não,Fibra óptica,Sim,Não,Sim,Não,Não,Sim,Dois anos,Sim,Cartão de crédito,22.41,118.85,0
Feminino,0,Sim,Não,62,Sim,Sim,DSL,Sim,Não,Sim,Não,Sim,Não,Mês a mês,Não,Cartão de crédito,85.0,5864.42,1
Feminino,0,Não,Não,33,Sim,Sim,Fibra óptica,Não,Não,Não,Sim,Sim,Sim,Mês a mês,Sim,Transferência bancária,25.28,874.73,0
Feminino,0,Sim,Não,40,Sim,Não,Não,Sem serviço de internet,Sem serviço de internet,Sem serviço de internet,Sem serviço de internet,Sem serviço de internet,Sem serviço de internet,Dois anos,Não,Cartão de crédito,80.27,3205.07,0
Masculino,0,Sim,Não,41,Sim,Não,Fibra óptica,Não,Sim,Não,Não,Sim,Sim,Mês a mês,Sim,Cheque enviado pelo correio,105.1,4352.69,0
Feminino,1,Não,Sim,42,Sim,Sim,DSL,Não,Não,Sim,Não,Sim,Não,Mês a mês,Não,Transferência bancária,60.95,2743.83,0
Feminino,0,Não,Não,9,Sim,Sim,Não,Sem serviço de internet,Sem serviço de internet,Sem serviço de internet,Sem serviço de internet,Sem serviço de internet,Sem serviço de internet,Dois anos,Sim,Cartão de crédito,55.79,502.34,0
Feminino,0,Não,Não,18,Sim,Não,Fibra óptica,Sim,Sim,Não,Não,Não,Não,Mês a mês,Sim,Transferência bancária,100.25,1817.86,1
Masculino,1,Não,Não,15,Não,Sem serviço telefônico,Fibra óptica,Não,Sim,Não,Sim,Sim,Sim,Um ano,Sim,Cheque eletrônico,80.76,1149.56,1
Masculino,0,Sim,Não,4,Sim,Não,Fibra óptica,Não,Sim,Sim,Não,Não,Não,Mês a mês,Não,Cartão de crédito,63.0,271.4,0
Feminino,0,Sim,Não,34,Sim,Não,Fibra óptica,Não,Sim,Não,Sim,Não,Não,Mês a mês,Não,Cheque enviado pelo correio,80.9,2610.59,0
Masculino,0,Não,Sim,62,Sim,Sim,DSL,Não,Sim,Não,Sim,Não,Sim,Mês a mês,Não,Cheque eletrônico,48.12,3322.74,1
Feminino,0,Sim,Sim,38,Sim,Não,DSL,Sim,Não,Não,Não,Não,Não,Mês a mês,Sim,Cartão de crédito,109.21,4479.05,0
Feminino,0,Não,Não,71,Sim,Sim,Fibra óptica,Sim,Sim,Sim,Sim,Sim,Sim,Mês a mês,Não,Cheque enviado pelo correio,18.64,1316.09,0
Feminino,1,Sim,Não,23,Sim,Sim,DSL,Não,Não,Não,Não,Não,Não,Mês a mês,Sim,Transferência bancária,44.84,1054.47,0
Feminino,0,Sim,Não,20,Sim,Sim,Fibra óptica,Sim,Não,Não,Não,Sim,Não,Dois anos,Não,Cartão de crédito,101.83,2307.63,0
Feminino,0,Não,Não,56,Sim,Sim,Não,Sem serviço de internet,Sem serviço de internet,Sem serviço de internet,Sem serviço de internet,Sem serviço de internet,Sem serviço de internet,Dois anos,Não,Cheque eletrônico,37.89,2120.13,0
Feminino,0,Sim,Não,53,Sim,Não,Não,Sem serviço de internet,Sem serviço de internet,Sem serviço de internet,Sem serviço de internet,Sem serviço de internet,Sem serviço de internet,Dois anos,Sim,Transferência bancária,41.48,2379.4,0
Feminino,0,Não,Sim,2,Sim,Não,DSL,Não,Não,Não,Sim,Não,Não,Mês a mês,Não,Cheque eletrônico,74.17,134.35,1
Masculino,0,Sim,Não,21,Sim,Sim,Não,Sem serviço de internet,Sem serviço de internet,Sem serviço de internet,Sem serviço de internet,Sem serviço de internet,Sem serviço de internet,Mês a mês,Não,Transferência bancária,85.61,1687.31,1
Masculino,0,Sim,Não,42,Sim,Sim,Não,Sem serviço de internet,Sem serviço de internet,Sem serviço de internet,Sem serviço de internet,Sem serviço de internet,Sem serviço de internet,Mês a mês,Sim,Cheque enviado pelo correio,22.18,828.05,0
Masculino,0,Não,Não,57,Sim,Não,DSL,Sim,Não,Não,Sim,Não,Não,Mês a mês,Sim,Cartão de crédito,100.83,5548.8,0
Masculino,0,Sim,Não,49,Não,Sem serviço telefônico,Não,Sem serviço de internet,Sem serviço de internet,Sem serviço de internet,Sem serviço de internet,Sem serviço de internet,Sem serviço de internet,Mês a mês,Sim,Cartão de crédito,74.83,4140.51,0
Masculino,0,Não,Não,10,Não,Sem serviço telefônico,Não,Sem serviço de internet,Sem serviço de internet,Sem serviço de internet,Sem serviço de internet,Sem serviço de internet,Sem serviço de internet,Mês a mês,Não,Transferência bancária,22.77,197.54,1
Masculino,0,Sim,Não,72,Sim,Sim,Fibra óptica,Sim,Não,Não,Não,Sim,Não,Um ano,Não,Transferência bancária,71.9,5544.97,0
Masculino,0,Sim,Não,61,Sim,Não,DSL,Não,Não,Não,Não,Sim,Sim,Um ano,Sim,Cheque eletrônico,34.38,2314.87,0
Feminino,0,Não,Não,21,Sim,Sim,Fibra óptica,Não,Não,Não,Não,Não,Não,Mês a mês,Sim,Cheque enviado pelo correio,32.1,679.01,1
Feminino,0,Não,Não,60,Sim,Sim,DSL,Não,Não,Sim,Não,Sim,Não,Mês a mês,Não,Cheque eletrônico,74.11,4738.31,0
Feminino,0,Sim,Não,13,Sim,Não,DSL,Sim,Sim,Não,Não,Sim,Não,Mês a mês,Sim,Cheque eletrônico,88.64,1296.14,0
Feminino,0,Não,Sim,48,Sim,Não,Não,Sem serviço de internet,Sem serviço de internet,Sem serviço de internet,Sem serviço de internet,Sem serviço de internet,Sem serviço de internet,Dois anos,Sim,Transferência bancária,46.6,2323.87,1
Masculino,0,Não,Não,40,Sim,Sim,DSL,Não,Não,Não,Sim,Não,Não,Um ano,Sim,Cheque eletrônico,108.9,4903.52,0
Masculino,0,Sim,Não,63,Não,Sem serviço telefônico,DSL,Não,Não,Não,Sim,Não,Não,Mês a mês,Não,Cheque eletrônico,60.12,3513.6,1
Feminino,0,Sim,Sim,9,Sim,Sim,Fibra óptica,Não,Não,Não,Sim,Não,Não,Mês a mês,Sim,Cheque eletrônico,54.58,420.19,1
Feminino,0,Não,Não,57,Sim,Não,Fibra óptica,Não,Sim,Não,Não,Não,Não,Dois anos,Não,Cheque eletrônico,75.62,3888.55,0
Masculino,0,Sim,Não,51,Sim,Não,DSL,Não,Não,Não,Sim,Não,Não,Dois anos,Não,Cheque eletrônico,96.45,5565.2,0
Feminino,0,Sim,Sim,40,Sim,Não,Não,Sem serviço de internet,Sem serviço de internet,Sem serviço de internet,Sem serviço de internet,Sem serviço de internet,Sem serviço de internet,Um ano,Não,Cheque eletrônico,25.99,1034.46,0
Feminino,0,Não,Sim,64,Sim,Não,DSL,Não,Sim,Não,Não,Não,Sim,Mês a mês,Não,Cheque enviado pelo correio,102.82,6514.6,0
Feminino,1,Sim,Não,70,Sim,Sim,Não,Sem serviço de internet,Sem serviço de internet,Sem serviço de internet,Sem serviço de internet,Sem serviço de internet,Sem serviço de internet,Um ano,Sim,Cheque eletrônico,67.94,5252.42,0
Feminino,1,Não,Sim,64,Sim,Não,Não,Sem serviço de internet,Sem serviço de internet,Sem serviço de internet,Sem serviço de internet,Sem serviço de internet,Sem serviço de internet,Um ano,Sim,Cheque enviado pelo correio,70.13,4912.45,0
Masculino,0,Não,Não,25,Sim,Não,Fibra óptica,Não,Sim,Não,Não,Não,Não,Um ano,Sim,Cheque eletrônico,101.13,2493.46,0
Feminino,0,Não,Não,28,Sim,Sim,Fibra óptica,Sim,Não,Sim,Não,Não,Sim,Dois anos,Não,Cheque eletrônico,73.8,2216.38,0
Feminino,0,Não,Não,10,Sim,Sim,DSL,Sim,Sim,Não,Não,Sim,Sim,Mês a mês,Sim,Cartão de crédito,62.65,628.2,1
Masculino,0,Sim,Sim,28,Sim,Não,Fibra óptica,Sim,Não,Não,Não,Não,Não,Mês a mês,Sim,Cheque eletrônico,100.78,2678.41,1
Masculino,0,Sim,Não,36,Sim,Não,Fibra óptica,Não,Não,Sim,Não,Sim,Não,Mês a mês,Sim,Cheque eletrônico,114.5,4030.51,1
Feminino,0,Sim,Não,11,Sim,Sim,Fibra óptica,Não,Não,Sim,Não,Sim,Não,Mês a mês,Não,Transferência bancária,93.04,1082.23,0
Masculino,0,Não,Sim,21,Sim,Não,Fibra óptica,Sim,Sim,Não,Não,Não,Não,Dois anos,Não,Cheque eletrônico,109.5,2135.87,0
Feminino,0,Sim,Não,26,Sim,Sim,DSL,Não,Sim,Não,Sim,Não,Sim,Mês a mês,Sim,Transferência bancária,95.74,2237.57,1
Feminino,1,Sim,Não,18,Sim,Não,Fibra óptica,Não,Não,Sim,Sim,Não,Sim,Mês a mês,Sim,Cheque enviado pelo correio,97.02,1612.72,1
Masculino,0,Não,Sim,68,Sim,Não,Fibra óptica,Não,Sim,Não,Não,Sim,Não,Dois anos,Não,Transferência bancária,40.14,3048.38,0
Feminino,0,Não,Não,41,Sim,Não,Fibra óptica,Não,Sim,Sim,Sim,Não,Não,Dois anos,Não,Cheque eletrônico,110.81,4696.44,0
Feminino,0,Sim,Não,15,Sim,Sim,DSL,Sim,Sim,Não,Sim,Não,Não,Mês a mês,Sim,Transferência bancária,29.42,417.01,0
Feminino,0,Sim,Sim,23,Sim,Não,DSL,Não,Não,Não,Não,Não,Não,Um ano,Sim,Cartão de crédito,71.14,1690.39,1
Feminino,0,Não,Não,41,Não,Sem serviço telefônico,Não,Sem serviço de internet,Sem serviço de internet,Sem serviço de internet,Sem serviço de internet,Sem serviço de internet,Sem serviço de internet,Mês a mês,Sim,Cartão de crédito,19.29,872.95,1
Masculino,0,Não,Não,6,Sim,Sim,Fibra óptica,Não,Não,Não,Não,Sim,Não,Mês a mês,Sim,Transferência bancária,54.48,317.32,1
Masculino,0,Sim,Sim,71,Sim,Não,Fibra óptica,Não,Sim,Sim,Sim,Não,Sim,Dois anos,Sim,Cheque eletrônico,86.64,5570.77,0
Feminino,0,Sim,Sim,60,Sim,Não,DSL,Não,Não,Não,Não,Sim,Não,Mês a mês,Não,Cartão de crédito,21.52,1195.42,0
Masculino,0,Não,Sim,52,Sim,Não,Fibra óptica,Sim,Não,Não,Não,Não,Não,Dois anos,Não,Cartão de crédito,25.2,1405.24,0
Feminino,1,Não,Sim,9,Sim,Não,DSL,Não,Não,Não,Não,Não,Não,Mês a mês,Sim,Cheque eletrônico,71.37,591.16,1
Feminino,0,Não,Sim,30,Sim,Não,Não,Sem serviço de internet,Sem serviço de internet,Sem serviço de internet,Sem serviço de internet,Sem serviço de internet,Sem serviço de internet,Mês a mês,Sim,Cartão de crédito,23.88,674.17,1
Feminino,0,Sim,Não,44,Sim,Não,Fibra óptica,Sim,Não,Não,Não,Não,Não,Mês a mês,Não,Cheque eletrônico,48.59,2405.99,1
Feminino,0,Sim,Sim,62,Sim,Sim,Fibra óptica,Não,Não,Não,Não,Não,Não,Dois anos,Não,Cheque enviado pelo correio,94.12,6027.06,1
Feminino,0,Não,Não,43,Sim,Não,Fibra óptica,Não,Não,Não,Sim,Sim,Sim,Um ano,Não,Cartão de crédito,49.97,1897.27,0
Masculino,0,Sim,Não,28,Sim,Não,Fibra óptica,Sim,Não,Não,Não,Sim,Não,Dois anos,Sim,Cartão de crédito,57.6,1753.84,0
Feminino,0,Sim,Não,8,Sim,Não,Fibra óptica,Não,Sim,Não,Não,Sim,Não,Mês a mês,Sim,Cheque enviado pelo correio,94.94,697.26,1
Masculino,0,Sim,Não,51,Sim,Não,Fibra óptica,Não,Sim,Não,Não,Não,Não,Mês a mês,Não,Cartão de crédito,32.85,1664.78,0
Masculino,0,Não,Não,30,Não,Sem serviço telefônico,DSL,Não,Não,Sim,Não,Sim,Não,Dois anos,Não,Cheque eletrônico,101.68,2603.72,0
Feminino,0,Não,Sim,11,Não,Sem serviço telefônico,Fibra óptica,Não,Não,Não,Não,Sim,Não,Mês a mês,Sim,Transferência bancária,18.99,237.54,1
Feminino,0,Não,Sim,20,Sim,Não,Fibra óptica,Não,Sim,Não,Sim,Não,Não,Mês a mês,Não,Cheque enviado pelo correio,41.68,915.89,0
Feminino,1,Não,Sim,31,Não,Sem serviço telefônico,DSL,Não,Não,Não,Sim,Não,Sim,Um ano,Sim,Cheque enviado pelo correio,58.55,2078.9,0
Feminino,0,Não,Não,34,Sim,Sim,DSL,Não,Não,Não,Sim,Não,Sim,Mês a mês,Sim,Cheque eletrônico,39.46,1397.13,1
Feminino,0,Não,Não,12,Sim,Não,DSL,Sim,Não,Não,Não,Não,Não,Dois anos,Não,Cheque eletrônico,101.35,1313.09,0
Masculino,0,Sim,Não,48,Não,Sem serviço telefônico,DSL,Não,Não,Sim,Não,Não,Sim,Dois anos,Não,Transferência bancária,110.88,4715.26,0
Feminino,1,Sim,Não,28,Sim,Não,DSL,Não,Sim,Não,Sim,Não,Não,Um ano,Não,Transferência bancária,47.03,1260.77,0
Feminino,0,Não,Não,67,Sim,Sim,DSL,Não,Não,Não,Não,Sim,Sim,Mês a mês,Sim,Transferência bancária,30.73,1960.17,0
Masculino,0,Sim,Sim,63,Sim,Não,DSL,Não,Não,Sim,Sim,Sim,Sim,Mês a mês,Sim,Cheque enviado pelo correio,98.94,5496.32,0
Masculino,0,Não,Não,48,Sim,Não,Fibra óptica,Sim,Não,Não,Sim,Sim,Não,Um ano,Sim,Transferência bancária,117.42,5364.81,0
Feminino,0,Sim,Não,42,Sim,Não,Não,Sem serviço de internet,Sem serviço de internet,Sem serviço de internet,Sem serviço de internet,Sem serviço de internet,Sem serviço de internet,Mês a mês,Não,Cheque enviado pelo correio,78.2,3428.59,0
Masculino,0,Sim,Sim,52,Sim,Não,Fibra óptica,Não,Sim,Sim,Não,Não,Não,Dois anos,Sim,Transferência bancária,116.53,5509.63,0
Feminino,0,Não,Sim,5,Sim,Não,Não,Sem serviço de internet,Sem serviço de internet,Sem serviço de internet,Sem serviço de internet,Sem serviço de internet,Sem serviço de internet,Mês a mês,Sim,Cheque eletrônico,20.26,94.7,1
Masculino,1,Não,Não,12,Sim,Não,Fibra óptica,Não,Não,Não,Não,Sim,Não,Mês a mês,Sim,Cheque enviado pelo correio,95.42,1085.27,1
Masculino,0,Não,Não,59,Não,Sem serviço telefônico,DSL,Sim,Não,Não,Sim,Não,Não,Um ano,Não,Cheque eletrônico,68.33,4567.71,0
Feminino,1,Não,Não,65,Sim,Não,DSL,Não,Não,Sim,Sim,Sim,Não,Mês a mês,Sim,Cartão de crédito,57.62,4062.6,1
Masculino,0,Sim,Não,52,Sim,Não,Fibra óptica,Não,Sim,Não,Não,Não,Sim,Um ano,Sim,Cartão de crédito,76.36,3532.3,0
Masculino,0,Sim,Não,43,Sim,Não,DSL,Sim,Não,Não,Não,Não,Não,Dois anos,Sim,Cheque enviado pelo correio,42.07,2033.28,0
Masculino,1,Não,Não,63,Sim,Sim,DSL,Não,Não,Não,Não,Sim,Não,Mês a mês,Sim,Cheque enviado pelo correio,65.44,4476.76,0
Masculino,0,Sim,Sim,50,Sim,Não,Fibra óptica,Não,Não,Sim,Sim,Não,Sim,Mês a mês,Sim,Cheque enviado pelo correio,68.4,3334.04,0
Masculino,0,Sim,Não,39,Sim,Não,Fibra óptica,Não,Sim,Não,Não,Não,Não,Mês a mês,Sim,Cheque eletrônico,94.09,3392.75,0
Masculino,0,Sim,Não,42,Sim,Não,Fibra óptica,Sim,Não,Não,Não,Não,Sim,Um ano,Sim,Cheque eletrônico,74.08,2953.04,0
Feminino,0,Sim,Sim,17,Sim,Sim,Fibra óptica,Não,Sim,Não,Sim,Não,Sim,Dois anos,Sim,Cartão de crédito,73.52,1246.14,0
Feminino,0,Não,Não,43,Sim,Sim,Fibra óptica,Não,Não,Não,Sim,Sim,Sim,Dois anos,Não,Cheque eletrônico,21.52,972.52,0
Masculino,0,Não,Não,49,Sim,Sim,Não,Sem serviço de internet,Sem serviço de internet,Sem serviço de internet,Sem serviço de internet,Sem serviço de internet,Sem serviço de internet,Mês a mês,Sim,Cartão de crédito,102.34,5584.74,1
Feminino,0,Não,Não,5,Sim,Sim,DSL,Sim,Sim,Não,Não,Não,Sim,Mês a mês,Não,Cheque eletrônico,62.27,272.02,1
Feminino,0,Não,Não,1,Sim,Sim,DSL,Sim,Não,Sim,Sim,Não,Sim,Dois anos,Sim,Transferência bancária,105.71,101.88,1
Feminino,0,Sim,Não,67,Sim,Não,DSL,Não,Sim,Não,Sim,Sim,Não,Mês a mês,Não,Cheque eletrônico,102.81,7063.67,1
Masculino,0,Sim,Não,24,Sim,Não,Não,Sem serviço de internet,Sem serviço de internet,Sem serviço de internet,Sem serviço de internet,Sem serviço de internet,Sem serviço de internet,Mês a mês,Sim,Transferência bancária,77.21,1939.15,0
Feminino,0,Sim,Não,29,Sim,Sim,DSL,Não,Não,Não,Não,Não,Sim,Mês a mês,Não,Transferência bancária,19.22,535.0,1
Masculino,0,Sim,Não,15,Sim,Não,DSL,Não,Sim,Não,Não,Sim,Sim,Dois anos,Não,Cartão de crédito,61.05,864.94,0
Feminino,0,Sim,Não,4,Sim,Não,Fibra óptica,Não,Sim,Não,Sim,Sim,Não,Mês a mês,Sim,Cheque eletrônico,44.31,175.42,1
Masculino,0,Sim,Não,44,Sim,Sim,DSL,Não,Não,Sim,Sim,Sim,Não,Mês a mês,Não,Transferência bancária,35.07,1475.31,0
Masculino,0,Não,Não,65,Sim,Não,DSL,Não,Não,Não,Sim,Não,Sim,Dois anos,Sim,Cheque eletrônico,71.47,4839.36,0
Feminino,1,Não,Não,31,Sim,Sim,Fibra óptica,Não,Não,Não,Não,Não,Não,Dois anos,Não,Cartão de crédito,54.77,1516.86,0
Feminino,0,Não,Sim,20,Não,Sem serviço telefônico,DSL,Sim,Não,Não,Não,Sim,Não,Mês a mês,Sim,Cheque enviado pelo correio,92.01,1686.15,1
Masculino,0,Não,Sim,10,Sim,Não,Fibra óptica,Não,Sim,Sim,Não,Sim,Não,Mês a mês,Sim,Cheque eletrônico,42.63,371.15,1
Feminino,0,Sim,Não,11,Sim,Não,Fibra óptica,Não,Sim,Não,Não,Não,Sim,Um ano,Não,Transferência bancária,73.57,747.12,0
Feminino,0,Sim,Não,28,Sim,Não,Fibra óptica,Sim,Sim,Sim,Não,Não,Sim,Mês a mês,Sim,Cheque enviado pelo correio,68.49,2038.23,1
Feminino,0,Sim,Não,38,Não,Sem serviço telefônico,DSL,Sim,Não,Não,Não,Não,Sim,Um ano,Sim,Cheque eletrônico,58.83,1935.53,0
Masculino,0,Sim,Não,24,Sim,Não,DSL,Sim,Sim,Não,Não,Não,Sim,Dois anos,Não,Cheque enviado pelo correio,104.17,2560.88,0
Masculino,0,Sim,Não,39,Sim,Não,Fibra óptica,Não,Não,Não,Sim,Não,Não,Mês a mês,Sim,Cartão de crédito,78.51,2982.68,0
Feminino,1,Sim,Não,51,Sim,Não,DSL,Não,Sim,Sim,Sim,Não,Não,Dois anos,Não,Cheque eletrônico,95.15,5282.58,0
Feminino,0,Não,Não,50,Sim,Não,DSL,Não,Não,Não,Não,Não,Sim,Dois anos,Sim,Cartão de crédito,98.98,5445.18,0
Feminino,0,Não,Não,7,Sim,Sim,Fibra óptica,Não,Não,Sim,Não,Sim,Sim,Mês a mês,Não,Cartão de crédito,32.82,260.31,1
Masculino,0,Não,Não,68,Sim,Não,Não,Sem serviço de internet,Sem serviço de internet,Sem serviço de internet,Sem serviço de internet,Sem serviço de internet,Sem serviço de internet,Dois anos,Não,Cheque enviado pelo correio,25.36,1692.85,0
Masculino,1,Sim,Não,53,Sim,Não,Fibra óptica,Não,Não,Não,Não,Não,Sim,Mês a mês,Sim,Cheque enviado pelo correio,26.5,1590.63,0
Feminino,0,Não,Não,37,Sim,Não,Fibra óptica,Não,Não,Não,Não,Não,Não,Dois anos,Sim,Cheque enviado pelo correio,63.48,2080.1,0
Feminino,0,Não,Não,54,Sim,Não,Fibra óptica,Não,Sim,Sim,Não,Sim,Não,Um ano,Sim,Transferência bancária,56.61,2687.82,0
Feminino,0,Não,Não,55,Sim,Não,DSL,Não,Não,Sim,Não,Não,Não,Mês a mês,Não,Cheque eletrônico,112.98,5798.82,1
Feminino,0,Sim,Sim,31,Sim,Não,Fibra óptica,Sim,Não,Sim,Sim,Sim,Não,Mês a mês,Sim,Cheque eletrônico,60.81,2074.5,1
Feminino,0,Não,Sim,65,Sim,Sim,DSL,Não,Não,Não,Não,Sim,Sim,Mês a mês,Sim,Cheque enviado pelo correio,32.65,1848.39,0
Feminino,0,Não,Não,59,Sim,Sim,Não,Sem serviço de internet,Sem serviço de internet,Sem serviço de internet,Sem serviço de internet,Sem serviço de internet,Sem serviço de internet,Mês a mês,Sim,Cheque enviado pelo correio,34.45,1918.36,1
Masculino,0,Sim,Sim,47,Sim,Não,Fibra óptica,Não,Não,Não,Não,Não,Não,Dois anos,Sim,Transferência bancária,51.88,2745.98,0
Feminino,0,Sim,Não,49,Sim,Não,Não,Sem serviço de internet,Sem serviço de internet,Sem serviço de internet,Sem serviço de internet,Sem serviço de internet,Sem serviço de internet,Mês a mês,Não,Cheque eletrônico,103.01,5138.92,0
Masculino,0,Sim,Sim,18,Sim,Sim,DSL,Sim,Não,Sim,Não,Não,Sim,Dois anos,Sim,Transferência bancária,87.01,1348.98,0
Feminino,0,Não,Não,3,Sim,Não,Fibra óptica,Não,Não,Não,Não,Sim,Não,Mês a mês,Sim,Cheque eletrônico,94.97,266.46,1
Feminino,0,Não,Sim,18,Sim,Não,DSL,Sim,Não,Não,Não,Sim,Não,Mês a mês,Não,Cheque enviado pelo correio,49.45,929.38,1
Masculino,0,Sim,Sim,58,Não,Sem serviço telefônico,Fibra óptica,Sim,Sim,Não,Sim,Não,Não,Mês a mês,Não,Cheque eletrônico,68.25,3387.61,1
Masculino,0,Sim,Sim,71,Sim,Não,DSL,Não,Sim,Não,Sim,Não,Não,Um ano,Não,Cartão de crédito,107.84,7629.58,0
Masculino,0,Não,Não,25,Sim,Sim,Não,Sem serviço de internet,Sem serviço de internet,Sem serviço de internet,Sem serviço de internet,Sem serviço de internet,Sem serviço de internet,Mês a mês,Sim,Cheque enviado pelo correio,85.59,2457.07,0
Masculino,0,Sim,Não,18,Sim,Sim,Não,Sem serviço de internet,Sem serviço de internet,Sem serviço de internet,Sem serviço de internet,Sem serviço de internet,Sem serviço de internet,Mês a mês,Não,Cheque eletrônico,88.26,1509.38,1
Feminino,0,Sim,Não,52,Sim,Não,Fibra óptica,Sim,Não,Sim,Não,Não,Não,Dois anos,Sim,Cheque eletrônico,32.41,1548.64,0
Masculino,0,Sim,Não,43,Sim,Sim,Fibra óptica,Sim,Não,Não,Não,Sim,Não,Dois anos,Não,Cartão de crédito,82.2,3092.0,0
Feminino,0,Não,Não,67,Sim,Sim,Não,Sem serviço de internet,Sem serviço de internet,Sem serviço de internet,Sem serviço de internet,Sem serviço de internet,Sem serviço de internet,Mês a mês,Sim,Cartão de crédito,81.19,4666.42,0
Masculino,0,Não,Não,7,Sim,Não,Não,Sem serviço de internet,Sem serviço de internet,Sem serviço de internet,Sem serviço de internet,Sem serviço de internet,Sem serviço de internet,Mês a mês,Sim,Transferência bancária,94.6,723.97,1
Feminino,0,Sim,Não,44,Sim,Não,DSL,Sim,Não,Sim,Não,Sim,Não,Mês a mês,Não,Transferência bancária,84.72,3476.64,0
Feminino,0,Não,Sim,44,Sim,Não,DSL,Não,Não,Não,Sim,Sim,Não,Um ano,Não,Cheque eletrônico,88.51,3346.31,0
Feminino,1,Não,Sim,51,Sim,Sim,DSL,Sim,Não,Não,Não,Sim,Não,Um ano,Sim,Transferência bancária,98.65,5143.77,0
Feminino,0,Sim,Não,21,Sim,Não,DSL,Não,Não,Não,Não,Não,Sim,Mês a mês,Sim,Cheque eletrônico,93.53,1795.14,1
Feminino,1,Não,Sim,37,Sim,Sim,Não,Sem serviço de internet,Sem serviço de internet,Sem serviço de internet,Sem serviço de internet,Sem serviço de internet,Sem serviço de internet,Um ano,Sim,Cartão de crédito,86.5,2818.46,0
Feminino,0,Sim,Não,28,Sim,Sim,Fibra óptica,Não,Não,Não,Não,Sim,Não,Um ano,Não,Cheque enviado pelo correio,59.78,1624.26,0
Masculino,1,Não,Não,32,Sim,Sim,DSL,Não,Não,Não,Não,Sim,Não,Dois anos,Não,Cartão de crédito,30.29,854.25,0
Feminino,0,Sim,Não,57,Sim,Não,DSL,Não,Não,Sim,Sim,Não,Não,Dois anos,Sim,Cheque enviado pelo correio,49.8,2495.65,0
Masculino,0,Não,Sim,41,Sim,Não,Não,Sem serviço de internet,Sem serviço de internet,Sem serviço de internet,Sem serviço de internet,Sem serviço de internet,Sem serviço de internet,Dois anos,Sim,Cheque eletrônico,87.99,3561.99,0
Masculino,0,Sim,Não,54,Sim,Não,Não,Sem serviço de internet,Sem serviço de internet,Sem serviço de internet,Sem serviço de internet,Sem serviço de internet,Sem serviço de internet,Mês a mês,Não,Cartão de crédito,116.49,5585.46,0
Feminino,0,Não,Não,27,Sim,Sim,Fibra óptica,Não,Não,Não,Sim,Não,Sim,Um ano,Não,Cartão de crédito,38.61,1053.12,0
Masculino,0,Sim,Não,40,Sim,Não,Não,Sem serviço de internet,Sem serviço de internet,Sem serviço de internet,Sem serviço de internet,Sem serviço de internet,Sem serviço de internet,Um ano,Não,Cheque eletrônico,33.25,1410.91,0
Feminino,0,Não,Não,41,Sim,Sim,Não,Sem serviço de internet,Sem serviço de internet,Sem serviço de internet,Sem serviço de internet,Sem serviço de internet,Sem serviço de internet,Dois anos,Sim,Cheque eletrônico,66.68,2520.13,0
Masculino,0,Sim,Sim,70,Sim,Não,Fibra óptica,Não,Sim,Não,Não,Não,Não,Mês a mês,Sim,Cheque eletrônico,98.35,7404.99,1
Feminino,0,Não,Não,24,Sim,Não,Não,Sem serviço de internet,Sem serviço de internet,Sem serviço de internet,Sem serviço de internet,Sem serviço de internet,Sem serviço de internet,Mês a mês,Sim,Transferência bancária,24.3,534.22,0
Masculino,0,Não,Não,18,Sim,Sim,DSL,Não,Não,Não,Não,Sim,Sim,Mês a mês,Não,Cheque eletrônico,103.8,2072.73,1
Feminino,0,Sim,Sim,56,Sim,Sim,Fibra óptica,Sim,Não,Não,Sim,Sim,Sim,Um ano,Sim,Cartão de crédito,35.67,1739.85,0
Feminino,0,Não,Sim,15,Sim,Não,Não,Sem serviço de internet,Sem serviço de internet,Sem serviço de internet,Sem serviço de internet,Sem serviço de internet,Sem serviço de internet,Mês a mês,Sim,Cartão de crédito,72.45,1211.93,0
Feminino,0,Sim,Não,72,Sim,Sim,Não,Sem serviço de internet,Sem serviço de internet,Sem serviço de internet,Sem serviço de internet,Sem serviço de internet,Sem serviço de internet,Mês a mês,Não,Transferência bancária,77.05,5200.23,0
Feminino,0,Não,Não,35,Sim,Sim,Fibra óptica,Não,Sim,Sim,Sim,Sim,Não,Mês a mês,Sim,Cartão de crédito,52.12,1899.71,1
Masculino,1,Não,Não,27,Sim,Sim,Não,Sem serviço de internet,Sem serviço de internet,Sem serviço de internet,Sem serviço de internet,Sem serviço de internet,Sem serviço de internet,Dois anos,Não,Cheque eletrônico,70.1,1744.5,0
Feminino,0,Sim,Sim,3,Sim,Não,Fibra óptica,Sim,Não,Não,Não,Não,Não,Mês a mês,Sim,Cheque eletrônico,57.26,161.81,1
Masculino,0,Não,Não,21,Sim,Sim,Fibra óptica,Sim,Não,Não,Não,Não,Não,Mês a mês,Sim,Cheque enviado pelo correio,110.23,2238.06,0
Masculino,0,Sim,Não,39,Sim,Não,Fibra óptica,Não,Sim,Não,Não,Sim,Não,Dois anos,Não,Cartão de crédito,20.4,781.44,0
Masculino,0,Sim,Não,32,Sim,Não,Fibra óptica,Não,Sim,Não,Sim,Sim,Sim,Mês a mês,Sim,Transferência bancária,104.83,2931.42,1
Feminino,0,Não,Não,50,Sim,Sim,Não,Sem serviço de internet,Sem serviço de internet,Sem serviço de internet,Sem serviço de internet,Sem serviço de internet,Sem serviço de internet,Mês a mês,Sim,Transferência bancária,25.71,1107.73,0
Masculino,0,Não,Não,9,Sim,Sim,DSL,Não,Não,Não,Sim,Não,Sim,Um ano,Sim,Cartão de crédito,72.42,717.1,1
Masculino,0,Sim,Sim,50,Sim,Não,DSL,Sim,Sim,Sim,Sim,Sim,Sim,Mês a mês,Sim,Transferência bancária,117.81,5966.75,1
Masculino,1,Sim,Não,1,Não,Sem serviço telefônico,Fibra óptica,Não,Sim,Não,Não,Sim,Não,Um ano,Não,Cheque enviado pelo correio,38.73,34.6,1
Feminino,0,Não,Não,4,Sim,Sim,DSL,Não,Não,Não,Sim,Não,Não,Mês a mês,Sim,Cartão de crédito,60.67,228.82,1
Feminino,0,Sim,Não,4,Sim,Sim,Fibra óptica,Não,Não,Não,Não,Sim,Sim,Um ano,Sim,Transferência bancária,63.05,220.66,0
Masculino,1,Não,Não,34,Sim,Sim,DSL,Não,Não,Não,Não,Não,Não,Mês a mês,Sim,Cartão de crédito,85.36,2607.82,1
Feminino,0,Não,Não,27,Sim,Não,Fibra óptica,Sim,Não,Não,Não,Não,Sim,Mês a mês,Não,Transferência bancária,49.26,1287.96,0
Feminino,0,Sim,Não,15,Não,Sem serviço telefônico,Fibra óptica,Sim,Sim,Não,Não,Não,Não,Mês a mês,Não,Cheque eletrônico,100.47,1537.78,0
Masculino,0,Sim,Não,32,Sim,Não,Não,Sem serviço de internet,Sem serviço de internet,Sem serviço de internet,Sem serviço de internet,Sem serviço de internet,Sem serviço de internet,Mês a mês,Não,Cheque eletrônico,39.05,1306.62,0
Masculino,0,Não,Sim,41,Sim,Não,Fibra óptica,Não,Sim,Sim,Sim,Sim,Não,Dois anos,Sim,Cheque enviado pelo correio,117.58,4985.71,1
Feminino,0,Sim,Não,71,Sim,Sim,DSL,Não,Sim,Sim,Não,Não,Não,Mês a mês,Não,Transferência bancária,102.08,6520.94,0
Masculino,0,Não,Sim,61,Sim,Sim,Fibra óptica,Sim,Não,Sim,Sim,Não,Sim,Mês a mês,Sim,Transferência bancária,21.38,1250.21,0
Feminino,0,Não,Não,63,Sim,Não,Fibra óptica,Não,Sim,Sim,Não,Não,Não,Dois anos,Não,Transferência bancária,88.06,5791.49,0
Feminino,1,Não,Sim,61,Sim,Não,Fibra óptica,Sim,Não,Não,Não,Sim,Sim,Mês a mês,Não,Cheque eletrônico,33.09,1987.49,1
Feminino,0,Sim,Não,14,Não,Sem serviço telefônico,Não,Sem serviço de internet,Sem serviço de internet,Sem serviço de internet,Sem serviço de internet,Sem serviço de internet,Sem serviço de internet,Mês a mês,Sim,Cartão de crédito,99.34,1446.22,1
Feminino,1,Sim,Não,23,Não,Sem serviço telefônico,Não,Sem serviço de internet,Sem serviço de internet,Sem serviço de internet,Sem serviço de internet,Sem serviço de internet,Sem serviço de internet,Mês a mês,Não,Cheque eletrônico,55.86,1355.62,0
Feminino,1,Não,Não,65,Sim,Sim,Fibra óptica,Não,Sim,Não,Sim,Sim,Sim,Mês a mês,Não,Transferência bancária,43.54,2676.95,0
Feminino,0,Não,Sim,32,Sim,Sim,DSL,Sim,Não,Sim,Não,Não,Não,Mês a mês,Sim,Cheque eletrônico,27.34,812.76,1
Masculino,0,Não,Não,41,Sim,Sim,DSL,Não,Não,Não,Não,Sim,Sim,Mês a mês,Não,Transferência bancária,45.19,1830.23,0
Masculino,0,Sim,Não,26,Sim,Não,Fibra óptica,Sim,Não,Não,Sim,Não,Sim,Mês a mês,Não,Cheque enviado pelo correio,23.72,607.22,1
Feminino,0,Não,Sim,48,Sim,Não,Fibra óptica,Sim,Não,Não,Não,Sim,Não,Mês a mês,Não,Cheque eletrônico,117.01,6310.39,0
Feminino,0,Sim,Não,16,Sim,Não,DSL,Sim,Não,Sim,Não,Não,Não,Mês a mês,Sim,Cheque eletrônico,44.33,798.41,0
Feminino,1,Não,Não,31,Sim,Sim,DSL,Não,Não,Não,Não,Sim,Não,Um ano,Não,Cheque enviado pelo correio,48.12,1384.7,1
Masculino,0,Não,Não,66,Sim,Não,Fibra óptica,Não,Não,Não,Sim,Sim,Não,Mês a mês,Sim,Cheque enviado pelo correio,53.33,3053.6,0
Feminino,0,Não,Não,32,Sim,Sim,DSL,Não,Sim,Não,Não,Sim,Sim,Um ano,Não,Cheque enviado pelo correio,60.47,2037.17,0
Masculino,0,Sim,Não,10,Sim,Sim,Não,Sem serviço de internet,Sem serviço de internet,Sem serviço de internet,Sem serviço de internet,Sem serviço de internet,Sem serviço de internet,Dois anos,Sim,Transferência bancária,51.28,440.28,0
Feminino,0,Não,Não,25,Não,Sem serviço telefônico,Fibra óptica,Não,Não,Sim,Não,Não,Não,Mês a mês,Não,Transferência bancária,76.29,1892.47,1
Feminino,0,Sim,Não,45,Sim,Não,Fibra óptica,Não,Sim,Não,Não,Sim,Sim,Mês a mês,Não,Cartão de crédito,79.01,3682.42,1
Masculino,0,Não,Sim,24,Sim,Não,Não,Sem serviço de internet,Sem serviço de internet,Sem serviço de internet,Sem serviço de internet,Sem serviço de internet,Sem serviço de internet,Um ano,Sim,Cheque eletrônico,22.54,489.14,0
Masculino,0,Sim,Sim,3,Sim,Sim,Fibra óptica,Não,Não,Não,Não,Não,Sim,Mês a mês,Sim,Cheque eletrônico,74.27,209.01,0
Feminino,0,Sim,Não,62,Sim,Não,DSL,Sim,Não,Sim,Não,Sim,Não,Mês a mês,Sim,Cheque eletrônico,105.17,7472.86,0
Feminino,0,Sim,Não,67,Sim,Sim,DSL,Sim,Não,Não,Não,Sim,Não,Mês a mês,Não,Cheque eletrônico,33.66,2056.03,0
Feminino,0,Não,Sim,55,Sim,Sim,Fibra óptica,Não,Não,Não,Sim,Sim,Não,Mês a mês,Sim,Cheque eletrônico,51.04,2405.27,0
Masculino,0,Não,Não,10,Sim,Não,Fibra óptica,Sim,Não,Não,Não,Não,Sim,Mês a mês,Sim,Transferência bancária,78.72,709.88,1
Masculino,0,Não,Não,55,Sim,Sim,DSL,Sim,Não,Não,Não,Não,Não,Um ano,Sim,Cheque eletrônico,80.49,3971.1,1
Masculino,0,Não,Sim,22,Sim,Sim,Fibra óptica,Não,Não,Não,Não,Sim,Sim,Mês a mês,Sim,Cheque enviado pelo correio,25.4,537.93,1
Masculino,0,Não,Sim,14,Sim,Sim,Não,Sem serviço de internet,Sem serviço de internet,Sem serviço de internet,Sem serviço de internet,Sem serviço de internet,Sem serviço de internet,Mês a mês,Não,Transferência bancária,60.62,926.92,0
Masculino,0,Sim,Não,8,Sim,Sim,DSL,Não,Sim,Sim,Não,Não,Não,Dois anos,Não,Transferência bancária,21.78,174.33,0
Masculino,1,Não,Não,15,Sim,Não,Fibra óptica,Sim,Não,Sim,Não,Não,Não,Mês a mês,Sim,Cheque enviado pelo correio,110.83,1799.8,1
Feminino,0,Não,Não,15,Sim,Não,Fibra óptica,Sim,Sim,Não,Não,Não,Não,Mês a mês,Sim,Cartão de crédito,85.7,1451.38,1
Feminino,0,Sim,Não,52,Não,Sem serviço telefônico,Não,Sem serviço de internet,Sem serviço de internet,Sem serviço de internet,Sem serviço de internet,Sem serviço de internet,Sem serviço de internet,Mês a mês,Sim,Cheque eletrônico,27.98,1259.89,0
Masculino,1,Sim,Não,70,Sim,Sim,DSL,Não,Não,Não,Não,Não,Não,Mês a mês,Sim,Cartão de crédito,83.28,5587.65,0
Feminino,0,Sim,Não,54,Sim,Não,DSL,Sim,Não,Não,Sim,Não,Sim,Mês a mês,Sim,Cheque eletrônico,27.87,1515.95,0
Feminino,0,Sim,Sim,42,Sim,Não,Fibra óptica,Sim,Não,Não,Não,Não,Não,Dois anos,Sim,Cheque enviado pelo correio,23.63,991.8,0
Masculino,1,Sim,Não,19,Sim,Não,DSL,Sim,Não,Não,Sim,Não,Sim,Mês a mês,Sim,Cheque eletrônico,39.53,823.04,0
Feminino,0,Sim,Não,40,Sim,Não,Não,Sem serviço de internet,Sem serviço de internet,Sem serviço de internet,Sem serviço de internet,Sem serviço de internet,Sem serviço de internet,Mês a mês,Não,Cartão de crédito,115.29,4390.62,0
Masculino,0,Não,Não,69,Sim,Não,DSL,Não,Não,Sim,Não,Não,Sim,Dois anos,Sim,Transferência bancária,75.91,4484.73,0
Masculino,1,Sim,Não,27,Sim,Sim,Fibra óptica,Não,Não,Não,Sim,Sim,Não,Mês a mês,Não,Transferência bancária,50.54,1358.01,1
Feminino,0,Sim,Sim,43,Sim,Não,Não,Sem serviço de internet,Sem serviço de internet,Sem serviço de internet,Sem serviço de internet,Sem serviço de internet,Sem serviço de internet,Mês a mês,Não,Cartão de crédito,24.57,1063.87,0
Masculino,0,Não,Não,52,Sim,Sim,Fibra óptica,Não,Sim,Sim,Sim,Sim,Sim,Mês a mês,Sim,Transferência bancária,19.56,1065.87,0
Masculino,0,Não,Não,46,Sim,Sim,DSL,Não,Não,Sim,Não,Não,Sim,Um ano,Sim,Cartão de crédito,107.42,5149.83,0
Masculino,0,Sim,Não,14,Sim,Sim,Não,Sem serviço de internet,Sem serviço de internet,Sem serviço de internet,Sem serviço de internet,Sem serviço de internet,Sem serviço de internet,Um ano,Não,Cheque enviado pelo correio,66.04,1056.72,0
Masculino,0,Não,Sim,64,Sim,Não,Não,Sem serviço de internet,Sem serviço de internet,Sem serviço de internet,Sem serviço de internet,Sem serviço de internet,Sem serviço de internet,Dois anos,Sim,Transferência bancária,27.12,1898.53,0
Masculino,0,Sim,Não,61,Sim,Sim,DSL,Não,Não,Não,Não,Não,Sim,Dois anos,Sim,Cheque eletrônico,72.52,4608.32,0
Masculino,1,Sim,Não,58,Sim,Não,Não,Sem serviço de internet,Sem serviço de internet,Sem serviço de internet,Sem serviço de internet,Sem serviço de internet,Sem serviço de internet,Mês a mês,Não,Cheque eletrônico,24.52,1607.08,0
Masculino,1,Sim,Sim,49,Sim,Sim,DSL,Não,Não,Sim,Não,Sim,Sim,Mês a mês,Não,Cheque enviado pelo correio,58.53,2470.96,0
Masculino,1,Não,Sim,29,Sim,Não,Fibra óptica,Não,Não,Sim,Não,Não,Sim,Dois anos,Não,Cheque eletrônico,109.08,3218.18,0
Feminino,0,Não,Não,26,Sim,Sim,Fibra óptica,Não,Não,Não,Sim,Não,Não,Dois anos,Sim,Cheque enviado pelo correio,110.62,2758.12,0
Feminino,0,Não,Sim,27,Sim,Não,Fibra óptica,Não,Sim,Não,Não,Sim,Não,Mês a mês,Não,Cheque enviado pelo correio,113.24,3479.49,1
Feminino,1,Não,Não,67,Sim,Não,DSL,Não,Sim,Não,Não,Sim,Não,Um ano,Sim,Cheque eletrônico,32.27,2008.44,0
Masculino,1,Não,Não,67,Não,Sem serviço telefônico,Fibra óptica,Não,Não,Não,Não,Não,Sim,Mês a mês,Sim,Cartão de crédito,36.34,2240.0,0
Masculino,0,Não,Não,35,Sim,Não,Não,Sem serviço de internet,Sem serviço de internet,Sem serviço de internet,Sem serviço de internet,Sem serviço de internet,Sem serviço de internet,Mês a mês,Sim,Cartão de crédito,103.1,3101.26,0
Feminino,0,Não,Não,60,Sim,Sim,Fibra óptica,Sim,Não,Não,Sim,Não,Não,Mês a mês,Não,Cheque eletrônico,28.25,1524.08,0
Feminino,0,Sim,Não,61,Sim,Não,DSL,Não,Sim,Não,Não,Sim,Não,Um ano,Sim,Cheque enviado pelo correio,19.24,1115.94,0
Feminino,0,Sim,Não,70,Sim,Sim,Não,Sem serviço de internet,Sem serviço de internet,Sem serviço de internet,Sem serviço de internet,Sem serviço de internet,Sem serviço de internet,Mês a mês,Sim,Transferência bancária,87.91,5900.91,1
Masculino,0,Não,Sim,3,Sim,Sim,DSL,Sim,Não,Não,Não,Não,Sim,Um ano,Não,Cheque enviado pelo correio,62.36,161.66,0
Feminino,1,Não,Sim,33,Sim,Não,Fibra óptica,Sim,Não,Não,Não,Sim,Não,Mês a mês,Sim,Cartão de crédito,98.36,3586.94,1
Feminino,0,Não,Sim,42,Sim,Sim,Não,Sem serviço de internet,Sem serviço de internet,Sem serviço de internet,Sem serviço de internet,Sem serviço de internet,Sem serviço de internet,Dois anos,Sim,Cartão de crédito,33.51,1313.16,0
Masculino,0,Sim,Não,13,Sim,Não,Fibra óptica,Não,Não,Não,Não,Sim,Não,Mês a mês,Não,Cheque eletrônico,61.7,837.71,0
Feminino,0,Não,Não,29,Sim,Não,Fibra óptica,Não,Sim,Sim,Sim,Não,Não,Mês a mês,Não,Cheque enviado pelo correio,99.68,3209.75,1
Masculino,0,Não,Sim,9,Sim,Não,Fibra óptica,Não,Sim,Não,Não,Sim,Não,Mês a mês,Não,Cheque enviado pelo correio,43.87,437.46,1
Masculino,0,Sim,Não,32,Sim,Não,DSL,Sim,Não,Não,Não,Não,Não,Um ano,Não,Cheque eletrônico,65.12,2014.73,0
Masculino,0,Não,Não,22,Não,Sem serviço telefônico,Não,Sem serviço de internet,Sem serviço de internet,Sem serviço de internet,Sem serviço de internet,Sem serviço de internet,Sem serviço de internet,Mês a mês,Não,Cartão de crédito,80.22,1712.0,0
Feminino,0,Não,Não,58,Sim,Sim,Fibra óptica,Sim,Não,Sim,Não,Sim,Não,Mês a mês,Não,Cheque eletrônico,90.0,5275.94,1
Feminino,0,Não,Sim,57,Sim,Não,Não,Sem serviço de internet,Sem serviço de internet,Sem serviço de internet,Sem serviço de internet,Sem serviço de internet,Sem serviço de internet,Dois anos,Não,Cheque eletrônico,70.24,3617.17,0
Masculino,0,Não,Não,10,Sim,Não,Fibra óptica,Não,Sim,Não,Sim,Não,Não,Mês a mês,Sim,Cheque eletrônico,90.29,923.48,0
Feminino,0,Sim,Não,25,Sim,Não,Fibra óptica,Não,Não,Sim,Não,Sim,Sim,Mês a mês,Sim,Cheque enviado pelo correio,93.29,2677.99,0
Feminino,0,Sim,Sim,62,Sim,Não,DSL,Não,Não,Não,Sim,Sim,Não,Dois anos,Não,Cheque enviado pelo correio,101.33,6383.85,0
Feminino,1,Não,Não,63,Sim,Não,Não,Sem serviço de internet,Sem serviço de internet,Sem serviço de internet,Sem serviço de internet,Sem serviço de internet,Sem serviço de internet,Um ano,Sim,Cartão de crédito,108.81,7094.41,0
Feminino,0,Não,Sim,3,Sim,Sim,Fibra óptica,Sim,Não,Sim,Sim,Não,Sim,Mês a mês,Não,Cheque eletrônico,88.29,228.23,1
Masculino,0,Não,Não,47,Sim,Sim,Fibra óptica,Não,Não,Não,Não,Não,Não,Dois anos,Sim,Cartão de crédito,107.72,4862.56,0
Feminino,0,Sim,Não,55,Sim,Sim,DSL,Não,Sim,Sim,Sim,Sim,Não,Um ano,Não,Cheque enviado pelo correio,24.06,1244.59,0
Masculino,1,Sim,Não,26,Sim,Não,DSL,Sim,Sim,Não,Sim,Não,Não,Um ano,Não,Cheque eletrônico,31.0,797.69,0
Masculino,0,Sim,Sim,13,Sim,Sim,Fibra óptica,Não,Sim,Não,Não,Não,Não,Mês a mês,Sim,Cartão de crédito,58.43,780.39,1
Feminino,0,Sim,Não,7,Não,Sem serviço telefônico,Fibra óptica,Não,Não,Sim,Sim,Não,Não,Um ano,Não,Cartão de crédito,34.64,216.29,1
Masculino,0,Não,Sim,34,Sim,Não,Fibra óptica,Sim,Não,Sim,Não,Não,Não,Mês a mês,Não,Transferência bancária,51.74,1560.76,0
Feminino,0,Não,Não,22,Sim,Não,DSL,Não,Não,Não,Não,Não,Não,Mês a mês,Sim,Cheque eletrônico,106.36,2250.13,1
Feminino,1,Sim,Não,23,Não,Sem serviço telefônico,Fibra óptica,Sim,Não,Não,Não,Não,Sim,Mês a mês,Não,Transferência bancária,30.27,768.13,1
Masculino,0,Sim,Não,48,Sim,Sim,Fibra óptica,Não,Não,Não,Não,Não,Não,Mês a mês,Não,Cheque eletrônico,81.56,3440.55,0
Masculino,0,Sim,Não,14,Sim,Sim,Fibra óptica,Sim,Sim,Não,Não,Sim,Não,Dois anos,Sim,Cheque eletrônico,40.89,552.23,1
Masculino,0,Sim,Sim,52,Sim,Não,Fibra óptica,Não,Não,Não,Não,Não,Não,Dois anos,Não,Transferência bancária,67.18,3571.07,0
Masculino,0,Não,Não,39,Não,Sem serviço telefônico,DSL,Não,Sim,Não,Sim,Sim,Sim,Um ano,Sim,Cheque eletrônico,57.6,2018.23,0
Feminino,0,Não,Sim,41,Sim,Não,Fibra óptica,Não,Não,Sim,Não,Não,Sim,Mês a mês,Sim,Cheque eletrônico,104.45,3863.25,1
Feminino,0,Não,Sim,36,Sim,Não,Fibra óptica,Sim,Sim,Não,Não,Não,Não,Mês a mês,Não,Cheque enviado pelo correio,71.9,2655.36,1
Feminino,0,Sim,Não,6,Não,Sem serviço telefônico,Fibra óptica,Não,Não,Não,Não,Não,Não,Um ano,Sim,Cheque eletrônico,100.15,611.38,1
Masculino,0,Não,Não,23,Sim,Não,DSL,Não,Não,Não,Não,Não,Não,Mês a mês,Sim,Transferência bancária,59.4,1469.99,1
Masculino,0,Sim,Sim,10,Sim,Sim,DSL,Não,Não,Sim,Não,Não,Não,Um ano,Sim,Transferência bancária,84.17,781.97,0
Masculino,0,Não,Não,60,Sim,Não,DSL,Não,Não,Não,Não,Sim,Não,Dois anos,Não,Cheque eletrônico,108.92,6659.47,0
Feminino,0,Não,Sim,30,Sim,Sim,Fibra óptica,Sim,Não,Não,Não,Não,Sim,Dois anos,Não,Cheque enviado pelo correio,32.87,1101.23,1
Masculino,0,Não,Sim,70,Sim,Sim,DSL,Sim,Não,Sim,Sim,Sim,Não,Dois anos,Sim,Cheque eletrônico,74.02,5071.6,0
Feminino,0,Sim,Sim,5,Sim,Não,Fibra óptica,Não,Não,Não,Não,Não,Sim,Dois anos,Não,Cheque enviado pelo correio,81.2,390.28,0
Masculino,0,Sim,Não,57,Sim,Não,Fibra óptica,Não,Não,Sim,Não,Sim,Sim,Mês a mês,Sim,Cartão de crédito,79.72,4988.22,1
Feminino,0,Não,Não,43,Sim,Não,Não,Sem serviço de internet,Sem serviço de internet,Sem serviço de internet,Sem serviço de internet,Sem serviço de internet,Sem serviço de internet,Mês a mês,Não,Cheque enviado pelo correio,73.14,3409.9,0
Feminino,0,Sim,Não,52,Sim,Não,DSL,Não,Sim,Não,Não,Não,Sim,Um ano,Sim,Cheque eletrônico,97.46,4796.21,0
Masculino,0,Sim,Sim,6,Sim,Sim,DSL,Sim,Não,Não,Sim,Sim,Não,Um ano,Sim,Cheque eletrônico,23.87,133.17,1
Masculino,0,Não,Não,2,Sim,Não,Não,Sem serviço de internet,Sem serviço de internet,Sem serviço de internet,Sem serviço de internet,Sem serviço de internet,Sem serviço de internet,Mês a mês,Sim,Cheque enviado pelo correio,84.29,175.41,0
Feminino,0,Sim,Não,17,Não,Sem serviço telefônico,Não,Sem serviço de internet,Sem serviço de internet,Sem serviço de internet,Sem serviço de internet,Sem serviço de internet,Sem serviço de internet,Mês a mês,Não,Cheque eletrônico,106.62,1684.54,1
Feminino,0,Não,Não,12,Sim,Não,DSL,Não,Sim,Não,Não,Não,Não,Um ano,Sim,Cheque eletrônico,109.49,1285.72,0
Masculino,0,Sim,Não,44,Sim,Não,Fibra óptica,Não,Não,Sim,Sim,Sim,Sim,Mês a mês,Sim,Transferência bancária,35.76,1569.46,0
Masculino,1,Não,Não,54,Sim,Sim,DSL,Não,Não,Sim,Sim,Não,Sim,Um ano,Não,Cheque eletrônico,78.17,4630.71,1
Feminino,0,Sim,Não,7,Sim,Sim,DSL,Não,Sim,Não,Não,Não,Sim,Mês a mês,Sim,Cheque eletrônico,46.03,364.87,0
Masculino,1,Não,Não,32,Sim,Não,Fibra óptica,Sim,Não,Não,Não,Sim,Não,Mês a mês,Sim,Transferência bancária,90.29,2919.68,1
Feminino,0,Sim,Não,29,Sim,Sim,Fibra óptica,Não,Não,Não,Sim,Sim,Sim,Um ano,Não,Cartão de crédito,25.95,774.22,0
Feminino,0,Não,Não,46,Sim,Não,Fibra óptica,Não,Não,Não,Não,Não,Não,Um ano,Sim,Cartão de crédito,30.39,1346.65,1
Masculino,0,Não,Não,53,Sim,Sim,Fibra óptica,Não,Não,Não,Não,Sim,Não,Um ano,Não,Transferência bancária,85.25,4382.86,0
Masculino,1,Sim,Sim,25,Sim,Não,Fibra óptica,Não,Não,Não,Sim,Não,Não,Mês a mês,Sim,Cheque eletrônico,72.8,1929.64,0
Masculino,0,Sim,Não,53,Não,Sem serviço telefônico,DSL,Não,Não,Não,Não,Sim,Não,Mês a mês,Sim,Cartão de crédito,107.6,6511.29,0
Masculino,0,Sim,Não,29,Sim,Não,Não,Sem serviço de internet,Sem serviço de internet,Sem serviço de internet,Sem serviço de internet,Sem serviço de internet,Sem serviço de internet,Mês a mês,Sim,Transferência bancária,20.82,523.65,1
Masculino,0,Sim,Sim,6,Sim,Não,Fibra óptica,Não,Não,Não,Sim,Sim,Não,Dois anos,Sim,Cartão de crédito,88.15,571.8,1
Feminino,0,Não,Sim,38,Sim,Sim,Fibra óptica,Sim,Não,Não,Sim,Sim,Sim,Dois anos,Não,Cheque eletrônico,89.42,3272.55,0
Feminino,0,Sim,Não,3,Sim,Sim,Não,Sem serviço de internet,Sem serviço de internet,Sem serviço de internet,Sem serviço de internet,Sem serviço de internet,Sem serviço de internet,Um ano,Não,Cheque enviado pelo correio,100.92,294.78,1
Masculino,0,Não,Não,35,Sim,Sim,Fibra óptica,Não,Não,Não,Não,Sim,Não,Mês a mês,Sim,Cheque enviado pelo correio,95.06,3151.33,0
Masculino,0,Não,Sim,55,Sim,Sim,Fibra óptica,Sim,Não,Sim,Não,Não,Sim,Mês a mês,Sim,Transferência bancária,69.9,3891.61,1
Masculino,0,Sim,Sim,47,Sim,Sim,Fibra óptica,Não,Não,Sim,Sim,Sim,Não,Dois anos,Não,Cheque eletrônico,46.69,2250.84,0
Feminino,0,Não,Não,33,Sim,Não,Fibra óptica,Não,Não,Não,Não,Não,Sim,Mês a mês,Sim,Cheque enviado pelo correio,57.41,1988.29,1
Masculino,0,Sim,Sim,3,Sim,Sim,DSL,Não,Sim,Não,Não,Não,Sim,Mês a mês,Sim,Cartão de crédito,70.26,217.76,1
Masculino,0,Sim,Sim,69,Sim,Sim,Não,Sem serviço de internet,Sem serviço de internet,Sem serviço de internet,Sem serviço de internet,Sem serviço de internet,Sem serviço de internet,Um ano,Sim,Transferência bancária,18.45,1377.91,0
Feminino,1,Sim,Não,59,Sim,Não,DSL,Sim,Sim,Não,Não,Não,Sim,Dois anos,Não,Transferência bancária,27.05,1654.82,0
Feminino,1,Não,Não,18,Sim,Não,Não,Sem serviço de internet,Sem serviço de internet,Sem serviço de internet,Sem serviço de internet,Sem serviço de internet,Sem serviço de internet,Um ano,Não,Cheque eletrônico,72.23,1487.53,0
Masculino,1,Sim,Não,66,Sim,Sim,Fibra óptica,Não,Não,Sim,Não,Não,Não,Mês a mês,Sim,Cheque eletrônico,117.58,7342.01,1
Masculino,0,Não,Sim,25,Sim,Não,Não,Sem serviço de internet,Sem serviço de internet,Sem serviço de internet,Sem serviço de internet,Sem serviço de internet,Sem serviço de internet,Um ano,Não,Transferência bancária,55.65,1446.25,0
Masculino,1,Sim,Não,20,Sim,Não,Fibra óptica,Não,Não,Não,Não,Não,Não,Um ano,Sim,Cheque enviado pelo correio,97.88,1729.82,1
Feminino,0,Não,Sim,71,Sim,Sim,Fibra óptica,Não,Não,Não,Sim,Não,Não,Um ano,Não,Cartão de crédito,56.21,3856.17,0
Masculino,0,Não,Não,69,Sim,Não,Fibra óptica,Não,Não,Sim,Não,Não,Sim,Mês a mês,Sim,Cartão de crédito,30.44,1863.03,1
Masculino,0,Sim,Sim,29,Sim,Não,Não,Sem serviço de internet,Sem serviço de internet,Sem serviço de internet,Sem serviço de internet,Sem serviço de internet,Sem serviço de internet,Um ano,Não,Transferência bancária,102.21,3028.66,0
Masculino,0,Não,Sim,18,Sim,Não,DSL,Não,Não,Sim,Não,Sim,Sim,Mês a mês,Sim,Cheque eletrônico,83.75,1685.13,1
Feminino,1,Não,Não,72,Não,Sem serviço telefônico,Fibra óptica,Não,Não,Sim,Sim,Não,Não,Mês a mês,Sim,Cheque eletrônico,31.27,2376.14,1
Feminino,0,Sim,Não,27,Sim,Não,Fibra óptica,Não,Não,Não,Não,Não,Não,Mês a mês,Não,Cheque enviado pelo correio,61.6,1908.78,0
Masculino,0,Sim,Sim,42,Sim,Sim,Não,Sem serviço de internet,Sem serviço de internet,Sem serviço de internet,Sem serviço de internet,Sem serviço de internet,Sem serviço de internet,Mês a mês,Sim,Cheque eletrônico,40.54,1868.89,1
Masculino,0,Sim,Não,66,Sim,Sim,Não,Sem serviço de internet,Sem serviço de internet,Sem serviço de internet,Sem serviço de internet,Sem serviço de internet,Sem serviço de internet,Um ano,Sim,Transferência bancária,84.67,6228.87,0
Feminino,0,Não,Não,26,Sim,Não,DSL,Não,Sim,Sim,Não,Sim,Não,Mês a mês,Sim,Cheque eletrônico,64.45,1789.37,0
Feminino,0,Não,Não,23,Sim,Sim,Fibra óptica,Sim,Não,Não,Não,Sim,Não,Mês a mês,Sim,Cartão de crédito,47.84,1011.12,1
Feminino,0,Sim,Não,5,Sim,Sim,Fibra óptica,Não,Sim,Não,Não,Sim,Não,Um ano,Sim,Cartão de crédito,73.65,357.21,1
Feminino,0,Sim,Não,11,Sim,Não,Fibra óptica,Sim,Não,Não,Não,Não,Não,Mês a mês,Não,Transferência bancária,108.53,1262.73,1
Feminino,0,Não,Não,19,Sim,Não,Fibra óptica,Não,Sim,Não,Não,Não,Não,Dois anos,Não,Cheque eletrônico,59.52,1164.26,0
Feminino,0,Não,Sim,12,Sim,Sim,Fibra óptica,Sim,Não,Sim,Não,Não,Não,Mês a mês,Sim,Cheque eletrônico,114.6,1396.14,1
Feminino,0,Não,Não,2,Sim,Não,Fibra óptica,Não,Não,Sim,Sim,Não,Não,Mês a mês,Não,Cheque eletrônico,89.17,163.43,1
Feminino,0,Não,Sim,43,Não,Sem serviço telefônico,DSL,Não,Não,Não,Não,Não,Não,Dois anos,Sim,Cheque eletrônico,78.26,3816.26,0
Feminino,1,Sim,Sim,22,Sim,Não,Não,Sem serviço de internet,Sem serviço de internet,Sem serviço de internet,Sem serviço de internet,Sem serviço de internet,Sem serviço de internet,Dois anos,Não,Cheque eletrônico,23.97,455.93,0
Masculino,0,Sim,Sim,26,Sim,Sim,Não,Sem serviço de internet,Sem serviço de internet,Sem serviço de internet,Sem serviço de internet,Sem serviço de internet,Sem serviço de internet,Dois anos,Sim,Transferência bancária,99.01,2922.15,0
Masculino,0,Sim,Sim,33,Não,Sem serviço telefônico,DSL,Sim,Sim,Não,Não,Sim,Não,Mês a mês,Sim,Transferência bancária,85.25,2594.6,1
Masculino,0,Não,Não,24,Sim,Sim,Fibra óptica,Não,Não,Não,Não,Sim,Não,Dois anos,Sim,Cheque eletrônico,30.69,736.57,1
Feminino,0,Sim,Não,69,Sim,Não,Fibra óptica,Não,Não,Não,Sim,Não,Sim,Mês a mês,Sim,Transferência bancária,19.06,1308.83,0
Masculino,0,Sim,Não,21,Sim,Não,Não,Sem serviço de internet,Sem serviço de internet,Sem serviço de internet,Sem serviço de internet,Sem serviço de internet,Sem serviço de internet,Mês a mês,Não,Cheque eletrônico,111.57,2030.27,1
Feminino,0,Não,Sim,46,Não,Sem serviço telefônico,Fibra óptica,Não,Não,Não,Sim,Não,Não,Mês a mês,Sim,Cheque eletrônico,37.85,1911.19,0
Feminino,0,Sim,Não,18,Sim,Não,Fibra óptica,Sim,Não,Não,Não,Sim,Sim,Um ano,Sim,Cartão de crédito,60.2,947.85,0
Masculino,0,Sim,Não,5,Sim,Não,Fibra óptica,Sim,Não,Não,Não,Não,Não,Um ano,Sim,Cartão de crédito,59.88,264.67,1
Feminino,0,Não,Não,8,Sim,Não,Fibra óptica,Não,Não,Sim,Sim,Não,Não,Mês a mês,Não,Transferência bancária,26.6,193.26,0
Masculino,0,Sim,Sim,57,Sim,Não,Fibra óptica,Não,Não,Não,Sim,Sim,Sim,Um ano,Sim,Cheque eletrônico,98.42,5723.49,0
Masculino,0,Sim,Sim,5,Sim,Não,Fibra óptica,Não,Sim,Não,Não,Não,Não,Mês a mês,Não,Cheque eletrônico,78.37,392.81,1
Masculino,0,Não,Não,13,Não,Sem serviço telefônico,DSL,Não,Não,Não,Sim,Sim,Não,Dois anos,Sim,Transferência bancária,71.51,1013.8,0
Feminino,1,Sim,Não,66,Sim,Não,Fibra óptica,Não,Sim,Não,Sim,Não,Sim,Mês a mês,Não,Cartão de crédito,104.29,6972.11,0
Masculino,0,Sim,Não,37,Não,Sem serviço telefônico,DSL,Não,Sim,Sim,Não,Não,Não,Um ano,Sim,Cartão de crédito,109.03,4055.25,0
Feminino,0,Não,Sim,29,Sim,Não,Fibra óptica,Não,Não,Não,Não,Não,Não,Mês a mês,Sim,Transferência bancária,30.87,814.16,1
Masculino,0,Sim,Sim,69,Sim,Sim,Fibra óptica,Não,Sim,Sim,Não,Não,Não,Mês a mês,Não,Cheque enviado pelo correio,86.76,5603.73,1
Masculino,1,Não,Sim,32,Sim,Não,Fibra óptica,Sim,Sim,Não,Sim,Sim,Sim,Um ano,Sim,Cheque eletrônico,44.83,1422.26,0
Masculino,0,Sim,Não,48,Sim,Sim,Fibra óptica,Não,Não,Não,Não,Sim,Sim,Mês a mês,Sim,Cheque eletrônico,96.04,5071.13,1
Feminino,0,Sim,Não,2,Não,Sem serviço telefônico,Fibra óptica,Não,Não,Não,Sim,Não,Não,Dois anos,Não,Cheque eletrônico,29.68,58.12,0
Feminino,0,Sim,Sim,69,Não,Sem serviço telefônico,Não,Sem serviço de internet,Sem serviço de internet,Sem serviço de internet,Sem serviço de internet,Sem serviço de internet,Sem serviço de internet,Mês a mês,Sim,Cheque enviado pelo correio,36.8,2437.06,0
Feminino,1,Sim,Não,51,Sim,Não,Fibra óptica,Sim,Não,Não,Não,Sim,Sim,Dois anos,Não,Transferência bancária,39.3,2155.72,0
Masculino,1,Sim,Não,35,Sim,Não,Fibra óptica,Não,Sim,Sim,Não,Sim,Não,Mês a mês,Sim,Cheque eletrônico,80.3,3010.6,0
Masculino,0,Sim,Não,15,Sim,Sim,Não,Sem serviço de internet,Sem serviço de internet,Sem serviço de internet,Sem serviço de internet,Sem serviço de internet,Sem serviço de internet,Um ano,Não,Cartão de crédito,84.8,1395.95,0
Feminino,0,Não,Sim,72,Sim,Sim,DSL,Sim,Não,Não,Não,Sim,Não,Dois anos,Sim,Cheque eletrônico,109.86,8668.34,0
Feminino,0,Sim,Não,65,Sim,Não,Não,Sem serviço de internet,Sem serviço de internet,Sem serviço de internet,Sem serviço de internet,Sem serviço de internet,Sem serviço de internet,Mês a mês,Sim,Transferência bancária,25.41,1582.58,0
Feminino,0,Não,Não,38,Sim,Não,Fibra óptica,Não,Não,Sim,Não,Sim,Sim,Um ano,Não,Cheque enviado pelo correio,86.42,3042.9,0
Feminino,0,Sim,Não,17,Sim,Não,Fibra óptica,Não,Sim,Não,Não,Não,Não,Mês a mês,Não,Transferência bancária,19.25,364.94,0
Feminino,0,Sim,Não,45,Sim,Sim,Fibra óptica,Não,Sim,Não,Não,Sim,Sim,Mês a mês,Sim,Cartão de crédito,68.93,3290.68,0
Feminino,0,Sim,Sim,1,Sim,Não,Não,Sem serviço de internet,Sem serviço de internet,Sem serviço de internet,Sem serviço de internet,Sem serviço de internet,Sem serviço de internet,Mês a mês,Sim,Transferência bancária,64.05,54.86,0
Masculino,0,Não,Sim,3,Sim,Não,Fibra óptica,Não,Não,Sim,Sim,Sim,Não,Mês a mês,Não,Transferência bancária,22.5,64.5,0
Feminino,0,Não,Não,70,Sim,Sim,Fibra óptica,Não,Não,Não,Não,Não,Sim,Dois anos,Sim,Cheque eletrônico,36.68,2628.33,0
Masculino,0,Não,Não,52,Sim,Sim,DSL,Não,Não,Sim,Sim,Não,Sim,Um ano,Sim,Cheque eletrônico,98.18,5740.7,0
Masculino,0,Sim,Não,53,Sim,Não,DSL,Não,Sim,Sim,Sim,Não,Não,Dois anos,Sim,Transferência bancária,48.41,2361.32,0
Feminino,1,Sim,Não,3,Sim,Sim,Não,Sem serviço de internet,Sem serviço de internet,Sem serviço de internet,Sem serviço de internet,Sem serviço de internet,Sem serviço de internet,Mês a mês,Sim,Cartão de crédito,66.21,182.07,1
Feminino,0,Não,Não,47,Sim,Sim,Não,Sem serviço de internet,Sem serviço de internet,Sem serviço de internet,Sem serviço de internet,Sem serviço de internet,Sem serviço de internet,Mês a mês,Sim,Cheque enviado pelo correio,57.43,2865.8,0
Masculino,0,Sim,Não,6,Sim,Sim,DSL,Não,Não,Não,Não,Não,Sim,Dois anos,Não,Cartão de crédito,36.56,228.25,0
Feminino,0,Sim,Não,46,Sim,Sim,Fibra óptica,Não,Não,Não,Não,Não,Sim,Dois anos,Sim,Cartão de crédito,112.1,5286.53,0
Feminino,0,Sim,Não,61,Sim,Sim,DSL,Não,Não,Não,Não,Não,Não,Dois anos,Não,Cheque eletrônico,23.3,1387.33,0
Masculino,0,Sim,Não,43,Sim,Sim,Fibra óptica,Não,Não,Sim,Não,Sim,Sim,Um ano,Sim,Cheque enviado pelo correio,64.22,3075.48,0
Masculino,0,Sim,Não,56,Sim,Sim,Fibra óptica,Sim,Não,Não,Não,Não,Não,Mês a mês,Não,Transferência bancária,51.64,2791.75,0
Masculino,0,Não,Não,70,Sim,Não,Fibra óptica,Não,Sim,Não,Não,Sim,Não,Dois anos,Sim,Cheque enviado pelo correio,84.67,5957.96,0
Feminino,0,Não,Sim,20,Sim,Sim,Fibra óptica,Não,Não,Não,Sim,Não,Não,Mês a mês,Sim,Cheque eletrônico,82.7,1425.99,0
Masculino,0,Não,Não,47,Sim,Sim,Fibra óptica,Não,Sim,Não,Não,Sim,Não,Um ano,Sim,Cartão de crédito,87.67,3635.48,0
Feminino,1,Sim,Não,54,Sim,Sim,Não,Sem serviço de internet,Sem serviço de internet,Sem serviço de internet,Sem serviço de internet,Sem serviço de internet,Sem serviço de internet,Mês a mês,Sim,Transferência bancária,67.92,4183.26,0
Masculino,0,Não,Não,41,Sim,Não,Não,Sem serviço de internet,Sem serviço de internet,Sem serviço de internet,Sem serviço de internet,Sem serviço de internet,Sem serviço de internet,Mês a mês,Sim,Transferência bancária,29.07,1043.57,0
Masculino,1,Não,Não,66,Sim,Sim,DSL,Não,Sim,Não,Não,Sim,Não,Dois anos,Sim,Transferência bancária,68.33,4710.41,0
Masculino,1,Não,Não,31,Sim,Sim,Fibra óptica,Não,Sim,Não,Não,Sim,Não,Um ano,Não,Cartão de crédito,105.92,2804.58,1
Feminino,0,Sim,Não,64,Sim,Sim,Não,Sem serviço de internet,Sem serviço de internet,Sem serviço de internet,Sem serviço de internet,Sem serviço de internet,Sem serviço de internet,Mês a mês,Sim,Transferência bancária,50.88,3703.77,0
Feminino,0,Não,Sim,58,Sim,Não,Fibra óptica,Não,Sim,Não,Sim,Não,Não,Mês a mês,Não,Cheque eletrônico,106.62,6160.39,1
Masculino,0,Sim,Não,55,Sim,Não,DSL,Não,Não,Não,Não,Não,Sim,Mês a mês,Não,Cartão de crédito,88.28,5232.96,0
Masculino,0,Não,Não,46,Sim,Sim,Não,Sem serviço de internet,Sem serviço de internet,Sem serviço de internet,Sem serviço de internet,Sem serviço de internet,Sem serviço de internet,Um ano,Sim,Cheque eletrônico,112.85,4791.85,0
Masculino,0,Sim,Não,24,Sim,Não,Fibra óptica,Não,Não,Sim,Sim,Sim,Não,Dois anos,Sim,Cartão de crédito,66.81,1751.6,0
Feminino,1,Sim,Não,37,Sim,Sim,Não,Sem serviço de internet,Sem serviço de internet,Sem serviço de internet,Sem serviço de internet,Sem serviço de internet,Sem serviço de internet,Mês a mês,Sim,Cheque enviado pelo correio,45.89,1685.69,0
Masculino,0,Sim,Sim,41,Sim,Sim,Fibra óptica,Não,Não,Não,Sim,Não,Não,Mês a mês,Sim,Cartão de crédito,25.32,1151.02,0
Feminino,0,Não,Sim,25,Sim,Não,Não,Sem serviço de internet,Sem serviço de internet,Sem serviço de internet,Sem serviço de internet,Sem serviço de internet,Sem serviço de internet,Um ano,Não,Cheque enviado pelo correio,18.82,417.4,0
Masculino,0,Sim,Não,29,Sim,Não,Fibra óptica,Não,Sim,Não,Não,Sim,Sim,Dois anos,Não,Transferência bancária,108.42,3161.16,0
Masculino,0,Não,Sim,31,Sim,Não,Fibra óptica,Sim,Não,Não,Sim,Não,Sim,Dois anos,Não,Cheque enviado pelo correio,74.44,2176.53,0
Masculino,0,Não,Não,2,Sim,Sim,DSL,Não,Sim,Sim,Sim,Não,Sim,Um ano,Sim,Transferência bancária,28.74,50.86,0
Masculino,0,Não,Sim,12,Não,Sem serviço telefônico,Fibra óptica,Não,Sim,Não,Não,Não,Sim,Mês a mês,Sim,Cartão de crédito,53.11,599.88,1
Masculino,0,Não,Sim,5,Não,Sem serviço telefônico,DSL,Sim,Não,Não,Não,Não,Sim,Mês a mês,Sim,Cartão de crédito,76.53,348.68,0
Masculino,0,Não,Não,61,Sim,Sim,DSL,Não,Não,Não,Não,Sim,Sim,Mês a mês,Não,Cheque eletrônico,110.2,6514.92,1
Feminino,0,Não,Não,56,Sim,Não,DSL,Não,Sim,Não,Não,Sim,Sim,Dois anos,Não,Cartão de crédito,92.12,5433.84,0
Masculino,0,Sim,Sim,71,Sim,Não,Não,Sem serviço de internet,Sem serviço de internet,Sem serviço de internet,Sem serviço de internet,Sem serviço de internet,Sem serviço de internet,Mês a mês,Sim,Cheque enviado pelo correio,59.88,3654.24,0
Feminino,0,Não,Sim,37,Sim,Sim,Fibra óptica,Não,Sim,Não,Não,Não,Não,Mês a mês,Sim,Transferência bancária,21.98,924.23,1
Masculino,0,Não,Não,36,Sim,Não,Fibra óptica,Sim,Não,Não,Não,Sim,Sim,Mês a mês,Sim,Cheque eletrônico,82.15,3013.57,1
Masculino,0,Sim,Não,29,Sim,Não,Não,Sem serviço de internet,Sem serviço de internet,Sem serviço de internet,Sem serviço de internet,Sem serviço de internet,Sem serviço de internet,Mês a mês,Sim,Transferência bancária,54.44,1809.01,1
Feminino,0,Não,Não,38,Sim,Não,Fibra óptica,Não,Não,Não,Não,Não,Sim,Mês a mês,Não,Cartão de crédito,25.0,1083.82,1
Masculino,0,Sim,Sim,41,Sim,Sim,Fibra óptica,Não,Não,Não,Não,Sim,Não,Dois anos,Não,Cheque eletrônico,101.04,4221.56,1
Feminino,0,Sim,Não,33,Sim,Não,DSL,Não,Não,Não,Não,Sim,Não,Dois anos,Sim,Cheque enviado pelo correio,111.65,3157.92,0
Feminino,0,Sim,Sim,13,Sim,Não,DSL,Não,Não,Sim,Não,Sim,Sim,Mês a mês,Não,Cartão de crédito,70.6,993.57,0
Masculino,0,Sim,Não,6,Sim,Sim,DSL,Não,Sim,Sim,Sim,Não,Sim,Mês a mês,Não,Cheque eletrônico,29.6,201.22,0
Feminino,0,Não,Não,66,Sim,Sim,Fibra óptica,Não,Não,Não,Sim,Não,Não,Mês a mês,Não,Cartão de crédito,58.24,4292.61,0
Feminino,0,Não,Não,8,Sim,Sim,Não,Sem serviço de internet,Sem serviço de internet,Sem serviço de internet,Sem serviço de internet,Sem serviço de internet,Sem serviço de internet,Mês a mês,Não,Cheque eletrônico,25.72,219.19,0
Masculino,0,Não,Não,64,Sim,Não,DSL,Sim,Não,Sim,Sim,Não,Não,Um ano,Não,Cheque enviado pelo correio,98.19,5425.29,0
Feminino,1,Não,Sim,9,Não,Sem serviço telefônico,DSL,Não,Sim,Não,Não,Sim,Não,Dois anos,Não,Transferência bancária,72.11,613.82,0
Masculino,0,Sim,Não,23,Sim,Sim,Não,Sem serviço de internet,Sem serviço de internet,Sem serviço de internet,Sem serviço de internet,Sem serviço de internet,Sem serviço de internet,Mês a mês,Não,Cheque enviado pelo correio,57.34,1336.34,0
Masculino,0,Sim,Não,71,Sim,Sim,Fibra óptica,Não,Sim,Não,Não,Sim,Sim,Mês a mês,Sim,Cheque enviado pelo correio,90.99,7365.39,0
Masculino,0,Não,Não,21,Sim,Não,DSL,Não,Não,Sim,Não,Não,Não,Dois anos,Não,Transferência bancária,101.69,2035.02,0
Masculino,0,Não,Não,1,Sim,Não,Não,Sem serviço de internet,Sem serviço de internet,Sem serviço de internet,Sem serviço de internet,Sem serviço de internet,Sem serviço de internet,Dois anos,Sim,Cartão de crédito,96.29,109.32,0
Feminino,1,Sim,Sim,46,Não,Sem serviço telefônico,Fibra óptica,Sim,Não,Sim,Sim,Não,Não,Dois anos,Sim,Transferência bancária,100.11,4578.46,0
Masculino,0,Não,Não,62,Sim,Sim,DSL,Não,Sim,Não,Sim,Não,Não,Dois anos,Sim,Transferência bancária,104.79,5615.14,0
Masculino,1,Não,Sim,2,Sim,Não,Não,Sem serviço de internet,Sem serviço de internet,Sem serviço de internet,Sem serviço de internet,Sem serviço de internet,Sem serviço de internet,Dois anos,Sim,Transferência bancária,64.83,113.71,0
Feminino,0,Não,Não,44,Sim,Sim,DSL,Não,Sim,Não,Sim,Sim,Não,Mês a mês,Não,Cheque enviado pelo correio,83.93,3356.84,1
Masculino,0,Sim,Não,5,Sim,Sim,Fibra óptica,Não,Sim,Não,Sim,Sim,Não,Mês a mês,Sim,Cheque eletrônico,77.04,427.67,1
Masculino,0,Sim,Sim,39,Sim,Não,DSL,Não,Não,Não,Não,Não,Não,Um ano,Não,Cartão de crédito,30.79,1175.26,0
Feminino,0,Não,Sim,66,Sim,Não,DSL,Não,Não,Sim,Não,Não,Sim,Dois anos,Não,Cheque eletrônico,41.9,3029.77,0
Feminino,0,Não,Não,45,Sim,Não,DSL,Não,Sim,Sim,Não,Não,Não,Mês a mês,Sim,Transferência bancária,35.18,1560.15,0
Feminino,0,Sim,Não,13,Sim,Sim,Não,Sem serviço de internet,Sem serviço de internet,Sem serviço de internet,Sem serviço de internet,Sem serviço de internet,Sem serviço de internet,Um ano,Não,Transferência bancária,82.92,1099.65,0
Feminino,0,Não,Sim,32,Sim,Não,Fibra óptica,Não,Não,Não,Sim,Não,Sim,Mês a mês,Sim,Transferência bancária,104.32,3470.24,1
Feminino,0,Não,Sim,43,Sim,Sim,Fibra óptica,Não,Não,Não,Não,Sim,Sim,Dois anos,Sim,Cartão de crédito,93.83,4054.81,0
Feminino,1,Sim,Não,8,Sim,Sim,DSL,Não,Sim,Sim,Não,Sim,Não,Mês a mês,Não,Cheque enviado pelo correio,55.72,450.25,1
Feminino,0,Sim,Não,59,Sim,Não,DSL,Não,Não,Sim,Sim,Sim,Não,Mês a mês,Sim,Cheque eletrônico,83.81,4954.76,0
Masculino,0,Não,Não,11,Não,Sem serviço telefônico,DSL,Não,Sim,Não,Não,Não,Não,Dois anos,Não,Cartão de crédito,59.0,632.03,0
Feminino,0,Sim,Não,28,Sim,Não,Não,Sem serviço de internet,Sem serviço de internet,Sem serviço de internet,Sem serviço de internet,Sem serviço de internet,Sem serviço de internet,Mês a mês,Não,Cartão de crédito,45.45,1423.83,0
Feminino,0,Não,Não,39,Sim,Sim,Fibra óptica,Não,Não,Não,Não,Sim,Sim,Mês a mês,Não,Transferência bancária,107.35,3858.78,1
Feminino,0,Sim,Sim,26,Sim,Sim,Fibra óptica,Não,Sim,Não,Sim,Não,Sim,Mês a mês,Não,Cartão de crédito,38.47,1142.05,0
Masculino,0,Não,Sim,72,Sim,Sim,DSL,Sim,Não,Não,Não,Não,Sim,Mês a mês,Sim,Cartão de crédito,81.44,6349.7,0
Masculino,0,Não,Não,26,Sim,Não,Não,Sem serviço de internet,Sem serviço de internet,Sem serviço de internet,Sem serviço de internet,Sem serviço de internet,Sem serviço de internet,Dois anos,Sim,Cartão de crédito,93.06,2458.49,0
Feminino,0,Sim,Não,32,Não,Sem serviço telefônico,Não,Sem serviço de internet,Sem serviço de internet,Sem serviço de internet,Sem serviço de internet,Sem serviço de internet,Sem serviço de internet,Um ano,Sim,Cheque eletrônico,79.85,2358.66,0
Feminino,0,Não,Não,46,Sim,Sim,DSL,Não,Não,Não,Não,Não,Não,Dois anos,Não,Transferência bancária,30.01,1262.81,0
Feminino,0,Sim,Não,28,Sim,Não,DSL,Não,Não,Não,Sim,Não,Não,Mês a mês,Sim,Cheque eletrônico,44.96,1341.7,0
Masculino,0,Sim,Não,7,Sim,Não,DSL,Sim,Não,Não,Não,Sim,Sim,Dois anos,Não,Cheque eletrônico,19.46,118.62,0
Masculino,0,Não,Não,35,Sim,Sim,DSL,Não,Não,Não,Não,Sim,Sim,Dois anos,Sim,Cheque eletrônico,93.87,3223.1,0
Feminino,0,Não,Não,66,Sim,Não,Fibra óptica,Não,Não,Não,Não,Não,Não,Mês a mês,Não,Transferência bancária,36.51,2235.72,1
Masculino,0,Sim,Sim,22,Sim,Não,Fibra óptica,Não,Não,Não,Sim,Sim,Não,Dois anos,Sim,Cartão de crédito,103.62,1996.09,0
Feminino,1,Sim,Não,22,Sim,Não,Fibra óptica,Não,Não,Sim,Não,Não,Sim,Dois anos,Não,Transferência bancária,34.55,866.7,0
Masculino,0,Sim,Sim,3,Sim,Não,DSL,Sim,Sim,Não,Não,Não,Sim,Um ano,Não,Transferência bancária,55.18,157.24,0
Masculino,0,Sim,Não,46,Sim,Não,Fibra óptica,Não,Não,Não,Sim,Não,Sim,Mês a mês,Não,Cheque eletrônico,32.22,1379.81,0
Feminino,0,Sim,Não,50,Sim,Sim,DSL,Não,Não,Sim,Não,Sim,Não,Mês a mês,Não,Cheque eletrônico,71.27,3095.86,1
Feminino,0,Não,Não,8,Sim,Não,Fibra óptica,Não,Sim,Não,Não,Sim,Sim,Um ano,Sim,Cheque enviado pelo correio,77.38,688.38,0
Feminino,0,Sim,Não,4,Sim,Sim,Fibra óptica,Não,Não,Sim,Não,Sim,Não,Um ano,Sim,Cheque enviado pelo correio,40.85,141.68,1
Feminino,0,Não,Não,15,Sim,Sim,Fibra óptica,Sim,Não,Sim,Sim,Sim,Não,Um ano,Sim,Transferência bancária,58.73,754.86,1
Masculino,0,Sim,Sim,44,Sim,Sim,Fibra óptica,Sim,Não,Não,Não,Não,Sim,Mês a mês,Sim,Cheque enviado pelo correio,29.71,1227.19,0
Masculino,1,Não,Não,39,Sim,Sim,Fibra óptica,Sim,Não,Sim,Não,Não,Não,Um ano,Sim,Cheque enviado pelo correio,96.78,3693.88,1
Masculino,0,Não,Sim,29,Sim,Não,Fibra óptica,Sim,Não,Não,Sim,Sim,Não,Mês a mês,Sim,Cartão de crédito,96.66,2887.3,0
Feminino,0,Não,Não,62,Sim,Não,Não,Sem serviço de internet,Sem serviço de internet,Sem serviço de internet,Sem serviço de internet,Sem serviço de internet,Sem serviço de internet,Mês a mês,Sim,Cartão de crédito,43.85,2775.75,0
Masculino,0,Sim,Não,34,Sim,Não,Não,Sem serviço de internet,Sem serviço de internet,Sem serviço de internet,Sem serviço de internet,Sem serviço de internet,Sem serviço de internet,Mês a mês,Sim,Cartão de crédito,44.42,1437.77,0
Feminino,0,Não,Sim,26,Sim,Sim,Não,Sem serviço de internet,Sem serviço de internet,Sem serviço de internet,Sem serviço de internet,Sem serviço de internet,Sem serviço de internet,Um ano,Não,Cheque eletrônico,78.97,2162.92,1
Masculino,0,Não,Não,18,Sim,Não,Fibra óptica,Não,Sim,Não,Não,Não,Não,Dois anos,Sim,Cheque eletrônico,78.9,1386.65,0
Feminino,1,Não,Não,63,Sim,Não,DSL,Não,Não,Não,Não,Não,Não,Mês a mês,Não,Cheque eletrônico,91.33,5905.15,1
Feminino,0,Não,Não,52,Sim,Sim,Fibra óptica,Sim,Sim,Não,Não,Não,Sim,Dois anos,Sim,Cartão de crédito,27.65,1593.68,0
Masculino,0,Sim,Não,54,Sim,Sim,Fibra óptica,Não,Sim,Não,Sim,Não,Sim,Mês a mês,Sim,Cheque enviado pelo correio,85.2,5192.72,1
Feminino,0,Não,Não,42,Sim,Sim,Não,Sem serviço de internet,Sem serviço de internet,Sem serviço de internet,Sem serviço de internet,Sem serviço de internet,Sem serviço de internet,Um ano,Sim,Transferência bancária,91.55,4239.19,0
Feminino,0,Não,Sim,54,Sim,Não,DSL,Não,Não,Não,Não,Não,Não,Mês a mês,Sim,Cheque eletrônico,45.89,2585.4,1
Masculino,1,Não,Não,52,Sim,Não,Fibra óptica,Sim,Sim,Sim,Não,Não,Não,Mês a mês,Não,Transferência bancária,43.82,1941.33,0
Feminino,0,Não,Não,13,Sim,Não,DSL,Não,Não,Não,Não,Não,Não,Mês a mês,Sim,Transferência bancária,84.46,1029.24,1
Feminino,0,Não,Sim,32,Sim,Sim,Fibra óptica,Não,Não,Não,Sim,Não,Não,Mês a mês,Não,Transferência bancária,29.66,843.83,0
Feminino,0,Não,Não,66,Sim,Sim,Fibra óptica,Não,Não,Sim,Não,Não,Sim,Dois anos,Não,Cheque eletrônico,72.16,5087.25,0
Masculino,0,Não,Não,58,Não,Sem serviço telefônico,DSL,Sim,Sim,Sim,Não,Não,Sim,Um ano,Não,Cheque eletrônico,68.19,3586.61,0
Masculino,0,Não,Não,39,Sim,Sim,Fibra óptica,Não,Não,Não,Sim,Sim,Não,Mês a mês,Sim,Transferência bancária,85.26,3094.74,0
Feminino,0,Sim,Sim,27,Não,Sem serviço telefônico,DSL,Não,Não,Não,Não,Não,Não,Dois anos,Sim,Transferência bancária,78.62,2039.95,0
Masculino,0,Não,Não,54,Sim,Sim,DSL,Sim,Não,Não,Não,Sim,Não,Um ano,Não,Cheque enviado pelo correio,99.44,5180.74,1
Feminino,0,Não,Sim,72,Não,Sem serviço telefônico,Fibra óptica,Sim,Não,Não,Não,Não,Não,Mês a mês,Não,Cheque enviado pelo correio,24.09,1568.01,0
Feminino,1,Sim,Não,43,Sim,Sim,Não,Sem serviço de internet,Sem serviço de internet,Sem serviço de internet,Sem serviço de internet,Sem serviço de internet,Sem serviço de internet,Mês a mês,Não,Cheque eletrônico,82.67,3774.18,1
Feminino,0,Sim,Não,52,Sim,Sim,Fibra óptica,Não,Não,Não,Não,Não,Sim,Dois anos,Sim,Cheque enviado pelo correio,89.76,4466.98,0
Feminino,0,Não,Sim,14,Sim,Não,DSL,Sim,Não,Não,Não,Sim,Sim,Um ano,Não,Cheque eletrônico,97.25,1389.54,1
Feminino,0,Não,Sim,8,Sim,Sim,Fibra óptica,Sim,Não,Não,Não,Sim,Não,Um ano,Sim,Cartão de crédito,55.02,391.63,1
Masculino,0,Sim,Não,35,Não,Sem serviço telefônico,Fibra óptica,Não,Sim,Não,Sim,Sim,Sim,Um ano,Não,Cheque eletrônico,47.25,1410.28,0
Feminino,1,Não,Sim,18,Sim,Sim,Fibra óptica,Não,Sim,Não,Não,Não,Sim,Dois anos,Sim,Cartão de crédito,84.46,1568.68,0
Masculino,0,Não,Sim,55,Sim,Não,DSL,Não,Não,Sim,Não,Não,Sim,Mês a mês,Sim,Cheque eletrônico,69.5,4095.11,1
Masculino,0,Sim,Não,52,Sim,Não,Fibra óptica,Não,Sim,Não,Não,Não,Sim,Um ano,Sim,Cheque eletrônico,55.63,3021.33,0
Feminino,0,Sim,Não,72,Sim,Não,Fibra óptica,Não,Sim,Não,Não,Sim,Não,Dois anos,Não,Transferência bancária,92.51,5694.94,0
Feminino,0,Não,Não,49,Sim,Não,Não,Sem serviço de internet,Sem serviço de internet,Sem serviço de internet,Sem serviço de internet,Sem serviço de internet,Sem serviço de internet,Um ano,Sim,Transferência bancária,66.11,3083.31,0
Masculino,0,Não,Não,8,Sim,Não,DSL,Não,Não,Não,Sim,Sim,Não,Mês a mês,Sim,Cartão de crédito,63.8,573.26,0
Masculino,0,Sim,Não,37,Sim,Sim,DSL,Não,Sim,Não,Não,Não,Não,Mês a mês,Sim,Transferência bancária,53.85,2107.07,0
Masculino,1,Sim,Não,66,Sim,Sim,Fibra óptica,Sim,Não,Não,Não,Sim,Não,Dois anos,Não,Transferência bancária,22.91,1640.7,0
Feminino,0,Sim,Sim,41,Não,Sem serviço telefônico,Não,Sem serviço de internet,Sem serviço de internet,Sem serviço de internet,Sem serviço de internet,Sem serviço de internet,Sem serviço de internet,Dois anos,Sim,Cheque eletrônico,101.36,3555.31,0
Masculino,1,Não,Não,27,Sim,Não,Fibra óptica,Não,Não,Não,Não,Não,Não,Mês a mês,Sim,Cartão de crédito,52.27,1379.55,1
Feminino,0,Sim,Não,20,Sim,Sim,Fibra óptica,Não,Não,Não,Não,Não,Não,Mês a mês,Não,Transferência bancária,61.66,1391.33,0
Feminino,0,Não,Sim,38,Sim,Sim,Fibra óptica,Não,Sim,Não,Sim,Não,Sim,Mês a mês,Sim,Cheque eletrônico,29.81,1025.72,1
Feminino,0,Sim,Não,12,Sim,Sim,Não,Sem serviço de internet,Sem serviço de internet,Sem serviço de internet,Sem serviço de internet,Sem serviço de internet,Sem serviço de internet,Mês a mês,Não,Transferência bancária,79.37,1047.81,0
Masculino,0,Não,Não,42,Sim,Não,Fibra óptica,Sim,Sim,Não,Sim,Não,Sim,Um ano,Não,Cartão de crédito,77.45,2800.13,0
Feminino,0,Sim,Não,50,Sim,Sim,DSL,Sim,Não,Não,Não,Não,Sim,Mês a mês,Sim,Cheque enviado pelo correio,48.43,2243.63,1
Feminino,1,Não,Não,31,Sim,Não,DSL,Não,Sim,Não,Não,Não,Não,Mês a mês,Sim,Cheque eletrônico,53.82,1529.25,1
Feminino,1,Não,Não,65,Sim,Sim,Não,Sem serviço de internet,Sem serviço de internet,Sem serviço de internet,Sem serviço de internet,Sem serviço de internet,Sem serviço de internet,Mês a mês,Sim,Cartão de crédito,92.92,5160.44,0
Feminino,1,Sim,Não,53,Sim,Não,DSL,Não,Não,Sim,Não,Sim,Não,Um ano,Não,Cartão de crédito,71.43,4002.55,0
Feminino,0,Sim,Sim,40,Não,Sem serviço telefônico,Fibra óptica,Não,Sim,Não,Não,Não,Não,Mês a mês,Não,Cartão de crédito,43.01,1886.7,1
Masculino,1,Não,Não,39,Sim,Sim,Não,Sem serviço de internet,Sem serviço de internet,Sem serviço de internet,Sem serviço de internet,Sem serviço de internet,Sem serviço de internet,Mês a mês,Não,Cheque eletrônico,74.37,2748.53,0
Feminino,0,Sim,Sim,10,Sim,Não,Fibra óptica,Sim,Não,Não,Não,Não,Não,Mês a mês,Sim,Cheque enviado pelo correio,105.5,1086.81,1
Feminino,0,Não,Sim,29,Sim,Não,Não,Sem serviço de internet,Sem serviço de internet,Sem serviço de internet,Sem serviço de internet,Sem serviço de internet,Sem serviço de internet,Mês a mês,Sim,Cheque enviado pelo correio,117.67,3118.12,0
Masculino,0,Sim,Não,40,Sim,Não,Fibra óptica,Não,Sim,Não,Não,Sim,Sim,Um ano,Não,Transferência bancária,27.06,976.96,0
Feminino,0,Sim,Sim,30,Não,Sem serviço telefônico,Não,Sem serviço de internet,Sem serviço de internet,Sem serviço de internet,Sem serviço de internet,Sem serviço de internet,Sem serviço de internet,Um ano,Sim,Cartão de crédito,62.77,1831.3,0
Masculino,0,Não,Sim,2,Sim,Sim,Fibra óptica,Sim,Sim,Não,Sim,Não,Não,Mês a mês,Sim,Cheque eletrônico,62.69,112.84,1
Feminino,0,Não,Sim,28,Não,Sem serviço telefônico,Fibra óptica,Não,Não,Sim,Não,Sim,Não,Mês a mês,Sim,Cheque eletrônico,112.38,3427.48,0
Masculino,1,Não,Não,47,Não,Sem serviço telefônico,Fibra óptica,Não,Não,Não,Sim,Não,Não,Mês a mês,Sim,Cheque eletrônico,110.03,4781.49,1
Masculino,0,Sim,Sim,32,Sim,Sim,Fibra óptica,Não,Sim,Sim,Não,Não,Sim,Mês a mês,Sim,Transferência bancária,62.93,1743.0,1
Feminino,0,Sim,Não,32,Sim,Não,DSL,Sim,Não,Não,Não,Não,Não,Dois anos,Não,Cheque enviado pelo correio,44.82,1592.54,0
Feminino,1,Não,Sim,27,Sim,Não,DSL,Não,Não,Não,Não,Não,Sim,Mês a mês,Sim,Cheque enviado pelo correio,82.49,2500.56,0
Feminino,0,Sim,Não,54,Sim,Sim,Não,Sem serviço de internet,Sem serviço de internet,Sem serviço de internet,Sem serviço de internet,Sem serviço de internet,Sem serviço de internet,Mês a mês,Não,Cheque enviado pelo correio,30.05,1685.8,0
Masculino,1,Sim,Não,56,Sim,Sim,Fibra óptica,Sim,Sim,Não,Não,Não,Sim,Dois anos,Sim,Cheque eletrônico,38.35,1903.73,0
Masculino,0,Sim,Não,31,Não,Sem serviço telefônico,Fibra óptica,Não,Não,Sim,Sim,Sim,Não,Mês a mês,Sim,Cheque eletrônico,100.2,3306.76,1
Masculino,0,Sim,Não,24,Sim,Não,Não,Sem serviço de internet,Sem serviço de internet,Sem serviço de internet,Sem serviço de internet,Sem serviço de internet,Sem serviço de internet,Mês a mês,Sim,Cartão de crédito,101.76,2194.28,0
Feminino,0,Não,Não,35,Sim,Sim,DSL,Não,Sim,Não,Não,Não,Não,Mês a mês,Sim,Transferência bancária,108.47,3498.89,0
Masculino,0,Não,Não,30,Sim,Não,DSL,Não,Sim,Não,Sim,Não,Não,Um ano,Não,Transferência bancária,92.56,2565.09,0
Masculino,0,Não,Não,55,Sim,Não,DSL,Não,Não,Sim,Não,Não,Não,Mês a mês,Não,Cheque eletrônico,34.69,2064.35,1
Feminino,0,Não,Sim,64,Sim,Sim,Fibra óptica,Sim,Não,Não,Não,Não,Não,Mês a mês,Não,Cheque eletrônico,47.16,2623.96,0
Masculino,0,Não,Não,33,Sim,Não,Fibra óptica,Sim,Não,Não,Não,Sim,Sim,Mês a mês,Não,Cheque eletrônico,64.29,2217.29,1
Masculino,1,Não,Não,46,Sim,Sim,Fibra óptica,Não,Não,Não,Sim,Sim,Não,Um ano,Sim,Cartão de crédito,49.97,2085.16,0
Feminino,0,Não,Não,33,Sim,Não,DSL,Não,Não,Não,Não,Não,Sim,Um ano,Sim,Cheque eletrônico,71.41,2400.46,0
Masculino,0,Sim,Não,68,Sim,Sim,DSL,Sim,Sim,Sim,Sim,Sim,Não,Mês a mês,Não,Cheque eletrônico,27.48,1755.42,0
Feminino,0,Sim,Não,64,Sim,Sim,Fibra óptica,Não,Não,Não,Não,Não,Sim,Um ano,Não,Cheque enviado pelo correio,113.21,6599.97,1
Feminino,0,Não,Não,30,Sim,Não,Não,Sem serviço de internet,Sem serviço de internet,Sem serviço de internet,Sem serviço de internet,Sem serviço de internet,Sem serviço de internet,Mês a mês,Não,Cheque eletrônico,115.94,3697.78,0
Feminino,0,Sim,Não,29,Sim,Sim,Não,Sem serviço de internet,Sem serviço de internet,Sem serviço de internet,Sem serviço de internet,Sem serviço de internet,Sem serviço de internet,Mês a mês,Não,Cheque enviado pelo correio,25.33,809.51,0
Feminino,1,Sim,Não,62,Não,Sem serviço telefônico,Não,Sem serviço de internet,Sem serviço de internet,Sem serviço de internet,Sem serviço de internet,Sem serviço de internet,Sem serviço de internet,Mês a mês,Sim,Transferência bancária,22.04,1529.46,1
Feminino,0,Não,Não,30,Sim,Não,Fibra óptica,Não,Não,Não,Não,Não,Não,Mês a mês,Não,Cartão de crédito,66.72,1939.0,0
Masculino,0,Não,Sim,12,Sim,Sim,Fibra óptica,Não,Sim,Sim,Sim,Sim,Sim,Mês a mês,Sim,Transferência bancária,32.35,374.03,1
Masculino,0,Não,Não,67,Sim,Sim,DSL,Não,Não,Sim,Sim,Não,Sim,Dois anos,Sim,Cheque enviado pelo correio,31.87,2291.27,0
Feminino,0,Sim,Não,15,Sim,Sim,DSL,Sim,Não,Não,Não,Sim,Não,Dois anos,Sim,Transferência bancária,54.76,925.29,0
Feminino,0,Não,Não,10,Sim,Sim,DSL,Não,Não,Não,Sim,Não,Sim,Mês a mês,Não,Cheque eletrônico,113.83,1247.38,0
Masculino,0,Não,Sim,61,Sim,Não,Fibra óptica,Não,Não,Não,Sim,Não,Sim,Mês a mês,Sim,Cartão de crédito,111.68,6720.66,0
Feminino,0,Não,Sim,23,Sim,Não,DSL,Sim,Não,Não,Sim,Não,Sim,Mês a mês,Não,Cheque enviado pelo correio,110.79,2579.1,1
Feminino,0,Sim,Não,11,Sim,Não,Fibra óptica,Não,Não,Sim,Não,Sim,Sim,Mês a mês,Sim,Cartão de crédito,34.83,340.03,1
Feminino,0,Sim,Sim,16,Sim,Não,Fibra óptica,Não,Não,Não,Não,Não,Não,Mês a mês,Sim,Transferência bancária,26.5,400.94,1
Masculino,0,Sim,Não,49,Sim,Sim,DSL,Não,Não,Não,Sim,Não,Não,Dois anos,Sim,Cheque eletrônico,29.02,1258.09,0
Masculino,0,Sim,Sim,14,Sim,Sim,DSL,Não,Não,Não,Sim,Não,Não,Dois anos,Sim,Cheque eletrônico,77.01,1018.64,0
Feminino,0,Sim,Sim,6,Não,Sem serviço telefônico,DSL,Sim,Sim,Não,Não,Sim,Não,Um ano,Não,Cheque enviado pelo correio,51.92,309.44,1
Feminino,1,Sim,Não,42,Não,Sem serviço telefônico,Fibra óptica,Não,Não,Sim,Não,Não,Sim,Mês a mês,Sim,Transferência bancária,105.53,4458.81,1
Masculino,0,Não,Sim,17,Sim,Sim,Não,Sem serviço de internet,Sem serviço de internet,Sem serviço de internet,Sem serviço de internet,Sem serviço de internet,Sem serviço de internet,Mês a mês,Sim,Cheque eletrônico,83.89,1386.38,0
Masculino,0,Não,Não,42,Sim,Sim,Fibra óptica,Não,Não,Não,Sim,Sim,Não,Mês a mês,Sim,Cheque eletrônico,117.81,4228.96,1
Feminino,0,Não,Não,10,Sim,Não,Não,Sem serviço de internet,Sem serviço de internet,Sem serviço de internet,Sem serviço de internet,Sem serviço de internet,Sem serviço de internet,Mês a mês,Sim,Transferência bancária,108.84,1099.41,0
Feminino,1,Sim,Não,46,Sim,Sim,Não,Sem serviço de internet,Sem serviço de internet,Sem serviço de internet,Sem serviço de internet,Sem serviço de internet,Sem serviço de internet,Mês a mês,Não,Cheque eletrônico,75.07,3313.05,0
Masculino,1,Sim,Não,49,Sim,Não,Fibra óptica,Não,Sim,Sim,Não,Não,Sim,Um ano,Não,Cheque enviado pelo correio,101.14,4909.43,0
Masculino,1,Sim,Não,9,Sim,Sim,DSL,Não,Não,Sim,Não,Não,Não,Um ano,Sim,Transferência bancária,34.03,267.65,1
Masculino,0,Sim,Não,39,Sim,Sim,Fibra óptica,Não,Não,Sim,Não,Não,Sim,Um ano,Não,Cheque enviado pelo correio,104.02,4126.41,0
Feminino,0,Sim,Sim,2,Sim,Sim,DSL,Não,Não,Sim,Não,Não,Sim,Mês a mês,Sim,Cartão de crédito,89.59,196.3,1
Masculino,0,Não,Sim,68,Sim,Sim,Não,Sem serviço de internet,Sem serviço de internet,Sem serviço de internet,Sem serviço de internet,Sem serviço de internet,Sem serviço de internet,Mês a mês,Sim,Cartão de crédito,56.73,3402.87,0
Feminino,0,Não,Não,52,Sim,Sim,DSL,Sim,Não,Não,Não,Não,Não,Dois anos,Sim,Cartão de crédito,98.7,4792.92,0
Masculino,0,Não,Não,11,Sim,Sim,Fibra óptica,Sim,Não,Sim,Sim,Não,Sim,Um ano,Sim,Cartão de crédito,83.72,871.79,1
Masculino,0,Não,Não,37,Sim,Sim,Fibra óptica,Não,Sim,Não,Não,Não,Não,Dois anos,Sim,Cartão de crédito,26.69,850.4,0
Masculino,0,Não,Sim,72,Sim,Sim,Fibra óptica,Não,Sim,Não,Não,Sim,Não,Mês a mês,Não,Cheque eletrônico,115.89,8203.23,0
Masculino,0,Não,Não,22,Sim,Não,DSL,Não,Sim,Sim,Sim,Não,Não,Dois anos,Não,Cheque enviado pelo correio,45.12,882.18,0
Feminino,0,Não,Não,52,Sim,Sim,Não,Sem serviço de internet,Sem serviço de internet,Sem serviço de internet,Sem serviço de internet,Sem serviço de internet,Sem serviço de internet,Um ano,Sim,Cartão de crédito,72.73,3392.04,0
Feminino,0,Não,Não,5,Não,Sem serviço telefônico,DSL,Não,Sim,Não,Sim,Não,Não,Mês a mês,Sim,Transferência bancária,104.92,540.59,1
Masculino,1,Não,Sim,2,Sim,Sim,DSL,Não,Sim,Sim,Não,Não,Sim,Mês a mês,Sim,Cheque eletrônico,46.87,91.26,1
Feminino,0,Não,Sim,5,Sim,Não,Fibra óptica,Não,Não,Sim,Sim,Não,Não,Mês a mês,Sim,Cheque enviado pelo correio,41.09,223.45,1
Masculino,0,Sim,Sim,32,Sim,Não,DSL,Não,Sim,Não,Não,Não,Não,Mês a mês,Não,Cartão de crédito,73.53,2001.75,0
Masculino,0,Não,Sim,19,Sim,Não,Fibra óptica,Não,Não,Não,Não,Não,Não,Mês a mês,Sim,Cartão de crédito,53.18,1125.3,1
Masculino,0,Não,Não,4,Não,Sem serviço telefônico,Não,Sem serviço de internet,Sem serviço de internet,Sem serviço de internet,Sem serviço de internet,Sem serviço de internet,Sem serviço de internet,Mês a mês,Sim,Transferência bancária,87.19,355.51,1
Masculino,0,Não,Sim,46,Não,Sem serviço telefônico,Fibra óptica,Não,Sim,Não,Não,Sim,Sim,Mês a mês,Sim,Cheque eletrônico,50.18,2434.37,0
Feminino,0,Sim,Não,26,Sim,Não,DSL,Sim,Sim,Não,Não,Sim,Não,Dois anos,Sim,Cheque enviado pelo correio,116.93,2897.12,0
Masculino,0,Sim,Não,50,Sim,Sim,DSL,Não,Sim,Não,Não,Não,Sim,Mês a mês,Sim,Cheque eletrônico,46.28,1998.67,0
Masculino,0,Não,Não,26,Não,Sem serviço telefônico,DSL,Não,Não,Não,Não,Sim,Não,Dois anos,Sim,Transferência bancária,81.74,1976.94,0
Feminino,1,Não,Não,71,Sim,Não,Fibra óptica,Não,Sim,Não,Sim,Não,Sim,Dois anos,Sim,Cheque eletrônico,45.15,3018.58,0
Masculino,0,Sim,Não,32,Não,Sem serviço telefônico,DSL,Não,Sim,Sim,Não,Sim,Sim,Mês a mês,Sim,Cartão de crédito,64.14,1984.81,0
Masculino,0,Não,Não,44,Sim,Sim,DSL,Sim,Não,Não,Não,Não,Sim,Mês a mês,Sim,Cheque eletrônico,47.13,2210.58,0
Masculino,0,Não,Sim,26,Sim,Sim,Não,Sem serviço de internet,Sem serviço de internet,Sem serviço de internet,Sem serviço de internet,Sem serviço de internet,Sem serviço de internet,Um ano,Não,Cheque enviado pelo correio,59.59,1677.26,0
Feminino,1,Sim,Sim,61,Sim,Sim,DSL,Não,Não,Não,Sim,Sim,Sim,Dois anos,Não,Transferência bancária,81.19,5560.44,0
Masculino,0,Não,Sim,51,Sim,Não,Fibra óptica,Sim,Não,Não,Não,Sim,Não,Dois anos,Não,Cheque eletrônico,88.58,3956.3,0
Feminino,0,Sim,Sim,59,Sim,Não,Fibra óptica,Não,Sim,Não,Não,Sim,Não,Um ano,Não,Cartão de crédito,41.57,2525.81,0
Masculino,1,Não,Não,38,Sim,Sim,DSL,Não,Sim,Não,Não,Não,Não,Dois anos,Sim,Cartão de crédito,107.91,3635.31,0
Masculino,1,Não,Não,26,Sim,Sim,Não,Sem serviço de internet,Sem serviço de internet,Sem serviço de internet,Sem serviço de internet,Sem serviço de internet,Sem serviço de internet,Dois anos,Não,Cartão de crédito,50.22,1426.12,0
Feminino,1,Não,Sim,45,Sim,Sim,DSL,Não,Sim,Sim,Sim,Sim,Sim,Dois anos,Sim,Transferência bancária,24.18,1038.47,0
Masculino,0,Não,Não,31,Sim,Não,Fibra óptica,Não,Não,Não,Sim,Não,Não,Mês a mês,Sim,Transferência bancária,112.69,3094.21,0
Masculino,0,Sim,Não,70,Sim,Sim,Não,Sem serviço de internet,Sem serviço de internet,Sem serviço de internet,Sem serviço de internet,Sem serviço de internet,Sem serviço de internet,Um ano,Sim,Cartão de crédito,45.23,3081.86,0
Feminino,1,Não,Não,45,Sim,Sim,Fibra óptica,Não,Não,Não,Sim,Não,Não,Mês a mês,Sim,Cheque eletrônico,117.68,5424.68,0
Feminino,0,Não,Sim,31,Sim,Sim,Fibra óptica,Não,Não,Não,Sim,Não,Não,Dois anos,Sim,Cheque enviado pelo correio,72.73,2501.65,0
Feminino,0,Não,Sim,61,Sim,Sim,Fibra óptica,Não,Não,Não,Não,Não,Sim,Mês a mês,Não,Cheque eletrônico,102.88,6615.43,1
Feminino,0,Sim,Não,48,Sim,Não,Não,Sem serviço de internet,Sem serviço de internet,Sem serviço de internet,Sem serviço de internet,Sem serviço de internet,Sem serviço de internet,Dois anos,Sim,Cheque eletrônico,28.84,1468.74,0
Feminino,0,Sim,Sim,45,Sim,Sim,Não,Sem serviço de internet,Sem serviço de internet,Sem serviço de internet,Sem serviço de internet,Sem serviço de internet,Sem serviço de internet,Mês a mês,Sim,Transferência bancária,73.16,3434.32,0
Masculino,1,Não,Não,60,Sim,Não,Fibra óptica,Não,Não,Sim,Sim,Não,Não,Dois anos,Sim,Cheque eletrônico,19.87,1120.84,0
Feminino,0,Não,Não,61,Sim,Sim,DSL,Não,Não,Sim,Sim,Sim,Não,Mês a mês,Sim,Cheque enviado pelo correio,55.98,2915.53,0
Masculino,0,Sim,Não,52,Sim,Não,DSL,Sim,Sim,Não,Não,Não,Não,Mês a mês,Não,Cartão de crédito,22.11,1188.22,1
Masculino,1,Não,Não,52,Sim,Não,Fibra óptica,Sim,Sim,Sim,Não,Sim,Não,Um ano,Sim,Cheque enviado pelo correio,64.22,3255.3,1
Masculino,0,Não,Sim,62,Sim,Sim,Fibra óptica,Sim,Não,Não,Sim,Não,Sim,Mês a mês,Sim,Cheque eletrônico,89.31,5058.09,0
Feminino,0,Não,Não,26,Sim,Sim,Fibra óptica,Sim,Sim,Não,Sim,Não,Sim,Dois anos,Sim,Cheque enviado pelo correio,105.76,3131.15,0
Feminino,0,Não,Sim,67,Sim,Sim,DSL,Não,Não,Sim,Não,Não,Não,Dois anos,Não,Transferência bancária,84.51,5477.83,0
Masculino,0,Não,Não,49,Sim,Sim,Não,Sem serviço de internet,Sem serviço de internet,Sem serviço de internet,Sem serviço de internet,Sem serviço de internet,Sem serviço de internet,Mês a mês,Não,Transferência bancária,90.52,4109.03,0
Feminino,0,Não,Sim,44,Sim,Não,Fibra óptica,Sim,Não,Sim,Não,Não,Não,Um ano,Sim,Cheque eletrônico,39.78,1491.77,0
Feminino,0,Sim,Não,36,Sim,Não,Fibra óptica,Não,Não,Não,Não,Não,Sim,Mês a mês,Não,Cheque eletrônico,47.29,1842.39,1
Feminino,0,Não,Sim,53,Sim,Sim,Fibra óptica,Sim,Não,Não,Não,Não,Não,Mês a mês,Não,Transferência bancária,111.78,5352.34,1
Feminino,0,Não,Não,44,Sim,Não,DSL,Não,Sim,Não,Não,Não,Sim,Dois anos,Sim,Cheque eletrônico,34.31,1465.9,0
Masculino,0,Não,Não,22,Não,Sem serviço telefônico,Fibra óptica,Não,Não,Não,Não,Sim,Não,Mês a mês,Sim,Cartão de crédito,117.07,2653.47,1
Masculino,0,Não,Não,2,Sim,Sim,Não,Sem serviço de internet,Sem serviço de internet,Sem serviço de internet,Sem serviço de internet,Sem serviço de internet,Sem serviço de internet,Mês a mês,Sim,Cheque eletrônico,102.05,177.67,1
Feminino,0,Sim,Sim,7,Sim,Não,DSL,Não,Não,Sim,Não,Sim,Não,Mês a mês,Sim,Cartão de crédito,98.24,675.39,0
Masculino,0,Sim,Não,16,Não,Sem serviço telefônico,DSL,Não,Não,Não,Não,Não,Não,Um ano,Não,Cartão de crédito,98.84,1365.55,0
Feminino,0,Não,Não,44,Sim,Sim,Fibra óptica,Não,Sim,Não,Sim,Não,Sim,Um ano,Sim,Cartão de crédito,55.26,2366.33,1
Feminino,0,Sim,Não,65,Sim,Sim,Fibra óptica,Sim,Não,Sim,Sim,Sim,Sim,Mês a mês,Sim,Transferência bancária,97.27,5647.53,0
Masculino,0,Não,Não,71,Sim,Não,Fibra óptica,Sim,Não,Não,Não,Não,Sim,Mês a mês,Sim,Cartão de crédito,53.43,3249.17,1
Masculino,0,Sim,Não,69,Sim,Não,Não,Sem serviço de internet,Sem serviço de internet,Sem serviço de internet,Sem serviço de internet,Sem serviço de internet,Sem serviço de internet,Um ano,Não,Cheque eletrônico,54.63,3432.01,1
Masculino,1,Sim,Sim,61,Sim,Não,Fibra óptica,Não,Sim,Não,Sim,Sim,Não,Um ano,Sim,Cheque eletrônico,97.39,6194.72,1
Feminino,0,Sim,Não,30,Sim,Sim,Fibra óptica,Não,Sim,Não,Não,Não,Não,Dois anos,Sim,Transferência bancária,57.04,1872.06,0
Masculino,0,Não,Não,42,Sim,Não,Fibra óptica,Não,Não,Não,Não,Não,Sim,Um ano,Sim,Cheque eletrônico,98.8,4249.11,0
Feminino,0,Não,Não,25,Não,Sem serviço telefônico,DSL,Sim,Não,Não,Não,Não,Não,Mês a mês,Não,Transferência bancária,19.13,418.59,0
Masculino,1,Não,Não,71,Sim,Não,Fibra óptica,Não,Sim,Não,Não,Não,Sim,Mês a mês,Sim,Cheque enviado pelo correio,35.16,2141.14,1
Masculino,0,Não,Não,57,Sim,Sim,Fibra óptica,Sim,Sim,Não,Sim,Sim,Não,Mês a mês,Não,Transferência bancária,111.34,7238.34,0
Feminino,0,Sim,Não,32,Sim,Sim,Fibra óptica,Não,Não,Não,Não,Não,Não,Dois anos,Não,Transferência bancária,80.95,2912.09,0
Feminino,0,Sim,Sim,50,Não,Sem serviço telefônico,DSL,Não,Não,Sim,Sim,Não,Sim,Mês a mês,Sim,Cheque enviado pelo correio,64.81,3525.15,1
Feminino,0,Não,Não,10,Não,Sem serviço telefônico,Fibra óptica,Sim,Sim,Não,Não,Sim,Não,Mês a mês,Não,Cartão de crédito,76.01,766.97,0
Feminino,0,Não,Sim,22,Sim,Sim,DSL,Não,Não,Não,Não,Sim,Sim,Um ano,Não,Cheque enviado pelo correio,58.21,1220.36,0
Feminino,0,Sim,Não,41,Sim,Não,Fibra óptica,Sim,Sim,Não,Não,Sim,Sim,Mês a mês,Não,Cartão de crédito,31.28,1413.7,0
Feminino,0,Não,Não,47,Sim,Não,Fibra óptica,Sim,Não,Não,Não,Sim,Sim,Um ano,Sim,Cheque eletrônico,107.12,5443.09,1
Feminino,0,Não,Não,14,Sim,Sim,DSL,Sim,Não,Não,Não,Sim,Sim,Mês a mês,Não,Cheque enviado pelo correio,93.41,1274.25,1
Feminino,0,Sim,Não,3,Sim,Sim,DSL,Sim,Não,Não,Não,Não,Não,Mês a mês,Sim,Cheque eletrônico,87.79,255.94,1
Masculino,0,Sim,Não,53,Não,Sem serviço telefônico,Não,Sem serviço de internet,Sem serviço de internet,Sem serviço de internet,Sem serviço de internet,Sem serviço de internet,Sem serviço de internet,Um ano,Sim,Cheque eletrônico,102.38,5374.09,0
Feminino,0,Não,Sim,16,Sim,Sim,Não,Sem serviço de internet,Sem serviço de internet,Sem serviço de internet,Sem serviço de internet,Sem serviço de internet,Sem serviço de internet,Mês a mês,Não,Cheque enviado pelo correio,92.57,1305.89,1
Feminino,0,Sim,Sim,61,Sim,Não,Fibra óptica,Não,Não,Não,Sim,Não,Não,Mês a mês,Sim,Cheque eletrônico,69.58,4525.87,1
Masculino,0,Sim,Não,28,Sim,Não,DSL,Sim,Sim,Não,Sim,Não,Não,Mês a mês,Sim,Cartão de crédito,31.71,819.68,0
Feminino,0,Não,Sim,35,Sim,Não,DSL,Sim,Não,Sim,Não,Sim,Sim,Mês a mês,Sim,Cheque enviado pelo correio,28.74,1152.37,1
Masculino,1,Sim,Sim,2,Sim,Não,Fibra óptica,Sim,Não,Não,Não,Não,Não,Mês a mês,Não,Cheque eletrônico,21.14,40.29,1
Masculino,0,Não,Não,61,Sim,Não,Fibra óptica,Não,Não,Sim,Não,Sim,Sim,Um ano,Sim,Cheque eletrônico,67.17,3878.98,1
Feminino,1,Sim,Sim,56,Sim,Sim,Fibra óptica,Sim,Sim,Não,Não,Sim,Sim,Um ano,Sim,Cheque eletrônico,33.95,2007.42,0
Masculino,0,Não,Sim,55,Sim,Não,Não,Sem serviço de internet,Sem serviço de internet,Sem serviço de internet,Sem serviço de internet,Sem serviço de internet,Sem serviço de internet,Mês a mês,Sim,Cheque enviado pelo correio,45.3,2674.09,0
Feminino,1,Não,Sim,18,Sim,Não,DSL,Sim,Não,Não,Não,Sim,Sim,Dois anos,Sim,Cheque enviado pelo correio,105.79,1982.93,0
Masculino,0,Sim,Não,71,Sim,Sim,Fibra óptica,Sim,Não,Não,Sim,Não,Sim,Mês a mês,Sim,Cheque eletrônico,78.76,5601.99,0
Masculino,0,Sim,Sim,49,Sim,Não,DSL,Não,Não,Não,Não,Sim,Não,Dois anos,Sim,Cartão de crédito,116.54,5416.66,1
Masculino,0,Não,Não,42,Sim,Sim,DSL,Sim,Sim,Não,Sim,Não,Sim,Mês a mês,Sim,Transferência bancária,113.0,4333.03,0
Feminino,0,Não,Sim,7,Sim,Não,DSL,Sim,Não,Não,Não,Não,Não,Mês a mês,Sim,Cheque eletrônico,62.21,448.67,1
Feminino,0,Não,Não,4,Sim,Não,DSL,Não,Não,Não,Não,Não,Sim,Mês a mês,Não,Cheque enviado pelo correio,83.75,306.83,0
Masculino,0,Sim,Não,43,Sim,Não,DSL,Não,Não,Sim,Não,Sim,Sim,Mês a mês,Sim,Cartão de crédito,112.82,4688.5,1
Masculino,0,Não,Não,59,Sim,Sim,Não,Sem serviço de internet,Sem serviço de internet,Sem serviço de internet,Sem serviço de internet,Sem serviço de internet,Sem serviço de internet,Dois anos,Não,Transferência bancária,96.45,5801.6,0
Feminino,0,Não,Não,49,Sim,Não,DSL,Não,Sim,Não,Não,Sim,Sim,Mês a mês,Sim,Cheque eletrônico,83.59,4208.05,1
Feminino,0,Não,Não,60,Sim,Não,DSL,Não,Sim,Sim,Sim,Não,Não,Dois anos,Sim,Cartão de crédito,77.25,5234.77,0
Masculino,0,Não,Não,6,Sim,Não,DSL,Não,Não,Não,Sim,Não,Não,Mês a mês,Sim,Cartão de crédito,72.24,389.07,1
Masculino,0,Sim,Não,20,Sim,Sim,DSL,Não,Não,Sim,Não,Não,Sim,Mês a mês,Não,Transferência bancária,31.87,632.78,0
Feminino,0,Não,Não,31,Sim,Não,Não,Sem serviço de internet,Sem serviço de internet,Sem serviço de internet,Sem serviço de internet,Sem serviço de internet,Sem serviço de internet,Dois anos,Sim,Cheque eletrônico,28.62,984.08,0
Feminino,0,Sim,Não,22,Sim,Sim,Fibra óptica,Não,Não,Sim,Não,Não,Sim,Mês a mês,Sim,Cheque eletrônico,42.06,864.26,0
Feminino,0,Sim,Não,32,Sim,Não,DSL,Não,Sim,Não,Não,Não,Não,Mês a mês,Não,Transferência bancária,75.35,2427.77,0
Feminino,1,Não,Não,47,Sim,Não,DSL,Não,Não,Sim,Não,Sim,Sim,Um ano,Sim,Cheque eletrônico,111.05,5391.33,0
Feminino,0,Não,Sim,34,Sim,Não,Fibra óptica,Sim,Não,Não,Não,Não,Sim,Dois anos,Não,Cheque enviado pelo correio,57.39,2058.54,0
Masculino,0,Sim,Não,27,Não,Sem serviço telefônico,Não,Sem serviço de internet,Sem serviço de internet,Sem serviço de internet,Sem serviço de internet,Sem serviço de internet,Sem serviço de internet,Mês a mês,Não,Cheque eletrônico,103.86,2920.18,1
Feminino,0,Não,Não,44,Sim,Não,Fibra óptica,Não,Não,Sim,Não,Sim,Não,Um ano,Sim,Cheque eletrônico,20.19,893.83,0
Masculino,0,Sim,Não,30,Sim,Não,DSL,Não,Não,Não,Sim,Não,Não,Mês a mês,Sim,Cheque enviado pelo correio,92.03,2536.33,0
Feminino,0,Não,Não,33,Sim,Não,Não,Sem serviço de internet,Sem serviço de internet,Sem serviço de internet,Sem serviço de internet,Sem serviço de internet,Sem serviço de internet,Mês a mês,Sim,Transferência bancária,26.95,966.64,1
Masculino,0,Não,Sim,27,Sim,Sim,Fibra óptica,Não,Não,Sim,Não,Não,Não,Mês a mês,Não,Cheque eletrônico,108.06,3293.8,1
Feminino,0,Sim,Não,56,Sim,Não,Fibra óptica,Não,Sim,Sim,Sim,Sim,Sim,Mês a mês,Não,Cheque eletrônico,66.38,3914.39,1
Feminino,0,Sim,Não,23,Sim,Sim,Fibra óptica,Sim,Não,Sim,Não,Não,Não,Mês a mês,Sim,Cheque eletrônico,68.76,1503.21,0
Masculino,0,Sim,Sim,43,Sim,Não,Não,Sem serviço de internet,Sem serviço de internet,Sem serviço de internet,Sem serviço de internet,Sem serviço de internet,Sem serviço de internet,Mês a mês,Não,Transferência bancária,109.88,5428.9,0
Masculino,0,Sim,Não,54,Sim,Sim,Fibra óptica,Não,Sim,Não,Não,Sim,Não,Dois anos,Sim,Cheque eletrônico,61.89,3068.33,0
Feminino,0,Sim,Não,68,Sim,Sim,Fibra óptica,Não,Sim,Não,Não,Não,Não,Mês a mês,Sim,Cheque enviado pelo correio,108.26,8464.85,1
Feminino,0,Não,Sim,53,Sim,Não,Fibra óptica,Sim,Não,Sim,Sim,Não,Sim,Um ano,Sim,Cheque eletrônico,86.11,4578.22,1
Feminino,1,Sim,Sim,40,Sim,Não,DSL,Sim,Não,Não,Não,Não,Sim,Mês a mês,Sim,Transferência bancária,46.28,1870.59,0
Feminino,0,Não,Sim,60,Sim,Sim,DSL,Não,Não,Não,Não,Não,Não,Mês a mês,Sim,Transferência bancária,24.07,1480.06,0
Feminino,0,Sim,Não,9,Sim,Sim,Fibra óptica,Não,Sim,Sim,Não,Sim,Não,Mês a mês,Não,Cartão de crédito,108.47,868.91,1
Masculino,0,Não,Não,10,Sim,Sim,Não,Sem serviço de internet,Sem serviço de internet,Sem serviço de internet,Sem serviço de internet,Sem serviço de internet,Sem serviço de internet,Dois anos,Não,Cartão de crédito,50.47,534.67,0
Masculino,0,Sim,Sim,10,Sim,Não,Fibra óptica,Não,Não,Não,Não,Não,Sim,Dois anos,Sim,Cartão de crédito,20.45,202.39,1
Feminino,0,Sim,Não,30,Não,Sem serviço telefônico,Fibra óptica,Não,Não,Sim,Não,Sim,Sim,Mês a mês,Sim,Cartão de crédito,108.67,3074.45,1
Masculino,0,Não,Sim,10,Sim,Não,Fibra óptica,Não,Não,Não,Não,Não,Não,Mês a mês,Não,Cartão de crédito,71.26,765.29,1
Masculino,0,Sim,Não,58,Sim,Sim,DSL,Não,Sim,Sim,Não,Sim,Não,Mês a mês,Sim,Cheque eletrônico,87.74,5423.12,0
Masculino,0,Não,Sim,36,Sim,Não,DSL,Sim,Não,Não,Não,Não,Não,Dois anos,Sim,Transferência bancária,113.31,3519.06,0
Feminino,0,Não,Não,44,Sim,Não,Não,Sem serviço de internet,Sem serviço de internet,Sem serviço de internet,Sem serviço de internet,Sem serviço de internet,Sem serviço de internet,Dois anos,Sim,Cheque enviado pelo correio,37.73,1546.9,0
Masculino,0,Não,Não,57,Sim,Sim,DSL,Não,Não,Não,Sim,Sim,Não,Mês a mês,Sim,Cheque eletrônico,81.14,4261.13,0
Feminino,0,Sim,Não,43,Sim,Sim,Não,Sem serviço de internet,Sem serviço de internet,Sem serviço de internet,Sem serviço de internet,Sem serviço de internet,Sem serviço de internet,Mês a mês,Não,Cheque enviado pelo correio,35.33,1446.91,0
Masculino,0,Sim,Sim,23,Sim,Não,Fibra óptica,Sim,Não,Sim,Não,Não,Sim,Um ano,Sim,Cheque eletrônico,43.91,986.25,0
Feminino,0,Não,Sim,4,Sim,Não,Não,Sem serviço de internet,Sem serviço de internet,Sem serviço de internet,Sem serviço de internet,Sem serviço de internet,Sem serviço de internet,Mês a mês,Sim,Cheque eletrônico,72.1,318.2,0
Masculino,0,Não,Não,12,Não,Sem serviço telefônico,Fibra óptica,Sim,Não,Não,Não,Não,Sim,Dois anos,Sim,Cheque enviado pelo correio,40.29,513.04,0
Feminino,0,Sim,Sim,49,Sim,Sim,Fibra óptica,Não,Sim,Não,Não,Não,Não,Mês a mês,Não,Transferência bancária,65.08,3551.03,0
Feminino,1,Sim,Não,24,Sim,Sim,Fibra óptica,Não,Não,Sim,Sim,Não,Sim,Dois anos,Sim,Cartão de crédito,19.6,496.02,0
Masculino,0,Sim,Não,13,Sim,Sim,Fibra óptica,Não,Não,Sim,Não,Sim,Sim,Um ano,Não,Cheque eletrônico,83.0,955.95,0
Feminino,0,Não,Não,68,Sim,Sim,Não,Sem serviço de internet,Sem serviço de internet,Sem serviço de internet,Sem serviço de internet,Sem serviço de internet,Sem serviço de internet,Mês a mês,Sim,Transferência bancária,94.58,6329.29,0
Feminino,0,Sim,Não,72,Sim,Sim,DSL,Não,Não,Não,Não,Não,Não,Mês a mês,Sim,Cheque eletrônico,41.3,3104.37,0
Feminino,1,Não,Não,34,Sim,Não,Fibra óptica,Sim,Não,Sim,Sim,Não,Sim,Mês a mês,Não,Transferência bancária,20.82,702.07,0
Feminino,0,Sim,Não,9,Sim,Não,Fibra óptica,Não,Não,Sim,Não,Não,Sim,Mês a mês,Não,Transferência bancária,24.74,197.27,1
Feminino,0,Sim,Não,10,Sim,Não,Não,Sem serviço de internet,Sem serviço de internet,Sem serviço de internet,Sem serviço de internet,Sem serviço de internet,Sem serviço de internet,Dois anos,Sim,Cheque enviado pelo correio,81.16,703.1,0
Feminino,0,Sim,Não,65,Sim,Sim,DSL,Não,Sim,Sim,Não,Não,Sim,Um ano,Sim,Cheque eletrônico,117.98,7329.97,0
Feminino,0,Não,Não,72,Sim,Sim,DSL,Sim,Não,Não,Sim,Não,Não,Mês a mês,Não,Cartão de crédito,86.59,6840.23,0
Feminino,0,Sim,Sim,54,Sim,Sim,Não,Sem serviço de internet,Sem serviço de internet,Sem serviço de internet,Sem serviço de internet,Sem serviço de internet,Sem serviço de internet,Um ano,Sim,Cheque eletrônico,18.93,1105.8,0
Masculino,0,Sim,Não,43,Sim,Não,Não,Sem serviço de internet,Sem serviço de internet,Sem serviço de internet,Sem serviço de internet,Sem serviço de internet,Sem serviço de internet,Um ano,Não,Cheque eletrônico,111.78,5421.55,0
Masculino,0,Sim,Sim,59,Sim,Não,DSL,Não,Sim,Não,Sim,Sim,Não,Mês a mês,Não,Cheque eletrônico,103.78,6230.15,0
Feminino,0,Sim,Não,59,Sim,Sim,DSL,Sim,Não,Sim,Sim,Não,Sim,Mês a mês,Sim,Cheque eletrônico,70.27,4076.97,0
Feminino,0,Sim,Sim,67,Sim,Sim,Fibra óptica,Sim,Sim,Não,Sim,Não,Sim,Mês a mês,Sim,Cartão de crédito,99.04,7222.6,0
Masculino,0,Não,Não,61,Sim,Sim,DSL,Não,Sim,Não,Sim,Não,Não,Mês a mês,Sim,Cheque enviado pelo correio,47.41,2892.98,0
Masculino,0,Não,Não,38,Sim,Não,Não,Sem serviço de internet,Sem serviço de internet,Sem serviço de internet,Sem serviço de internet,Sem serviço de internet,Sem serviço de internet,Um ano,Não,Cartão de crédito,30.21,1051.01,0
Masculino,0,Sim,Não,8,Sim,Sim,Não,Sem serviço de internet,Sem serviço de internet,Sem serviço de internet,Sem serviço de internet,Sem serviço de internet,Sem serviço de internet,Dois anos,Não,Transferência bancária,33.67,309.72,0
Feminino,0,Não,Não,65,Sim,Sim,DSL,Não,Sim,Não,Não,Sim,Não,Um ano,Sim,Cheque eletrônico,41.61,2348.61,0
Masculino,0,Sim,Sim,5,Sim,Sim,DSL,Não,Sim,Não,Não,Não,Sim,Um ano,Não,Cheque eletrônico,45.18,254.13,0
Feminino,0,Sim,Não,43,Sim,Não,DSL,Não,Sim,Sim,Não,Não,Não,Mês a mês,Não,Cheque enviado pelo correio,60.16,2344.61,1
Feminino,0,Não,Não,60,Sim,Sim,Não,Sem serviço de internet,Sem serviço de internet,Sem serviço de internet,Sem serviço de internet,Sem serviço de internet,Sem serviço de internet,Mês a mês,Sim,Cheque eletrônico,86.98,5826.88,1
Masculino,0,Não,Não,26,Sim,Não,Fibra óptica,Não,Não,Não,Não,Não,Não,Mês a mês,Sim,Cartão de crédito,31.18,916.29,1
Feminino,0,Não,Não,11,Sim,Não,DSL,Não,Não,Não,Sim,Não,Sim,Um ano,Não,Cartão de crédito,37.9,451.87,0
Feminino,0,Sim,Não,34,Sim,Não,Fibra óptica,Sim,Não,Sim,Não,Não,Sim,Um ano,Sim,Cheque eletrônico,29.39,1131.79,0
Feminino,0,Sim,Não,2,Sim,Sim,Não,Sem serviço de internet,Sem serviço de internet,Sem serviço de internet,Sem serviço de internet,Sem serviço de internet,Sem serviço de internet,Dois anos,Não,Cheque enviado pelo correio,66.37,140.43,0
Feminino,0,Não,Não,21,Sim,Sim,Fibra óptica,Não,Sim,Sim,Não,Sim,Não,Mês a mês,Sim,Transferência bancária,89.37,1792.16,0
Masculino,0,Não,Sim,26,Sim,Não,Não,Sem serviço de internet,Sem serviço de internet,Sem serviço de internet,Sem serviço de internet,Sem serviço de internet,Sem serviço de internet,Um ano,Não,Cheque eletrônico,62.27,1821.4,0
Masculino,0,Sim,Não,5,Sim,Sim,Fibra óptica,Não,Não,Sim,Sim,Sim,Sim,Mês a mês,Sim,Cheque eletrônico,92.41,398.04,1
Feminino,0,Não,Não,9,Sim,Sim,Fibra óptica,Sim,Não,Não,Não,Sim,Não,Um ano,Sim,Cheque enviado pelo correio,74.79,618.24,0
Feminino,0,Não,Sim,50,Sim,Sim,Fibra óptica,Não,Sim,Não,Sim,Não,Não,Mês a mês,Sim,Cheque enviado pelo correio,49.64,2764.47,1
Masculino,0,Sim,Não,10,Não,Sem serviço telefônico,Não,Sem serviço de internet,Sem serviço de internet,Sem serviço de internet,Sem serviço de internet,Sem serviço de internet,Sem serviço de internet,Mês a mês,Não,Cheque eletrônico,72.49,759.8,0
Feminino,0,Não,Sim,58,Sim,Sim,DSL,Não,Sim,Sim,Sim,Sim,Sim,Dois anos,Não,Cheque enviado pelo correio,101.13,6425.13,0
Masculino,0,Não,Sim,10,Sim,Não,Fibra óptica,Não,Não,Não,Não,Não,Não,Um ano,Não,Cartão de crédito,35.3,350.22,0
Feminino,1,Sim,Não,36,Sim,Sim,Fibra óptica,Não,Não,Sim,Não,Não,Sim,Um ano,Não,Cheque eletrônico,74.33,2910.81,1
Feminino,0,Não,Não,56,Sim,Sim,Fibra óptica,Não,Não,Não,Sim,Não,Não,Mês a mês,Não,Cheque eletrônico,85.46,4635.68,0
Masculino,0,Sim,Sim,62,Sim,Não,Fibra óptica,Não,Não,Não,Não,Não,Não,Dois anos,Sim,Cheque eletrônico,108.4,6222.65,0
Masculino,0,Sim,Não,37,Sim,Não,DSL,Sim,Sim,Não,Não,Sim,Não,Mês a mês,Sim,Cheque enviado pelo correio,78.39,3111.09,0
Masculino,0,Não,Não,41,Sim,Sim,Fibra óptica,Não,Sim,Sim,Não,Não,Não,Mês a mês,Não,Cheque enviado pelo correio,22.26,833.59,0
Masculino,0,Não,Sim,48,Sim,Sim,DSL,Não,Não,Não,Não,Não,Não,Mês a mês,Sim,Transferência bancária,74.87,3331.17,1
Feminino,0,Não,Não,22,Sim,Não,Fibra óptica,Não,Não,Não,Não,Não,Sim,Mês a mês,Sim,Cheque eletrônico,38.32,737.28,1
Masculino,0,Não,Não,61,Sim,Sim,Não,Sem serviço de internet,Sem serviço de internet,Sem serviço de internet,Sem serviço de internet,Sem serviço de internet,Sem serviço de internet,Mês a mês,Não,Transferência bancária,64.42,4066.94,0
Feminino,0,Não,Não,48,Sim,Sim,Fibra óptica,Não,Não,Não,Não,Sim,Sim,Um ano,Não,Cartão de crédito,74.68,3515.79,0
Masculino,0,Não,Sim,64,Sim,Não,DSL,Não,Não,Não,Não,Não,Sim,Mês a mês,Sim,Cartão de crédito,83.87,5848.53,1
Masculino,0,Sim,Não,37,Sim,Não,DSL,Sim,Não,Sim,Não,Sim,Não,Um ano,Não,Cheque enviado pelo correio,25.32,796.85,0
Feminino,0,Não,Sim,41,Sim,Sim,Fibra óptica,Não,Não,Não,Não,Não,Não,Dois anos,Sim,Cheque eletrônico,102.7,3696.72,0
Masculino,0,Não,Sim,5,Sim,Sim,Fibra óptica,Não,Não,Não,Não,Sim,Não,Dois anos,Sim,Cheque enviado pelo correio,112.38,591.73,0
Masculino,1,Sim,Não,52,Sim,Sim,Fibra óptica,Não,Não,Sim,Não,Não,Sim,Mês a mês,Sim,Cheque eletrônico,87.85,4161.76,1
Masculino,0,Não,Sim,17,Sim,Não,DSL,Sim,Não,Não,Não,Não,Não,Dois anos,Sim,Cheque eletrônico,78.34,1314.04,0
Masculino,0,Não,Sim,62,Sim,Não,Fibra óptica,Não,Não,Não,Não,Não,Sim,Dois anos,Sim,Cheque enviado pelo correio,79.88,4843.05,0
Feminino,0,Não,Não,52,Sim,Sim,DSL,Não,Sim,Não,Não,Sim,Não,Mês a mês,Não,Cheque enviado pelo correio,87.8,3954.95,0
Feminino,0,Sim,Não,20,Sim,Não,DSL,Não,Sim,Sim,Não,Sim,Sim,Um ano,Não,Transferência bancária,106.06,2367.66,1
Masculino,0,Não,Sim,16,Sim,Não,DSL,Sim,Não,Não,Não,Não,Sim,Um ano,Sim,Cartão de crédito,33.05,546.64,0
Masculino,1,Sim,Não,7,Sim,Não,DSL,Sim,Não,Não,Não,Não,Sim,Dois anos,Sim,Cartão de crédito,21.43,136.68,0
Masculino,0,Sim,Sim,66,Sim,Não,Fibra óptica,Sim,Não,Não,Não,Não,Sim,Mês a mês,Sim,Cheque enviado pelo correio,25.12,1433.16,1
Feminino,1,Não,Não,12,Sim,Não,Não,Sem serviço de internet,Sem serviço de internet,Sem serviço de internet,Sem serviço de internet,Sem serviço de internet,Sem serviço de internet,Mês a mês,Não,Cartão de crédito,45.81,472.54,1
Feminino,0,Não,Sim,43,Sim,Sim,DSL,Não,Não,Não,Não,Não,Sim,Um ano,Sim,Cartão de crédito,58.28,2655.19,0
Feminino,0,Sim,Não,40,Sim,Sim,DSL,Não,Não,Não,Não,Não,Não,Mês a mês,Sim,Cartão de crédito,64.56,2913.68,1
Feminino,1,Sim,Não,1,Sim,Não,DSL,Não,Não,Sim,Não,Sim,Sim,Mês a mês,Sim,Cheque eletrônico,40.48,43.67,1
Masculino,0,Não,Sim,58,Não,Sem serviço telefônico,DSL,Não,Sim,Não,Não,Não,Sim,Dois anos,Não,Cheque eletrônico,25.53,1451.04,0
Masculino,0,Não,Não,3,Sim,Sim,DSL,Sim,Não,Não,Não,Sim,Não,Um ano,Não,Cheque eletrônico,42.88,146.98,0
Masculino,0,Não,Não,8,Sim,Sim,DSL,Sim,Sim,Não,Não,Não,Não,Um ano,Sim,Cartão de crédito,95.24,675.63,0
Feminino,1,Não,Não,61,Sim,Não,Não,Sem serviço de internet,Sem serviço de internet,Sem serviço de internet,Sem serviço de internet,Sem serviço de internet,Sem serviço de internet,Dois anos,Não,Transferência bancária,78.93,4354.57,0
Masculino,0,Sim,Não,5,Sim,Sim,DSL,Sim,Não,Não,Sim,Não,Não,Mês a mês,Sim,Cheque eletrônico,92.05,505.89,1
Feminino,1,Sim,Não,26,Sim,Sim,Não,Sem serviço de internet,Sem serviço de internet,Sem serviço de internet,Sem serviço de internet,Sem serviço de internet,Sem serviço de internet,Um ano,Sim,Cartão de crédito,70.68,1649.79,0
Feminino,0,Sim,Não,17,Não,Sem serviço telefônico,DSL,Sim,Sim,Não,Sim,Sim,Não,Mês a mês,Sim,Transferência bancária,43.49,662.11,0
Masculino,0,Sim,Não,66,Não,Sem serviço telefônico,DSL,Não,Sim,Não,Não,Sim,Não,Mês a mês,Sim,Cheque eletrônico,114.53,7672.09,0
Masculino,0,Sim,Não,51,Sim,Sim,Fibra óptica,Não,Não,Sim,Não,Não,Sim,Um ano,Não,Cheque enviado pelo correio,102.81,5752.81,0
Masculino,0,Sim,Não,47,Sim,Não,DSL,Não,Sim,Sim,Sim,Não,Não,Dois anos,Sim,Transferência bancária,109.08,4950.54,0
Feminino,1,Não,Não,40,Não,Sem serviço telefônico,Fibra óptica,Não,Não,Sim,Não,Não,Sim,Um ano,Não,Cheque eletrônico,39.48,1581.1,0
Feminino,0,Sim,Não,27,Sim,Sim,DSL,Não,Sim,Sim,Não,Não,Não,Mês a mês,Sim,Transferência bancária,87.75,2696.89,0
Masculino,0,Não,Não,40,Sim,Sim,Fibra óptica,Não,Não,Não,Não,Não,Sim,Um ano,Sim,Transferência bancária,72.8,2687.29,0
Masculino,0,Não,Não,1,Sim,Não,DSL,Não,Sim,Não,Sim,Sim,Não,Mês a mês,Não,Cartão de crédito,39.47,37.31,0
Feminino,0,Não,Sim,46,Sim,Não,Fibra óptica,Não,Não,Sim,Não,Sim,Sim,Mês a mês,Sim,Transferência bancária,99.75,4236.38,0
Masculino,0,Não,Não,11,Sim,Não,Não,Sem serviço de internet,Sem serviço de internet,Sem serviço de internet,Sem serviço de internet,Sem serviço de internet,Sem serviço de internet,Mês a mês,Não,Cheque eletrônico,18.32,200.73,1
Feminino,1,Não,Não,39,Sim,Sim,Fibra óptica,Sim,Sim,Não,Não,Sim,Sim,Mês a mês,Não,Cartão de crédito,35.14,1254.12,0
Feminino,1,Sim,Não,18,Sim,Não,Não,Sem serviço de internet,Sem serviço de internet,Sem serviço de internet,Sem serviço de internet,Sem serviço de internet,Sem serviço de internet,Mês a mês,Sim,Cheque eletrônico,34.64,581.27,0
Masculino,0,Sim,Não,47,Sim,Sim,DSL,Sim,Sim,Não,Não,Sim,Não,Um ano,Não,Cheque enviado pelo correio,76.04,4041.55,0
Masculino,1,Sim,Não,21,Sim,Sim,Não,Sem serviço de internet,Sem serviço de internet,Sem serviço de internet,Sem serviço de internet,Sem serviço de internet,Sem serviço de internet,Um ano,Não,Cheque eletrônico,69.13,1325.11,0
Masculino,1,Sim,Não,28,Sim,Não,Fibra óptica,Sim,Não,Sim,Não,Não,Sim,Mês a mês,Não,Cheque eletrônico,110.94,3367.5,1
Masculino,0,Não,Não,1,Sim,Não,DSL,Não,Não,Não,Sim,Sim,Não,Mês a mês,Não,Cheque eletrônico,100.87,99.07,1
Feminino,0,Não,Não,14,Sim,Não,DSL,Não,Sim,Sim,Sim,Não,Não,Mês a mês,Sim,Transferência bancária,51.0,663.73,1
Feminino,1,Não,Sim,20,Sim,Não,Fibra óptica,Sim,Sim,Não,Não,Não,Não,Mês a mês,Sim,Cheque eletrônico,70.85,1314.59,0
Feminino,0,Sim,Não,45,Sim,Não,DSL,Sim,Não,Não,Sim,Não,Não,Mês a mês,Não,Cheque enviado pelo correio,49.01,2005.31,0
Masculino,1,Não,Não,61,Não,Sem serviço telefônico,Fibra óptica,Não,Não,Sim,Sim,Sim,Não,Dois anos,Sim,Transferência bancária,38.09,2278.22,0
Feminino,0,Sim,Não,27,Sim,Sim,DSL,Não,Sim,Não,Sim,Sim,Não,Dois anos,Sim,Cheque enviado pelo correio,79.08,2026.93,0
Masculino,0,Não,Não,56,Sim,Não,Fibra óptica,Não,Não,Não,Sim,Não,Não,Dois anos,Não,Transferência bancária,100.54,5569.97,0
Masculino,0,Sim,Não,52,Sim,Sim,Fibra óptica,Não,Não,Não,Não,Sim,Não,Mês a mês,Sim,Cartão de crédito,21.0,1102.41,1
Masculino,0,Sim,Sim,68,Sim,Sim,Fibra óptica,Não,Sim,Não,Sim,Não,Sim,Mês a mês,Sim,Cartão de crédito,22.92,1329.32,1
Masculino,0,Sim,Não,37,Sim,Não,Não,Sem serviço de internet,Sem serviço de internet,Sem serviço de internet,Sem serviço de internet,Sem serviço de internet,Sem serviço de internet,Mês a mês,Não,Transferência bancária,21.73,876.59,0
Masculino,0,Não,Sim,31,Sim,Não,DSL,Não,Não,Sim,Não,Sim,Sim,Mês a mês,Sim,Cheque eletrônico,88.16,2933.32,1
Masculino,0,Sim,Não,49,Sim,Sim,Não,Sem serviço de internet,Sem serviço de internet,Sem serviço de internet,Sem serviço de internet,Sem serviço de internet,Sem serviço de internet,Mês a mês,Sim,Cartão de crédito,52.85,2444.46,0
Feminino,0,Sim,Sim,53,Sim,Sim,Não,Sem serviço de internet,Sem serviço de internet,Sem serviço de internet,Sem serviço de internet,Sem serviço de internet,Sem serviço de internet,Mês a mês,Não,Cheque eletrônico,88.9,4534.44,0
Masculino,0,Não,Não,39,Sim,Não,Fibra óptica,Não,Sim,Não,Sim,Não,Sim,Mês a mês,Não,Cartão de crédito,40.28,1791.71,0
Feminino,1,Não,Não,10,Sim,Não,Fibra óptica,Não,Sim,Não,Sim,Sim,Sim,Mês a mês,Sim,Cheque enviado pelo correio,19.05,204.85,1
Feminino,0,Sim,Sim,9,Sim,Não,Não,Sem serviço de internet,Sem serviço de internet,Sem serviço de internet,Sem serviço de internet,Sem serviço de internet,Sem serviço de internet,Mês a mês,Sim,Cartão de crédito,84.49,675.58,0
Masculino,0,Não,Não,13,Sim,Não,Fibra óptica,Não,Não,Sim,Não,Não,Não,Mês a mês,Não,Cheque enviado pelo correio,37.46,425.23,0
Masculino,0,Sim,Sim,18,Sim,Sim,Não,Sem serviço de internet,Sem serviço de internet,Sem serviço de internet,Sem serviço de internet,Sem serviço de internet,Sem serviço de internet,Dois anos,Não,Transferência bancária,73.63,1509.35,0
Masculino,0,Sim,Sim,12,Sim,Não,DSL,Não,Sim,Sim,Sim,Não,Não,Dois anos,Sim,Cheque eletrônico,61.38,784.6,0
Feminino,0,Sim,Não,72,Sim,Sim,Fibra óptica,Não,Não,Não,Sim,Não,Sim,Um ano,Não,Cartão de crédito,107.06,8648.72,0
Masculino,0,Sim,Não,5,Sim,Sim,Fibra óptica,Não,Não,Sim,Não,Não,Não,Dois anos,Sim,Cheque eletrônico,21.78,106.7,1
Feminino,0,Não,Sim,7,Sim,Sim,Fibra óptica,Sim,Não,Não,Não,Sim,Não,Mês a mês,Não,Cheque eletrônico,62.65,430.79,1
Masculino,0,Não,Não,15,Sim,Sim,DSL,Sim,Sim,Sim,Sim,Não,Sim,Mês a mês,Sim,Cheque enviado pelo correio,101.78,1298.72,0
Masculino,0,Sim,Não,67,Sim,Sim,Fibra óptica,Não,Sim,Não,Não,Sim,Não,Dois anos,Sim,Cheque enviado pelo correio,86.03,6612.31,0
Feminino,1,Não,Sim,18,Sim,Sim,Fibra óptica,Não,Não,Não,Sim,Sim,Não,Um ano,Sim,Cheque eletrônico,105.86,2054.64,1
Feminino,0,Não,Não,38,Sim,Não,Fibra óptica,Não,Sim,Não,Não,Não,Não,Dois anos,Não,Cheque eletrônico,117.13,4215.41,0
Masculino,1,Sim,Não,26,Sim,Sim,Fibra óptica,Não,Não,Não,Não,Sim,Não,Mês a mês,Não,Cheque eletrônico,73.69,1919.09,0
Feminino,1,Sim,Não,38,Sim,Sim,DSL,Não,Não,Não,Não,Não,Sim,Mês a mês,Não,Transferência bancária,52.54,1874.08,0
Feminino,1,Não,Não,59,Sim,Não,Não,Sem serviço de internet,Sem serviço de internet,Sem serviço de internet,Sem serviço de internet,Sem serviço de internet,Sem serviço de internet,Mês a mês,Sim,Cheque eletrônico,26.09,1348.15,1
Feminino,1,Não,Não,52,Não,Sem serviço telefônico,Não,Sem serviço de internet,Sem serviço de internet,Sem serviço de internet,Sem serviço de internet,Sem serviço de internet,Sem serviço de internet,Dois anos,Sim,Cheque eletrônico,80.82,4309.51,0
Feminino,0,Não,Não,33,Sim,Não,Não,Sem serviço de internet,Sem serviço de internet,Sem serviço de internet,Sem serviço de internet,Sem serviço de internet,Sem serviço de internet,Um ano,Sim,Cheque enviado pelo correio,95.7,3207.07,1
Feminino,0,Não,Não,21,Sim,Não,DSL,Não,Não,Não,Não,Sim,Não,Um ano,Não,Transferência bancária,67.94,1424.1,1
Masculino,0,Sim,Não,17,Sim,Não,DSL,Não,Não,Sim,Não,Não,Não,Um ano,Não,Cartão de crédito,38.51,752.76,0
Masculino,0,Não,Sim,62,Sim,Sim,Não,Sem serviço de internet,Sem serviço de internet,Sem serviço de internet,Sem serviço de internet,Sem serviço de internet,Sem serviço de internet,Dois anos,Não,Cheque eletrônico,108.48,7538.37,0
Feminino,0,Sim,Não,59,Sim,Não,Fibra óptica,Não,Não,Sim,Sim,Não,Não,Mês a mês,Sim,Cheque enviado pelo correio,107.59,6582.08,1
Masculino,0,Não,Não,2,Sim,Não,Fibra óptica,Não,Não,Não,Não,Não,Não,Dois anos,Sim,Cartão de crédito,56.31,106.31,0
Masculino,1,Não,Não,64,Sim,Não,Fibra óptica,Não,Não,Não,Não,Não,Não,Mês a mês,Não,Transferência bancária,83.73,4791.22,0
Feminino,1,Sim,Não,25,Sim,Não,Não,Sem serviço de internet,Sem serviço de internet,Sem serviço de internet,Sem serviço de internet,Sem serviço de internet,Sem serviço de internet,Dois anos,Não,Transferência bancária,94.97,2619.5,0
Masculino,0,Sim,Não,41,Sim,Não,Fibra óptica,Sim,Não,Não,Não,Não,Não,Mês a mês,Sim,Cartão de crédito,28.18,1036.67,0
Feminino,0,Não,Sim,19,Sim,Sim,DSL,Sim,Não,Não,Não,Não,Não,Mês a mês,Sim,Cheque eletrônico,102.5,1689.61,0
Feminino,1,Sim,Não,38,Sim,Não,Não,Sem serviço de internet,Sem serviço de internet,Sem serviço de internet,Sem serviço de internet,Sem serviço de internet,Sem serviço de internet,Mês a mês,Sim,Cheque enviado pelo correio,91.26,3689.61,1
Masculino,0,Não,Sim,25,Sim,Não,Fibra óptica,Não,Não,Não,Sim,Não,Não,Um ano,Não,Cheque enviado pelo correio,70.17,1624.36,0
Feminino,0,Não,Não,39,Sim,Não,Não,Sem serviço de internet,Sem serviço de internet,Sem serviço de internet,Sem serviço de internet,Sem serviço de internet,Sem serviço de internet,Dois anos,Não,Cheque enviado pelo correio,110.01,4803.34,0
Feminino,0,Não,Não,4,Sim,Não,Fibra óptica,Sim,Não,Não,Não,Não,Não,Dois anos,Não,Cartão de crédito,96.52,431.26,1
Feminino,0,Sim,Sim,3,Sim,Sim,DSL,Não,Não,Não,Sim,Não,Não,Dois anos,Sim,Cheque enviado pelo correio,67.26,206.22,0
Feminino,0,Não,Não,34,Sim,Sim,DSL,Não,Não,Não,Não,Não,Não,Dois anos,Não,Cheque eletrônico,105.75,3853.76,0
Feminino,1,Não,Não,10,Sim,Sim,Fibra óptica,Sim,Não,Sim,Não,Não,Não,Mês a mês,Sim,Cheque eletrônico,105.65,935.51,1
Masculino,0,Não,Não,27,Não,Sem serviço telefônico,Fibra óptica,Sim,Não,Não,Não,Não,Sim,Um ano,Não,Cheque eletrônico,80.02,2231.56,0
Masculino,0,Não,Sim,1,Sim,Sim,Fibra óptica,Sim,Sim,Sim,Não,Sim,Sim,Mês a mês,Não,Transferência bancária,106.62,106.63,1
Feminino,0,Não,Não,44,Sim,Não,DSL,Sim,Não,Não,Não,Sim,Não,Mês a mês,Sim,Cartão de crédito,91.04,3708.1,1
Feminino,0,Não,Não,52,Sim,Não,Fibra óptica,Sim,Sim,Sim,Não,Sim,Não,Mês a mês,Não,Cheque eletrônico,27.66,1609.07,0
Masculino,1,Sim,Não,25,Sim,Não,DSL,Sim,Não,Sim,Não,Não,Não,Mês a mês,Sim,Cheque eletrônico,105.69,2939.6,1
Feminino,0,Não,Não,65,Sim,Sim,Não,Sem serviço de internet,Sem serviço de internet,Sem serviço de internet,Sem serviço de internet,Sem serviço de internet,Sem serviço de internet,Dois anos,Não,Cheque eletrônico,93.01,6624.43,0
Masculino,0,Sim,Não,11,Sim,Sim,Fibra óptica,Sim,Não,Não,Não,Sim,Não,Dois anos,Sim,Transferência bancária,51.18,626.03,0
Feminino,0,Sim,Não,68,Não,Sem serviço telefônico,DSL,Não,Não,Não,Não,Não,Não,Mês a mês,Sim,Cartão de crédito,32.21,2474.61,0
Feminino,0,Sim,Não,15,Sim,Não,Fibra óptica,Não,Não,Não,Não,Sim,Não,Mês a mês,Sim,Cheque enviado pelo correio,25.47,388.8,1
Feminino,0,Não,Não,57,Sim,Não,Não,Sem serviço de internet,Sem serviço de internet,Sem serviço de internet,Sem serviço de internet,Sem serviço de internet,Sem serviço de internet,Mês a mês,Sim,Cheque eletrônico,114.38,6555.0,0
Feminino,0,Não,Não,64,Sim,Sim,Fibra óptica,Não,Não,Não,Não,Sim,Sim,Mês a mês,Não,Cartão de crédito,77.28,5606.65,1
Feminino,0,Não,Não,11,Sim,Sim,DSL,Não,Não,Não,Não,Não,Sim,Mês a mês,Não,Cheque eletrônico,24.33,299.21,1
Feminino,0,Sim,Não,20,Sim,Sim,Não,Sem serviço de internet,Sem serviço de internet,Sem serviço de internet,Sem serviço de internet,Sem serviço de internet,Sem serviço de internet,Mês a mês,Sim,Cheque eletrônico,20.47,420.15,1
Feminino,0,Sim,Não,30,Sim,Sim,Não,Sem serviço de internet,Sem serviço de internet,Sem serviço de internet,Sem serviço de internet,Sem serviço de internet,Sem serviço de internet,Dois anos,Não,Cheque eletrônico,28.77,767.2,0
Masculino,1,Sim,Não,10,Não,Sem serviço telefônico,DSL,Sim,Não,Sim,Não,Não,Sim,Mês a mês,Não,Transferência bancária,86.45,931.81,0
Masculino,1,Não,Não,54,Sim,Sim,Fibra óptica,Não,Sim,Não,Não,Sim,Sim,Mês a mês,Não,Cheque enviado pelo correio,38.92,1895.99,0
Masculino,0,Sim,Não,58,Sim,Não,DSL,Sim,Não,Sim,Não,Sim,Não,Um ano,Não,Cheque eletrônico,69.51,4463.31,0
Feminino,0,Sim,Sim,29,Sim,Não,DSL,Sim,Sim,Sim,Sim,Sim,Não,Dois anos,Sim,Transferência bancária,101.17,3108.61,0
Feminino,0,Sim,Não,1,Sim,Não,Fibra óptica,Não,Não,Não,Não,Sim,Não,Um ano,Não,Cheque enviado pelo correio,94.8,95.93,0
Feminino,1,Não,Sim,58,Sim,Sim,Não,Sem serviço de internet,Sem serviço de internet,Sem serviço de internet,Sem serviço de internet,Sem serviço de internet,Sem serviço de internet,Mês a mês,Sim,Cartão de crédito,57.95,3816.73,0
Feminino,0,Não,Sim,21,Sim,Sim,Não,Sem serviço de internet,Sem serviço de internet,Sem serviço de internet,Sem serviço de internet,Sem serviço de internet,Sem serviço de internet,Mês a mês,Sim,Cheque eletrônico,102.22,2253.66,0
Feminino,0,Não,Sim,15,Sim,Não,Fibra óptica,Sim,Sim,Não,Não,Sim,Sim,Um ano,Sim,Cartão de crédito,48.92,674.28,0
Feminino,0,Sim,Não,67,Sim,Não,DSL,Sim,Não,Não,Não,Sim,Não,Um ano,Não,Cheque eletrônico,42.7,2660.8,0
Feminino,0,Sim,Não,33,Sim,Sim,Fibra óptica,Não,Não,Não,Sim,Sim,Não,Dois anos,Sim,Cheque enviado pelo correio,93.37,2779.95,0
Masculino,0,Sim,Sim,38,Sim,Não,Fibra óptica,Não,Sim,Não,Não,Não,Não,Mês a mês,Não,Cheque enviado pelo correio,67.69,2870.18,0
Feminino,0,Sim,Não,19,Sim,Sim,DSL,Sim,Não,Sim,Sim,Sim,Sim,Mês a mês,Sim,Cartão de crédito,112.79,2004.13,1
Masculino,0,Sim,Sim,4,Sim,Não,Fibra óptica,Sim,Sim,Sim,Não,Não,Sim,Mês a mês,Não,Transferência bancária,45.04,204.74,0
Masculino,0,Sim,Não,58,Sim,Não,Não,Sem serviço de internet,Sem serviço de internet,Sem serviço de internet,Sem serviço de internet,Sem serviço de internet,Sem serviço de internet,Mês a mês,Sim,Cheque eletrônico,70.97,4062.82,0
Feminino,0,Sim,Não,70,Sim,Sim,Não,Sem serviço de internet,Sem serviço de internet,Sem serviço de internet,Sem serviço de internet,Sem serviço de internet,Sem serviço de internet,Mês a mês,Não,Cheque eletrônico,38.25,2969.22,0
Feminino,0,Sim,Sim,12,Sim,Não,DSL,Não,Não,Não,Sim,Não,Não,Dois anos,Sim,Cheque eletrônico,26.03,306.9,0
Masculino,0,Sim,Sim,17,Sim,Não,Não,Sem serviço de internet,Sem serviço de internet,Sem serviço de internet,Sem serviço de internet,Sem serviço de internet,Sem serviço de internet,Mês a mês,Não,Cheque eletrônico,36.77,710.93,1
Masculino,0,Não,Não,1,Sim,Não,Fibra óptica,Sim,Sim,Não,Sim,Não,Não,Mês a mês,Não,Cheque eletrônico,23.9,25.96,0
Feminino,1,Não,Não,14,Sim,Sim,Não,Sem serviço de internet,Sem serviço de internet,Sem serviço de internet,Sem serviço de internet,Sem serviço de internet,Sem serviço de internet,Mês a mês,Não,Cheque eletrônico,38.03,602.24,1
Feminino,0,Não,Sim,2,Sim,Sim,Fibra óptica,Sim,Não,Sim,Sim,Sim,Sim,Mês a mês,Não,Cartão de crédito,20.27,44.5,1
Masculino,0,Sim,Não,4,Sim,Não,DSL,Não,Não,Não,Não,Sim,Não,Um ano,Não,Cartão de crédito,31.66,133.11,0
Feminino,0,Sim,Não,66,Sim,Não,Fibra óptica,Não,Não,Sim,Não,Não,Sim,Dois anos,Não,Cheque enviado pelo correio,61.27,4523.72,0
Feminino,1,Não,Não,46,Sim,Sim,DSL,Não,Sim,Sim,Não,Sim,Sim,Dois anos,Sim,Cartão de crédito,45.84,1855.28,0
Feminino,0,Sim,Não,50,Sim,Sim,DSL,Não,Não,Sim,Não,Não,Não,Mês a mês,Sim,Cheque enviado pelo correio,50.89,2485.31,1
Masculino,0,Não,Não,60,Não,Sem serviço telefônico,Fibra óptica,Sim,Não,Não,Não,Não,Sim,Mês a mês,Não,Transferência bancária,35.1,2075.05,0
Masculino,1,Não,Não,52,Sim,Não,DSL,Não,Não,Não,Não,Sim,Sim,Mês a mês,Não,Cartão de crédito,111.1,6393.24,0
Masculino,0,Não,Não,48,Sim,Sim,Fibra óptica,Sim,Não,Não,Não,Não,Não,Mês a mês,Não,Cheque enviado pelo correio,107.53,5233.51,0
Feminino,0,Não,Não,39,Sim,Sim,DSL,Não,Não,Não,Não,Não,Sim,Dois anos,Sim,Transferência bancária,51.09,2010.6,0
Feminino,0,Não,Sim,70,Sim,Não,DSL,Sim,Não,Não,Não,Não,Não,Mês a mês,Sim,Transferência bancária,109.74,7175.99,0
Masculino,0,Não,Não,60,Sim,Não,Fibra óptica,Não,Não,Não,Não,Sim,Sim,Dois anos,Sim,Transferência bancária,61.91,3765.59,0
Masculino,1,Sim,Sim,30,Sim,Sim,Fibra óptica,Não,Não,Sim,Não,Não,Não,Mês a mês,Não,Cheque eletrônico,47.56,1603.37,1
Masculino,0,Sim,Sim,27,Sim,Não,Fibra óptica,Sim,Sim,Não,Sim,Não,Não,Dois anos,Não,Cartão de crédito,116.96,3435.05,0
Feminino,0,Sim,Não,55,Sim,Sim,DSL,Sim,Não,Não,Sim,Não,Não,Mês a mês,Sim,Cartão de crédito,60.98,3598.46,0
Masculino,0,Sim,Não,70,Sim,Não,DSL,Sim,Não,Não,Sim,Não,Sim,Dois anos,Sim,Cartão de crédito,26.36,1951.77,0
Masculino,0,Sim,Sim,26,Sim,Sim,Não,Sem serviço de internet,Sem serviço de internet,Sem serviço de internet,Sem serviço de internet,Sem serviço de internet,Sem serviço de internet,Mês a mês,Sim,Cheque enviado pelo correio,76.34,1929.29,0
Feminino,0,Sim,Não,42,Não,Sem serviço telefônico,DSL,Não,Não,Sim,Não,Sim,Sim,Dois anos,Sim,Cartão de crédito,36.17,1654.49,0
Feminino,0,Não,Não,67,Sim,Sim,Fibra óptica,Sim,Não,Não,Não,Sim,Não,Mês a mês,Não,Transferência bancária,79.41,5034.23,0
Feminino,0,Sim,Não,67,Sim,Sim,Não,Sem serviço de internet,Sem serviço de internet,Sem serviço de internet,Sem serviço de internet,Sem serviço de internet,Sem serviço de internet,Mês a mês,Não,Cartão de crédito,22.81,1685.07,0
Masculino,0,Sim,Sim,52,Sim,Sim,Não,Sem serviço de internet,Sem serviço de internet,Sem serviço de internet,Sem serviço de internet,Sem serviço de internet,Sem serviço de internet,Mês a mês,Sim,Cheque enviado pelo correio,29.08,1722.39,0
Feminino,0,Sim,Não,6,Não,Sem serviço telefônico,Fibra óptica,Não,Não,Não,Sim,Não,Sim,Mês a mês,Sim,Cheque eletrônico,49.26,280.2,1
Feminino,0,Não,Não,10,Sim,Sim,Não,Sem serviço de internet,Sem serviço de internet,Sem serviço de internet,Sem serviço de internet,Sem serviço de internet,Sem serviço de internet,Mês a mês,Sim,Cheque enviado pelo correio,79.63,851.3,1
Masculino,0,Sim,Não,38,Sim,Não,DSL,Sim,Não,Não,Não,Não,Não,Um ano,Não,Cheque enviado pelo correio,82.62,3504.88,0
Feminino,0,Não,Não,12,Sim,Não,Fibra óptica,Sim,Sim,Não,Não,Sim,Não,Um ano,Sim,Cheque enviado pelo correio,82.76,1002.85,1
Masculino,0,Não,Não,46,Sim,Sim,DSL,Não,Não,Não,Não,Não,Não,Mês a mês,Sim,Cheque enviado pelo correio,69.01,3450.73,1
Masculino,0,Não,Não,49,Sim,Não,DSL,Não,Não,Não,Não,Não,Não,Um ano,Sim,Cheque eletrônico,51.07,2581.93,0
Feminino,0,Sim,Não,72,Sim,Não,Não,Sem serviço de internet,Sem serviço de internet,Sem serviço de internet,Sem serviço de internet,Sem serviço de internet,Sem serviço de internet,Mês a mês,Sim,Transferência bancária,105.32,8409.54,0
Feminino,0,Não,Não,63,Sim,Sim,Fibra óptica,Não,Não,Não,Não,Não,Sim,Mês a mês,Não,Cheque enviado pelo correio,63.19,4436.76,0
Feminino,0,Não,Não,69,Não,Sem serviço telefônico,Fibra óptica,Não,Não,Sim,Não,Não,Não,Um ano,Sim,Cheque eletrônico,96.27,6934.33,1
Feminino,1,Sim,Sim,43,Sim,Não,DSL,Não,Não,Sim,Sim,Não,Não,Mês a mês,Não,Cheque eletrônico,65.18,2599.55,0
Feminino,0,Sim,Não,60,Sim,Sim,Fibra óptica,Sim,Sim,Sim,Não,Não,Sim,Um ano,Sim,Transferência bancária,103.79,6437.59,0
Feminino,0,Sim,Não,29,Sim,Não,DSL,Não,Sim,Não,Não,Não,Não,Mês a mês,Não,Transferência bancária,20.8,565.88,1
Masculino,0,Não,Sim,11,Sim,Não,Não,Sem serviço de internet,Sem serviço de internet,Sem serviço de internet,Sem serviço de internet,Sem serviço de internet,Sem serviço de internet,Mês a mês,Sim,Cheque enviado pelo correio,44.82,422.32,1
Masculino,0,Sim,Não,35,Sim,Sim,DSL,Não,Sim,Não,Não,Não,Não,Mês a mês,Sim,Cheque eletrônico,96.0,3856.33,1
Feminino,0,Não,Não,23,Sim,Não,Não,Sem serviço de internet,Sem serviço de internet,Sem serviço de internet,Sem serviço de internet,Sem serviço de internet,Sem serviço de internet,Dois anos,Não,Cheque eletrônico,87.13,1969.5,0
Masculino,1,Sim,Não,72,Sim,Sim,DSL,Não,Sim,Sim,Não,Sim,Sim,Mês a mês,Não,Cartão de crédito,108.71,7733.39,1
Feminino,0,Não,Sim,21,Sim,Sim,Fibra óptica,Sim,Não,Não,Não,Não,Não,Mês a mês,Sim,Cheque eletrônico,77.21,1644.62,0
Masculino,0,Não,Não,37,Sim,Não,Não,Sem serviço de internet,Sem serviço de internet,Sem serviço de internet,Sem serviço de internet,Sem serviço de internet,Sem serviço de internet,Dois anos,Sim,Cheque eletrônico,113.56,4525.2,0
Masculino,0,Sim,Não,28,Sim,Não,Fibra óptica,Não,Não,Sim,Sim,Não,Não,Dois anos,Sim,Transferência bancária,109.51,3303.07,1
Masculino,0,Sim,Não,58,Sim,Sim,Não,Sem serviço de internet,Sem serviço de internet,Sem serviço de internet,Sem serviço de internet,Sem serviço de internet,Sem serviço de internet,Mês a mês,Sim,Transferência bancária,110.64,6519.09,0
Feminino,0,Sim,Sim,53,Sim,Sim,DSL,Não,Não,Não,Não,Não,Sim,Dois anos,Não,Cheque eletrônico,79.47,4607.45,0
Masculino,0,Sim,Não,28,Sim,Não,Não,Sem serviço de internet,Sem serviço de internet,Sem serviço de internet,Sem serviço de internet,Sem serviço de internet,Sem serviço de internet,Mês a mês,Sim,Cheque eletrônico,107.01,2737.43,1
Feminino,0,Não,Não,42,Sim,Não,Fibra óptica,Não,Não,Não,Não,Sim,Não,Mês a mês,Sim,Cheque eletrônico,60.98,2829.18,0
Masculino,0,Sim,Não,61,Sim,Não,Não,Sem serviço de internet,Sem serviço de internet,Sem serviço de internet,Sem serviço de internet,Sem serviço de internet,Sem serviço de internet,Mês a mês,Sim,Cheque eletrônico,115.48,6237.53,0
Masculino,0,Não,Sim,33,Sim,Sim,DSL,Não,Não,Sim,Não,Sim,Sim,Mês a mês,Não,Cheque eletrônico,34.62,1195.94,0
Masculino,0,Sim,Não,55,Sim,Sim,Fibra óptica,Não,Não,Não,Sim,Não,Não,Mês a mês,Sim,Cheque eletrônico,47.9,2246.99,0
Masculino,0,Sim,Não,37,Sim,Não,Não,Sem serviço de internet,Sem serviço de internet,Sem serviço de internet,Sem serviço de internet,Sem serviço de internet,Sem serviço de internet,Um ano,Não,Transferência bancária,69.2,2935.79,0
Masculino,0,Não,Sim,47,Sim,Sim,Não,Sem serviço de internet,Sem serviço de internet,Sem serviço de internet,Sem serviço de internet,Sem serviço de internet,Sem serviço de internet,Mês a mês,Sim,Transferência bancária,114.12,5595.88,0
Feminino,0,Não,Sim,36,Sim,Sim,DSL,Não,Não,Não,Sim,Sim,Não,Mês a mês,Não,Cheque eletrônico,75.79,3071.11,1
Feminino,1,Sim,Sim,28,Sim,Sim,DSL,Sim,Sim,Não,Sim,Não,Sim,Mês a mês,Sim,Cheque eletrônico,24.26,692.7,0
Masculino,0,Não,Sim,10,Sim,Sim,Fibra óptica,Sim,Sim,Sim,Sim,Não,Sim,Mês a mês,Sim,Cartão de crédito,79.78,916.17,0
Masculino,1,Sim,Não,23,Sim,Sim,DSL,Não,Não,Não,Não,Não,Sim,Mês a mês,Não,Cheque enviado pelo correio,113.33,2635.49,1
Masculino,1,Não,Não,5,Sim,Sim,Não,Sem serviço de internet,Sem serviço de internet,Sem serviço de internet,Sem serviço de internet,Sem serviço de internet,Sem serviço de internet,Um ano,Não,Cheque eletrônico,61.28,299.01,1
Masculino,1,Sim,Sim,6,Sim,Não,DSL,Não,Sim,Sim,Sim,Sim,Sim,Dois anos,Não,Cheque eletrônico,48.12,310.95,0
Feminino,0,Sim,Não,42,Sim,Não,Fibra óptica,Não,Não,Não,Não,Não,Não,Mês a mês,Sim,Cheque eletrônico,77.9,2883.32,0
Masculino,0,Não,Não,47,Não,Sem serviço telefônico,Fibra óptica,Não,Sim,Não,Não,Sim,Sim,Um ano,Sim,Cartão de crédito,86.4,3768.94,0
Feminino,0,Sim,Sim,28,Sim,Não,DSL,Sim,Não,Sim,Não,Sim,Não,Um ano,Sim,Cartão de crédito,58.32,1663.81,0
Masculino,0,Sim,Não,13,Sim,Não,DSL,Sim,Não,Não,Não,Sim,Sim,Dois anos,Não,Cheque eletrônico,25.65,323.94,0
Feminino,0,Sim,Sim,25,Sim,Não,DSL,Não,Não,Sim,Não,Sim,Sim,Um ano,Não,Cheque eletrônico,55.38,1380.18,0
Masculino,0,Não,Não,7,Sim,Sim,Fibra óptica,Não,Não,Não,Não,Não,Não,Mês a mês,Sim,Transferência bancária,66.71,516.51,1
Masculino,0,Não,Sim,66,Sim,Não,Fibra óptica,Sim,Não,Não,Sim,Não,Não,Mês a mês,Não,Cheque eletrônico,69.94,4195.17,1
Feminino,0,Não,Não,58,Sim,Sim,DSL,Sim,Sim,Não,Não,Sim,Sim,Dois anos,Sim,Cheque enviado pelo correio,88.09,4514.48,0
Masculino,1,Não,Sim,66,Sim,Não,Fibra óptica,Não,Sim,Não,Não,Não,Não,Dois anos,Não,Cartão de crédito,19.65,1284.38,0
Masculino,1,Não,Não,36,Sim,Não,Fibra óptica,Não,Não,Não,Sim,Não,Não,Um ano,Não,Transferência bancária,106.35,3505.34,0
Masculino,1,Sim,Não,2,Sim,Sim,Não,Sem serviço de internet,Sem serviço de internet,Sem serviço de internet,Sem serviço de internet,Sem serviço de internet,Sem serviço de internet,Dois anos,Não,Cheque enviado pelo correio,78.59,134.46,0
Feminino,0,Sim,Não,38,Sim,Não,DSL,Não,Sim,Não,Sim,Não,Sim,Um ano,Sim,Cartão de crédito,70.9,2868.83,0
Masculino,1,Não,Não,14,Sim,Não,DSL,Não,Não,Não,Não,Não,Não,Um ano,Não,Cheque enviado pelo correio,34.12,467.44,0
Masculino,0,Sim,Sim,27,Sim,Sim,Fibra óptica,Não,Sim,Não,Sim,Não,Não,Dois anos,Não,Transferência bancária,30.1,865.34,0
Feminino,0,Sim,Não,15,Sim,Sim,DSL,Não,Não,Não,Não,Não,Não,Dois anos,Sim,Cheque enviado pelo correio,73.91,1010.79,0
Feminino,0,Não,Não,12,Sim,Sim,Fibra óptica,Não,Não,Não,Não,Sim,Não,Mês a mês,Não,Transferência bancária,89.73,1012.99,0
Feminino,1,Não,Não,43,Sim,Não,Não,Sem serviço de internet,Sem serviço de internet,Sem serviço de internet,Sem serviço de internet,Sem serviço de internet,Sem serviço de internet,Mês a mês,Sim,Cheque eletrônico,94.23,4237.4,1
Masculino,1,Sim,Sim,57,Sim,Sim,Fibra óptica,Não,Não,Não,Não,Sim,Não,Um ano,Sim,Cheque eletrônico,75.1,4502.22,0
Masculino,0,Sim,Sim,48,Sim,Não,DSL,Não,Sim,Não,Não,Não,Não,Mês a mês,Não,Cheque enviado pelo correio,53.48,2758.04,0
Masculino,0,Não,Não,61,Sim,Sim,DSL,Não,Não,Sim,Não,Não,Sim,Um ano,Sim,Transferência bancária,32.16,1728.74,0
Feminino,0,Não,Sim,44,Sim,Sim,Fibra óptica,Não,Sim,Sim,Sim,Não,Não,Um ano,Sim,Cheque enviado pelo correio,74.62,3602.05,0
Masculino,0,Sim,Não,52,Sim,Não,Não,Sem serviço de internet,Sem serviço de internet,Sem serviço de internet,Sem serviço de internet,Sem serviço de internet,Sem serviço de internet,Mês a mês,Sim,Cheque eletrônico,51.28,2737.63,0
Masculino,1,Sim,Sim,62,Não,Sem serviço telefônico,Fibra óptica,Não,Sim,Não,Não,Sim,Sim,Mês a mês,Sim,Cheque eletrônico,98.88,5430.95,1
Feminino,1,Não,Não,2,Sim,Não,Fibra óptica,Não,Não,Não,Não,Sim,Não,Dois anos,Não,Cartão de crédito,68.73,134.93,1
Feminino,0,Sim,Não,71,Sim,Sim,Fibra óptica,Sim,Não,Não,Sim,Não,Sim,Mês a mês,Sim,Cartão de crédito,40.44,2766.57,1
Feminino,0,Não,Sim,31,Sim,Sim,Não,Sem serviço de internet,Sem serviço de internet,Sem serviço de internet,Sem serviço de internet,Sem serviço de internet,Sem serviço de internet,Mês a mês,Não,Cheque eletrônico,101.05,2823.44,0
Feminino,0,Sim,Não,72,Sim,Não,Fibra óptica,Sim,Não,Sim,Não,Não,Não,Mês a mês,Não,Cartão de crédito,109.4,8753.92,0
Feminino,0,Sim,Não,33,Sim,Sim,DSL,Sim,Sim,Não,Não,Sim,Não,Um ano,Não,Transferência bancária,36.35,1219.27,0
Masculino,0,Sim,Não,5,Sim,Sim,Fibra óptica,Sim,Sim,Sim,Sim,Não,Sim,Um ano,Sim,Cheque eletrônico,73.09,360.8,1
Feminino,0,Não,Não,58,Sim,Sim,DSL,Não,Não,Sim,Não,Não,Sim,Dois anos,Sim,Cheque eletrônico,102.74,5368.68,0
Masculino,0,Não,Sim,11,Sim,Não,DSL,Sim,Não,Sim,Não,Não,Não,Um ano,Não,Cartão de crédito,104.57,1186.63,1
Masculino,0,Sim,Sim,23,Sim,Sim,Fibra óptica,Não,Não,Não,Não,Não,Sim,Um ano,Não,Cheque enviado pelo correio,76.28,1555.89,0
Feminino,0,Não,Não,45,Sim,Sim,Fibra óptica,Não,Sim,Sim,Sim,Não,Não,Um ano,Sim,Cheque eletrônico,71.21,3231.67,0
Feminino,0,Sim,Não,27,Sim,Sim,Fibra óptica,Não,Sim,Sim,Não,Não,Sim,Dois anos,Não,Transferência bancária,22.71,579.52,0
Feminino,0,Não,Não,56,Sim,Sim,Não,Sem serviço de internet,Sem serviço de internet,Sem serviço de internet,Sem serviço de internet,Sem serviço de internet,Sem serviço de internet,Um ano,Sim,Cheque eletrônico,91.11,5221.69,1
Masculino,0,Sim,Sim,59,Sim,Não,Não,Sem serviço de internet,Sem serviço de internet,Sem serviço de internet,Sem serviço de internet,Sem serviço de internet,Sem serviço de internet,Mês a mês,Não,Transferência bancária,36.29,2257.19,0
Feminino,0,Não,Não,40,Sim,Não,Fibra óptica,Não,Sim,Não,Sim,Sim,Não,Dois anos,Não,Transferência bancária,106.41,4827.48,0
Feminino,1,Sim,Não,18,Sim,Não,Não,Sem serviço de internet,Sem serviço de internet,Sem serviço de internet,Sem serviço de internet,Sem serviço de internet,Sem serviço de internet,Dois anos,Sim,Transferência bancária,96.86,1801.9,0
Feminino,0,Não,Sim,51,Sim,Sim,DSL,Não,Não,Sim,Sim,Sim,Sim,Mês a mês,Sim,Transferência bancária,117.41,5696.83,0
Feminino,1,Não,Não,61,Sim,Sim,Fibra óptica,Sim,Não,Sim,Não,Não,Não,Mês a mês,Sim,Cheque enviado pelo correio,72.61,4878.15,0
Feminino,1,Sim,Não,23,Não,Sem serviço telefônico,DSL,Não,Não,Sim,Sim,Sim,Não,Mês a mês,Não,Cheque enviado pelo correio,64.34,1559.95,0
Masculino,0,Sim,Não,36,Sim,Sim,Não,Sem serviço de internet,Sem serviço de internet,Sem serviço de internet,Sem serviço de internet,Sem serviço de internet,Sem serviço de internet,Dois anos,Não,Cheque eletrônico,48.45,1701.05,0
Masculino,0,Sim,Não,38,Sim,Não,Fibra óptica,Sim,Não,Não,Não,Não,Sim,Dois anos,Não,Cheque enviado pelo correio,21.94,722.53,0
Masculino,0,Não,Não,72,Não,Sem serviço telefônico,Fibra óptica,Não,Sim,Não,Não,Não,Não,Um ano,Não,Cartão de crédito,81.53,6434.56,0
Feminino,1,Sim,Sim,56,Sim,Sim,Não,Sem serviço de internet,Sem serviço de internet,Sem serviço de internet,Sem serviço de internet,Sem serviço de internet,Sem serviço de internet,Mês a mês,Não,Cheque eletrônico,112.72,6753.25,0
Feminino,1,Não,Não,39,Sim,Sim,Não,Sem serviço de internet,Sem serviço de internet,Sem serviço de internet,Sem serviço de internet,Sem serviço de internet,Sem serviço de internet,Mês a mês,Não,Transferência bancária,65.31,2520.1,1
Feminino,0,Não,Sim,69,Sim,Sim,Fibra óptica,Sim,Não,Não,Não,Não,Não,Dois anos,Sim,Cheque eletrônico,47.42,3335.13,0
Masculino,0,Sim,Não,28,Sim,Não,DSL,Sim,Sim,Sim,Não,Não,Sim,Dois anos,Sim,Cartão de crédito,85.88,2602.08,0
Feminino,0,Sim,Não,21,Sim,Não,Fibra óptica,Não,Sim,Não,Não,Não,Não,Um ano,Não,Cheque eletrônico,89.45,1863.3,1
Feminino,0,Não,Não,62,Sim,Não,Fibra óptica,Sim,Não,Sim,Sim,Não,Não,Mês a mês,Sim,Cheque eletrônico,89.58,5805.87,0
Feminino,0,Não,Não,23,Sim,Não,Fibra óptica,Não,Sim,Sim,Sim,Não,Não,Dois anos,Sim,Cartão de crédito,113.8,2601.43,0
Masculino,0,Não,Não,21,Sim,Não,DSL,Não,Sim,Não,Não,Sim,Não,Um ano,Sim,Cheque eletrônico,30.21,658.08,0
Feminino,0,Sim,Sim,16,Sim,Sim,Fibra óptica,Sim,Sim,Não,Não,Não,Não,Dois anos,Sim,Cartão de crédito,99.15,1591.39,1
Masculino,0,Sim,Sim,62,Sim,Não,Fibra óptica,Não,Não,Sim,Não,Não,Não,Um ano,Não,Cartão de crédito,26.24,1511.5,0
Feminino,0,Não,Não,65,Sim,Não,Fibra óptica,Não,Não,Não,Não,Sim,Sim,Dois anos,Sim,Transferência bancária,88.22,5957.71,0
Masculino,0,Não,Não,5,Sim,Não,Fibra óptica,Não,Não,Não,Não,Não,Não,Mês a mês,Sim,Cheque eletrônico,93.47,464.15,1
Masculino,1,Não,Não,46,Sim,Sim,Fibra óptica,Não,Não,Não,Não,Não,Não,Um ano,Sim,Cartão de crédito,58.44,2502.85,1
Masculino,0,Sim,Não,64,Sim,Sim,Fibra óptica,Não,Não,Não,Não,Não,Não,Dois anos,Não,Cheque eletrônico,89.87,6390.51,0
Feminino,0,Sim,Não,41,Não,Sem serviço telefônico,Não,Sem serviço de internet,Sem serviço de internet,Sem serviço de internet,Sem serviço de internet,Sem serviço de internet,Sem serviço de internet,Um ano,Não,Cartão de crédito,38.37,1502.7,0
Feminino,0,Sim,Sim,44,Sim,Sim,Fibra óptica,Não,Não,Sim,Sim,Não,Sim,Mês a mês,Não,Transferência bancária,21.26,883.39,0
Masculino,0,Não,Não,15,Não,Sem serviço telefônico,DSL,Não,Não,Não,Não,Não,Não,Dois anos,Sim,Cheque enviado pelo correio,35.79,464.3,0
Masculino,0,Sim,Não,68,Sim,Não,Fibra óptica,Sim,Não,Sim,Não,Não,Não,Dois anos,Sim,Cheque eletrônico,31.78,1928.18,0
Feminino,0,Não,Não,51,Sim,Não,Fibra óptica,Não,Não,Não,Não,Não,Não,Um ano,Sim,Cheque enviado pelo correio,101.98,5061.74,0
Feminino,0,Não,Não,54,Sim,Não,Fibra óptica,Não,Sim,Não,Não,Sim,Sim,Um ano,Sim,Cheque eletrônico,45.15,2488.76,0
Masculino,1,Sim,Sim,68,Sim,Sim,Não,Sem serviço de internet,Sem serviço de internet,Sem serviço de internet,Sem serviço de internet,Sem serviço de internet,Sem serviço de internet,Mês a mês,Não,Cheque enviado pelo correio,90.38,5349.55,1
Feminino,0,Sim,Não,42,Sim,Sim,Fibra óptica,Não,Não,Não,Sim,Não,Não,Mês a mês,Não,Cheque eletrônico,101.14,4368.44,1
Feminino,1,Não,Não,46,Sim,Sim,Não,Sem serviço de internet,Sem serviço de internet,Sem serviço de internet,Sem serviço de internet,Sem serviço de internet,Sem serviço de internet,Mês a mês,Não,Cheque eletrônico,113.5,5336.58,1
Feminino,0,Sim,Sim,25,Sim,Não,DSL,Sim,Não,Não,Não,Não,Não,Um ano,Sim,Cheque enviado pelo correio,100.52,2174.79,1
Feminino,0,Sim,Não,67,Sim,Sim,Não,Sem serviço de internet,Sem serviço de internet,Sem serviço de internet,Sem serviço de internet,Sem serviço de internet,Sem serviço de internet,Dois anos,Sim,Cheque eletrônico,102.38,7183.37,0
Masculino,0,Sim,Não,35,Sim,Não,Não,Sem serviço de internet,Sem serviço de internet,Sem serviço de internet,Sem serviço de internet,Sem serviço de internet,Sem serviço de internet,Um ano,Sim,Transferência bancária,52.38,1987.56,0
Feminino,0,Não,Não,22,Sim,Não,Não,Sem serviço de internet,Sem serviço de internet,Sem serviço de internet,Sem serviço de internet,Sem serviço de internet,Sem serviço de internet,Mês a mês,Sim,Cheque eletrônico,46.99,1098.72,0
Feminino,0,Não,Não,9,Sim,Não,Fibra óptica,Não,Não,Sim,Sim,Sim,Sim,Dois anos,Não,Transferência bancária,60.02,512.2,1
Masculino,0,Não,Não,24,Não,Sem serviço telefônico,Fibra óptica,Sim,Não,Sim,Não,Sim,Sim,Mês a mês,Não,Transferência bancária,85.73,1780.12,0
Masculino,0,Não,Sim,23,Sim,Sim,Fibra óptica,Sim,Não,Sim,Não,Não,Sim,Mês a mês,Sim,Cheque eletrônico,48.94,1149.48,1
Feminino,0,Não,Sim,61,Sim,Não,DSL,Não,Não,Sim,Sim,Não,Não,Dois anos,Sim,Transferência bancária,20.95,1347.47,0
Feminino,0,Não,Não,37,Sim,Não,DSL,Não,Não,Sim,Sim,Sim,Não,Mês a mês,Sim,Cheque eletrônico,72.51,2967.59,0
Feminino,0,Não,Sim,45,Sim,Não,Fibra óptica,Sim,Não,Não,Não,Não,Não,Um ano,Sim,Cartão de crédito,21.34,825.81,0
Feminino,1,Sim,Não,15,Sim,Não,DSL,Sim,Não,Não,Não,Sim,Não,Mês a mês,Sim,Cheque eletrônico,96.15,1349.48,1
Masculino,1,Sim,Não,57,Sim,Sim,Fibra óptica,Sim,Sim,Não,Não,Sim,Sim,Um ano,Sim,Cheque eletrônico,30.14,1465.88,0
Masculino,0,Não,Não,14,Sim,Sim,DSL,Sim,Sim,Não,Sim,Sim,Não,Um ano,Sim,Transferência bancária,109.43,1488.84,0
Masculino,1,Não,Não,52,Sim,Não,DSL,Não,Sim,Não,Não,Não,Não,Um ano,Não,Cheque enviado pelo correio,72.46,3469.09,0
Feminino,0,Sim,Sim,36,Sim,Sim,Não,Sem serviço de internet,Sem serviço de internet,Sem serviço de internet,Sem serviço de internet,Sem serviço de internet,Sem serviço de internet,Mês a mês,Não,Cartão de crédito,81.98,2574.26,0
Feminino,0,Não,Não,27,Sim,Sim,DSL,Não,Não,Não,Não,Sim,Não,Dois anos,Não,Transferência bancária,55.07,1601.85,0
Feminino,0,Sim,Não,17,Sim,Não,Não,Sem serviço de internet,Sem serviço de internet,Sem serviço de internet,Sem serviço de internet,Sem serviço de internet,Sem serviço de internet,Um ano,Sim,Cheque eletrônico,83.06,1473.87,0
Feminino,1,Sim,Não,41,Sim,Não,Não,Sem serviço de internet,Sem serviço de internet,Sem serviço de internet,Sem serviço de internet,Sem serviço de internet,Sem serviço de internet,Mês a mês,Sim,Transferência bancária,43.38,1738.35,0
Masculino,0,Não,Não,4,Sim,Não,DSL,Não,Sim,Não,Sim,Não,Não,Um ano,Não,Cheque enviado pelo correio,99.27,357.12,0
Masculino,0,Sim,Sim,3,Sim,Não,Fibra óptica,Não,Sim,Não,Não,Não,Não,Mês a mês,Não,Cheque eletrônico,50.11,152.56,1
Feminino,0,Não,Não,19,Sim,Não,Fibra óptica,Sim,Sim,Não,Sim,Não,Não,Mês a mês,Sim,Cheque eletrônico,81.69,1424.97,1
Masculino,0,Sim,Não,41,Sim,Não,Não,Sem serviço de internet,Sem serviço de internet,Sem serviço de internet,Sem serviço de internet,Sem serviço de internet,Sem serviço de internet,Mês a mês,Não,Cartão de crédito,90.14,3378.57,0
Feminino,0,Sim,Não,40,Sim,Não,DSL,Sim,Não,Sim,Não,Não,Não,Um ano,Não,Cheque eletrônico,49.67,1967.92,0
Feminino,0,Não,Não,58,Sim,Sim,Fibra óptica,Sim,Não,Sim,Não,Não,Não,Dois anos,Não,Transferência bancária,81.92,4377.76,0
Masculino,0,Não,Sim,39,Sim,Sim,Fibra óptica,Não,Sim,Não,Não,Não,Não,Dois anos,Sim,Cartão de crédito,55.46,2188.41,0
Feminino,0,Sim,Não,7,Sim,Sim,Fibra óptica,Sim,Sim,Sim,Não,Sim,Sim,Dois anos,Sim,Cheque enviado pelo correio,72.27,435.83,0
Feminino,0,Não,Sim,36,Sim,Não,Fibra óptica,Não,Sim,Não,Não,Não,Não,Dois anos,Não,Cheque eletrônico,96.56,3215.63,0
Masculino,0,Não,Não,20,Sim,Sim,Fibra óptica,Não,Não,Não,Não,Sim,Não,Mês a mês,Sim,Transferência bancária,90.96,1926.69,0
Feminino,0,Sim,Não,29,Sim,Não,DSL,Não,Não,Não,Não,Não,Sim,Um ano,Sim,Cheque eletrônico,41.63,1085.8,0
Feminino,0,Sim,Não,68,Sim,Sim,Fibra óptica,Não,Não,Sim,Sim,Não,Não,Dois anos,Não,Transferência bancária,88.44,6234.11,0
Masculino,1,Não,Sim,66,Não,Sem serviço telefônico,Não,Sem serviço de internet,Sem serviço de internet,Sem serviço de internet,Sem serviço de internet,Sem serviço de internet,Sem serviço de internet,Um ano,Não,Cartão de crédito,99.08,5599.07,0
Feminino,0,Não,Não,47,Sim,Não,DSL,Não,Não,Não,Não,Sim,Não,Um ano,Não,Cheque enviado pelo correio,32.34,1588.37,0
Masculino,0,Sim,Não,23,Sim,Não,Não,Sem serviço de internet,Sem serviço de internet,Sem serviço de internet,Sem serviço de internet,Sem serviço de internet,Sem serviço de internet,Mês a mês,Sim,Transferência bancária,22.21,534.74,0
Feminino,0,Sim,Não,6,Sim,Sim,Fibra óptica,Não,Não,Não,Não,Não,Não,Dois anos,Não,Cartão de crédito,62.64,351.88,0
Masculino,1,Sim,Sim,18,Sim,Sim,DSL,Sim,Não,Não,Não,Não,Não,Mês a mês,Sim,Cheque enviado pelo correio,42.7,820.19,1
Masculino,1,Sim,Não,53,Sim,Sim,Fibra óptica,Não,Não,Sim,Não,Não,Não,Mês a mês,Sim,Cartão de crédito,27.88,1338.45,0
Masculino,0,Não,Sim,22,Sim,Sim,Não,Sem serviço de internet,Sem serviço de internet,Sem serviço de internet,Sem serviço de internet,Sem serviço de internet,Sem serviço de internet,Mês a mês,Sim,Transferência bancária,106.3,2265.97,0
Feminino,0,Não,Não,68,Sim,Sim,Fibra óptica,Sim,Não,Sim,Não,Sim,Não,Mês a mês,Não,Cheque enviado pelo correio,21.39,1631.68,0
Masculino,0,Sim,Não,35,Sim,Sim,Não,Sem serviço de internet,Sem serviço de internet,Sem serviço de internet,Sem serviço de internet,Sem serviço de internet,Sem serviço de internet,Mês a mês,Sim,Transferência bancária,51.35,1944.98,0
Masculino,0,Não,Não,9,Sim,Sim,Não,Sem serviço de internet,Sem serviço de internet,Sem serviço de internet,Sem serviço de internet,Sem serviço de internet,Sem serviço de internet,Mês a mês,Sim,Cheque enviado pelo correio,95.26,947.83,0
Masculino,0,Não,Sim,31,Sim,Não,DSL,Não,Sim,Não,Não,Não,Sim,Mês a mês,Sim,Cheque eletrônico,22.03,658.16,1
Masculino,0,Não,Não,43,Sim,Não,Fibra óptica,Não,Sim,Sim,Não,Sim,Não,Dois anos,Sim,Cheque enviado pelo correio,40.11,1971.72,0
Masculino,0,Não,Sim,17,Sim,Sim,DSL,Não,Sim,Não,Sim,Não,Sim,Dois anos,Sim,Cheque enviado pelo correio,80.43,1431.78,1
Feminino,0,Não,Não,51,Sim,Não,DSL,Não,Não,Sim,Sim,Não,Sim,Mês a mês,Não,Cheque eletrônico,64.7,2806.35,0
Feminino,0,Não,Não,66,Sim,Sim,DSL,Não,Não,Sim,Sim,Não,Sim,Mês a mês,Sim,Cartão de crédito,26.77,1540.82,1
Feminino,0,Sim,Não,24,Sim,Sim,Fibra óptica,Não,Não,Não,Não,Não,Não,Mês a mês,Sim,Transferência bancária,58.16,1478.7,0
Feminino,0,Não,Sim,15,Sim,Sim,Não,Sem serviço de internet,Sem serviço de internet,Sem serviço de internet,Sem serviço de internet,Sem serviço de internet,Sem serviço de internet,Dois anos,Sim,Cheque enviado pelo correio,48.62,826.82,0
Feminino,0,Não,Sim,28,Sim,Não,Fibra óptica,Sim,Sim,Não,Não,Não,Não,Mês a mês,Sim,Cartão de crédito,87.91,2641.02,1
Feminino,0,Sim,Não,3,Sim,Sim,DSL,Não,Não,Não,Não,Não,Não,Mês a mês,Não,Transferência bancária,73.88,223.04,1
Feminino,0,Sim,Não,29,Sim,Não,Fibra óptica,Não,Não,Não,Não,Não,Não,Dois anos,Não,Cheque enviado pelo correio,70.83,1869.28,1
Masculino,0,Sim,Não,52,Sim,Sim,Não,Sem serviço de internet,Sem serviço de internet,Sem serviço de internet,Sem serviço de internet,Sem serviço de internet,Sem serviço de internet,Dois anos,Sim,Cheque enviado pelo correio,94.01,5331.16,0
Feminino,0,Não,Sim,54,Sim,Não,DSL,Não,Não,Sim,Não,Não,Sim,Mês a mês,Sim,Cheque enviado pelo correio,39.14,2160.42,0
Masculino,0,Não,Sim,58,Sim,Sim,DSL,Sim,Não,Não,Não,Não,Sim,Mês a mês,Não,Cheque eletrônico,80.04,4180.11,0
Masculino,0,Não,Não,45,Sim,Não,Fibra óptica,Não,Não,Não,Sim,Sim,Não,Um ano,Não,Transferência bancária,36.96,1522.38,0
Feminino,0,Sim,Não,50,Sim,Não,Não,Sem serviço de internet,Sem serviço de internet,Sem serviço de internet,Sem serviço de internet,Sem serviço de internet,Sem serviço de internet,Um ano,Sim,Cheque eletrônico,67.81,3274.69,0
Masculino,0,Não,Não,22,Sim,Não,Fibra óptica,Não,Sim,Sim,Sim,Não,Não,Um ano,Não,Cheque eletrônico,89.64,1887.31,0
Masculino,0,Sim,Não,52,Sim,Não,Fibra óptica,Sim,Não,Não,Sim,Sim,Não,Mês a mês,Não,Transferência bancária,88.12,4453.48,0
Masculino,0,Não,Não,53,Sim,Sim,Não,Sem serviço de internet,Sem serviço de internet,Sem serviço de internet,Sem serviço de internet,Sem serviço de internet,Sem serviço de internet,Dois anos,Sim,Cheque eletrônico,63.44,3255.77,0
Masculino,0,Sim,Não,31,Sim,Não,Fibra óptica,Não,Não,Não,Não,Não,Sim,Mês a mês,Sim,Cartão de crédito,44.09,1490.07,1
Feminino,0,Não,Sim,71,Sim,Não,DSL,Sim,Não,Sim,Não,Não,Não,Mês a mês,Sim,Cheque eletrônico,20.13,1313.04,1
Feminino,0,Não,Não,48,Sim,Sim,Fibra óptica,Não,Sim,Sim,Sim,Não,Não,Mês a mês,Não,Cheque eletrônico,56.83,2510.89,1
Feminino,0,Não,Não,31,Sim,Não,Fibra óptica,Não,Sim,Não,Não,Não,Sim,Mês a mês,Não,Cheque enviado pelo correio,77.58,2081.6,0
Feminino,1,Não,Não,4,Sim,Sim,Fibra óptica,Não,Não,Não,Não,Não,Sim,Mês a mês,Sim,Cheque enviado pelo correio,47.21,203.97,0
Feminino,0,Não,Não,35,Não,Sem serviço telefônico,Não,Sem serviço de internet,Sem serviço de internet,Sem serviço de internet,Sem serviço de internet,Sem serviço de internet,Sem serviço de internet,Mês a mês,Sim,Cheque eletrônico,98.97,3524.42,0
Feminino,0,Sim,Não,67,Sim,Não,Fibra óptica,Não,Não,Não,Não,Não,Não,Dois anos,Não,Cartão de crédito,102.36,6485.39,0
Feminino,0,Não,Não,64,Não,Sem serviço telefônico,Fibra óptica,Sim,Sim,Sim,Não,Não,Sim,Mês a mês,Não,Cheque eletrônico,60.01,3892.21,0
Feminino,0,Não,Não,9,Não,Sem serviço telefônico,Não,Sem serviço de internet,Sem serviço de internet,Sem serviço de internet,Sem serviço de internet,Sem serviço de internet,Sem serviço de internet,Mês a mês,Sim,Cheque enviado pelo correio,63.47,614.27,1
Feminino,0,Sim,Não,46,Sim,Sim,Não,Sem serviço de internet,Sem serviço de internet,Sem serviço de internet,Sem serviço de internet,Sem serviço de internet,Sem serviço de internet,Dois anos,Sim,Transferência bancária,35.89,1662.87,0
Feminino,0,Não,Não,56,Sim,Não,Fibra óptica,Não,Não,Não,Sim,Não,Sim,Mês a mês,Sim,Transferência bancária,33.7,1940.47,0
Masculino,1,Não,Não,56,Sim,Não,Fibra óptica,Não,Não,Não,Não,Não,Sim,Dois anos,Sim,Cheque enviado pelo correio,41.11,2080.19,0
Feminino,0,Não,Sim,26,Sim,Sim,DSL,Sim,Sim,Sim,Sim,Não,Sim,Mês a mês,Sim,Cheque eletrônico,59.09,1754.34,0
Masculino,0,Não,Sim,60,Sim,Não,DSL,Não,Não,Sim,Não,Sim,Sim,Dois anos,Sim,Cheque eletrônico,115.16,7656.04,0
Masculino,1,Não,Não,72,Não,Sem serviço telefônico,Fibra óptica,Não,Sim,Não,Não,Sim,Não,Um ano,Sim,Cartão de crédito,80.47,5442.89,0
Masculino,0,Não,Não,48,Sim,Não,Não,Sem serviço de internet,Sem serviço de internet,Sem serviço de internet,Sem serviço de internet,Sem serviço de internet,Sem serviço de internet,Dois anos,Sim,Cartão de crédito,60.29,2517.9,0
Masculino,0,Não,Não,58,Não,Sem serviço telefônico,DSL,Sim,Não,Sim,Não,Sim,Não,Um ano,Sim,Cheque eletrônico,39.81,2322.7,0
Feminino,0,Não,Não,63,Sim,Sim,Fibra óptica,Sim,Não,Não,Não,Não,Não,Dois anos,Não,Cheque eletrônico,95.9,6741.55,0
Masculino,0,Não,Não,58,Sim,Não,DSL,Não,Sim,Não,Não,Sim,Sim,Dois anos,Não,Cartão de crédito,82.08,4067.28,0
Feminino,0,Sim,Sim,3,Sim,Não,DSL,Sim,Sim,Sim,Não,Sim,Não,Mês a mês,Não,Cartão de crédito,58.67,179.44,0
Feminino,0,Sim,Não,7,Sim,Não,DSL,Não,Sim,Não,Não,Sim,Não,Dois anos,Não,Transferência bancária,79.0,473.73,1
Masculino,0,Sim,Sim,52,Não,Sem serviço telefônico,DSL,Não,Sim,Sim,Não,Não,Sim,Dois anos,Não,Cheque enviado pelo correio,75.77,3373.44,0
Feminino,0,Não,Não,62,Sim,Sim,Fibra óptica,Não,Não,Não,Sim,Sim,Não,Um ano,Sim,Cheque eletrônico,76.05,4618.92,0
Masculino,1,Não,Não,2,Sim,Não,DSL,Não,Não,Não,Não,Não,Sim,Mês a mês,Sim,Cheque enviado pelo correio,25.11,54.65,0
Masculino,0,Não,Não,33,Sim,Sim,Não,Sem serviço de internet,Sem serviço de internet,Sem serviço de internet,Sem serviço de internet,Sem serviço de internet,Sem serviço de internet,Mês a mês,Não,Cartão de crédito,108.13,3060.52,0
Feminino,0,Não,Sim,12,Sim,Não,DSL,Não,Não,Não,Não,Não,Não,Um ano,Sim,Transferência bancária,103.23,1244.6,0
Feminino,0,Sim,Não,48,Sim,Não,DSL,Sim,Não,Sim,Não,Não,Não,Um ano,Não,Cartão de crédito,26.24,1343.65,0
Masculino,0,Sim,Não,53,Sim,Sim,Não,Sem serviço de internet,Sem serviço de internet,Sem serviço de internet,Sem serviço de internet,Sem serviço de internet,Sem serviço de internet,Dois anos,Sim,Cartão de crédito,81.58,4019.76,0
Feminino,1,Não,Não,41,Sim,Não,Fibra óptica,Não,Não,Sim,Não,Não,Sim,Mês a mês,Sim,Cheque enviado pelo correio,67.69,2827.52,0
Feminino,0,Sim,Sim,58,Sim,Não,Fibra óptica,Não,Não,Não,Sim,Sim,Não,Um ano,Sim,Cheque eletrônico,92.25,5967.63,0
Feminino,0,Sim,Não,68,Sim,Sim,Não,Sem serviço de internet,Sem serviço de internet,Sem serviço de internet,Sem serviço de internet,Sem serviço de internet,Sem serviço de internet,Dois anos,Sim,Cartão de crédito,58.1,4330.86,0
Masculino,0,Não,Não,23,Sim,Sim,DSL,Não,Não,Não,Não,Não,Não,Dois anos,Sim,Cartão de crédito,115.77,2785.25,0
Masculino,1,Sim,Não,36,Sim,Não,Não,Sem serviço de internet,Sem serviço de internet,Sem serviço de internet,Sem serviço de internet,Sem serviço de internet,Sem serviço de internet,Mês a mês,Sim,Cheque enviado pelo correio,113.19,3748.89,1
Feminino,0,Não,Sim,21,Sim,Sim,Fibra óptica,Sim,Não,Não,Não,Sim,Não,Mês a mês,Sim,Cartão de crédito,27.59,510.94,0
Feminino,0,Sim,Sim,72,Sim,Não,Fibra óptica,Não,Não,Não,Não,Não,Sim,Mês a mês,Sim,Cheque enviado pelo correio,48.58,3121.82,1
Feminino,0,Não,Não,55,Sim,Sim,Não,Sem serviço de internet,Sem serviço de internet,Sem serviço de internet,Sem serviço de internet,Sem serviço de internet,Sem serviço de internet,Um ano,Sim,Transferência bancária,38.72,2445.21,0
Feminino,1,Sim,Não,56,Sim,Não,Fibra óptica,Não,Sim,Sim,Não,Sim,Sim,Mês a mês,Sim,Cheque eletrônico,49.83,2976.12,1
Feminino,0,Sim,Não,13,Sim,Não,Não,Sem serviço de internet,Sem serviço de internet,Sem serviço de internet,Sem serviço de internet,Sem serviço de internet,Sem serviço de internet,Mês a mês,Não,Cartão de crédito,65.74,781.45,0
Masculino,0,Não,Não,22,Não,Sem serviço telefônico,Fibra óptica,Não,Não,Não,Não,Sim,Sim,Dois anos,Sim,Cheque eletrônico,29.53,667.6,1
Feminino,0,Não,Sim,7,Sim,Sim,Não,Sem serviço de internet,Sem serviço de internet,Sem serviço de internet,Sem serviço de internet,Sem serviço de internet,Sem serviço de internet,Mês a mês,Sim,Transferência bancária,89.1,533.7,0
Masculino,0,Não,Sim,24,Sim,Sim,Não,Sem serviço de internet,Sem serviço de internet,Sem serviço de internet,Sem serviço de internet,Sem serviço de internet,Sem serviço de internet,Mês a mês,Sim,Cheque eletrônico,75.41,1988.07,0
Feminino,0,Sim,Sim,61,Sim,Sim,DSL,Não,Sim,Não,Sim,Não,Não,Dois anos,Sim,Cheque eletrônico,32.72,2174.63,0
Masculino,1,Sim,Não,5,Não,Sem serviço telefônico,DSL,Não,Não,Não,Não,Sim,Sim,Mês a mês,Sim,Transferência bancária,85.75,449.02,1
Feminino,1,Não,Não,50,Sim,Não,DSL,Sim,Não,Não,Não,Não,Não,Dois anos,Sim,Transferência bancária,82.41,3761.82,0
Masculino,1,Sim,Sim,62,Sim,Não,Não,Sem serviço de internet,Sem serviço de internet,Sem serviço de internet,Sem serviço de internet,Sem serviço de internet,Sem serviço de internet,Dois anos,Sim,Cartão de crédito,106.31,6592.1,0
Feminino,0,Sim,Sim,55,Não,Sem serviço telefônico,DSL,Sim,Sim,Sim,Não,Não,Não,Um ano,Não,Cheque eletrônico,39.17,2271.13,0
Masculino,0,Não,Não,26,Não,Sem serviço telefônico,Não,Sem serviço de internet,Sem serviço de internet,Sem serviço de internet,Sem serviço de internet,Sem serviço de internet,Sem serviço de internet,Um ano,Sim,Cheque eletrônico,78.91,1972.9,0
Masculino,1,Sim,Não,10,Sim,Não,Fibra óptica,Sim,Não,Não,Sim,Não,Não,Mês a mês,Não,Cartão de crédito,105.6,1088.6,1
Masculino,0,Sim,Não,11,Sim,Não,DSL,Sim,Sim,Não,Não,Sim,Não,Mês a mês,Não,Cheque eletrônico,44.31,460.89,1
Masculino,0,Sim,Não,40,Sim,Não,Fibra óptica,Não,Sim,Sim,Não,Sim,Sim,Mês a mês,Sim,Transferência bancária,41.18,1651.62,1
Masculino,0,Não,Não,11,Sim,Não,Fibra óptica,Sim,Sim,Não,Sim,Não,Não,Mês a mês,Sim,Transferência bancária,45.51,467.8,0
Masculino,1,Sim,Sim,4,Sim,Sim,Fibra óptica,Não,Sim,Sim,Não,Não,Não,Mês a mês,Sim,Cartão de crédito,94.32,401.09,0
Feminino,0,Não,Sim,2,Sim,Não,Fibra óptica,Não,Sim,Não,Sim,Não,Não,Mês a mês,Não,Cheque enviado pelo correio,98.93,176.89,0
Masculino,1,Sim,Sim,39,Sim,Não,Fibra óptica,Não,Sim,Não,Não,Não,Não,Dois anos,Sim,Cheque eletrônico,21.45,799.98,0
Feminino,0,Não,Sim,23,Sim,Sim,Fibra óptica,Não,Não,Sim,Sim,Não,Sim,Dois anos,Não,Cheque eletrônico,49.42,1206.92,0
Feminino,0,Sim,Não,45,Sim,Sim,Não,Sem serviço de internet,Sem serviço de internet,Sem serviço de internet,Sem serviço de internet,Sem serviço de internet,Sem serviço de internet,Dois anos,Não,Cheque eletrônico,30.68,1461.22,0
Feminino,0,Não,Não,42,Sim,Não,DSL,Não,Não,Não,Não,Não,Não,Um ano,Sim,Cheque enviado pelo correio,33.36,1410.28,0
Feminino,0,Não,Sim,42,Sim,Não,Fibra óptica,Não,Sim,Sim,Sim,Não,Não,Um ano,Sim,Cheque enviado pelo correio,99.59,3666.73,1
Feminino,0,Não,Não,29,Sim,Não,Não,Sem serviço de internet,Sem serviço de internet,Sem serviço de internet,Sem serviço de internet,Sem serviço de internet,Sem serviço de internet,Um ano,Sim,Cartão de crédito,114.39,3302.48,1
Masculino,1,Não,Não,16,Sim,Sim,DSL,Não,Não,Não,Não,Sim,Não,Dois anos,Sim,Cheque enviado pelo correio,59.37,840.28,0
Masculino,0,Não,Não,67,Sim,Não,Fibra óptica,Sim,Não,Não,Não,Sim,Não,Mês a mês,Não,Cheque enviado pelo correio,115.01,7386.72,0
Masculino,0,Sim,Não,60,Sim,Não,Não,Sem serviço de internet,Sem serviço de internet,Sem serviço de internet,Sem serviço de internet,Sem serviço de internet,Sem serviço de internet,Mês a mês,Não,Cartão de crédito,55.77,3106.94,0
Feminino,0,Não,Não,4,Sim,Sim,Fibra óptica,Sim,Não,Sim,Não,Não,Não,Mês a mês,Sim,Cheque enviado pelo correio,89.62,402.26,0
Masculino,0,Não,Sim,16,Sim,Não,Fibra óptica,Não,Não,Não,Não,Não,Sim,Dois anos,Não,Cartão de crédito,53.9,853.6,0
Masculino,0,Não,Não,41,Não,Sem serviço telefônico,Fibra óptica,Não,Não,Não,Não,Não,Não,Um ano,Não,Transferência bancária,50.0,2219.47,0
Masculino,0,Sim,Não,6,Sim,Não,Fibra óptica,Não,Não,Não,Sim,Não,Não,Mês a mês,Não,Cheque eletrônico,76.75,452.51,1
Masculino,1,Não,Não,42,Sim,Sim,DSL,Não,Sim,Não,Não,Sim,Sim,Dois anos,Sim,Cheque enviado pelo correio,104.95,4149.53,0
Masculino,0,Sim,Não,57,Sim,Não,DSL,Não,Não,Não,Não,Não,Não,Mês a mês,Não,Cheque eletrônico,77.33,4319.97,0
Feminino,0,Não,Não,28,Sim,Não,DSL,Não,Não,Não,Não,Não,Não,Dois anos,Não,Cheque eletrônico,75.0,2347.64,0
Masculino,0,Sim,Não,23,Sim,Sim,DSL,Sim,Não,Não,Não,Sim,Sim,Mês a mês,Sim,Cartão de crédito,68.44,1385.02,0
Feminino,0,Sim,Não,42,Não,Sem serviço telefônico,Fibra óptica,Não,Não,Sim,Não,Sim,Não,Um ano,Não,Cheque eletrônico,112.85,4568.55,0
Feminino,1,Não,Não,12,Sim,Sim,Fibra óptica,Não,Sim,Não,Não,Não,Não,Dois anos,Não,Cartão de crédito,99.47,1102.49,0
Feminino,0,Não,Não,64,Sim,Sim,Fibra óptica,Sim,Não,Não,Não,Sim,Sim,Mês a mês,Não,Transferência bancária,58.68,3741.08,0
Feminino,1,Não,Não,58,Sim,Sim,DSL,Não,Não,Não,Não,Sim,Não,Dois anos,Sim,Cartão de crédito,100.42,5983.39,0
Feminino,0,Não,Não,51,Sim,Não,Não,Sem serviço de internet,Sem serviço de internet,Sem serviço de internet,Sem serviço de internet,Sem serviço de internet,Sem serviço de internet,Dois anos,Sim,Cheque eletrônico,28.85,1564.79,0
Masculino,0,Não,Sim,29,Sim,Sim,Fibra óptica,Sim,Não,Não,Não,Não,Não,Mês a mês,Sim,Cheque enviado pelo correio,61.54,1588.31,1
Masculino,1,Não,Não,19,Sim,Não,Não,Sem serviço de internet,Sem serviço de internet,Sem serviço de internet,Sem serviço de internet,Sem serviço de internet,Sem serviço de internet,Mês a mês,Não,Cartão de crédito,29.18,569.55,1
Masculino,0,Não,Não,45,Não,Sem serviço telefônico,Fibra óptica,Não,Não,Sim,Não,Sim,Sim,Mês a mês,Sim,Cartão de crédito,117.72,5734.03,1
Feminino,0,Não,Sim,54,Sim,Sim,Não,Sem serviço de internet,Sem serviço de internet,Sem serviço de internet,Sem serviço de internet,Sem serviço de internet,Sem serviço de internet,Um ano,Sim,Transferência bancária,22.7,1293.0,0
Masculino,0,Sim,Não,66,Sim,Sim,Não,Sem serviço de internet,Sem serviço de internet,Sem serviço de internet,Sem serviço de internet,Sem serviço de internet,Sem serviço de internet,Mês a mês,Sim,Cheque eletrônico,108.81,7138.98,0
Masculino,0,Sim,Não,72,Não,Sem serviço telefônico,Fibra óptica,Sim,Não,Não,Não,Não,Sim,Mês a mês,Não,Cheque enviado pelo correio,111.18,8232.95,0
Feminino,0,Não,Não,13,Sim,Não,Fibra óptica,Não,Sim,Não,Sim,Não,Não,Mês a mês,Sim,Cheque enviado pelo correio,47.28,688.38,0
Feminino,0,Não,Sim,65,Sim,Sim,Fibra óptica,Sim,Não,Sim,Não,Não,Não,Mês a mês,Não,Cartão de crédito,112.95,7341.63,1
Feminino,0,Sim,Não,12,Não,Sem serviço telefônico,Fibra óptica,Sim,Não,Não,Não,Sim,Não,Dois anos,Não,Transferência bancária,68.06,895.34,0
Feminino,0,Sim,Sim,71,Sim,Não,DSL,Não,Não,Não,Não,Não,Não,Mês a mês,Sim,Cheque enviado pelo correio,111.81,9028.66,1
Masculino,1,Não,Não,14,Sim,Não,DSL,Não,Não,Não,Não,Não,Sim,Um ano,Sim,Cheque enviado pelo correio,66.56,808.66,0
Feminino,0,Sim,Não,42,Sim,Sim,DSL,Sim,Não,Não,Sim,Não,Não,Mês a mês,Não,Cartão de crédito,65.04,3028.35,0
Feminino,0,Não,Não,48,Sim,Não,DSL,Sim,Não,Não,Não,Não,Não,Um ano,Sim,Transferência bancária,93.34,3955.8,0
Masculino,1,Não,Não,24,Sim,Não,Fibra óptica,Sim,Sim,Não,Não,Sim,Sim,Dois anos,Sim,Transferência bancária,41.35,863.34,0
Masculino,0,Sim,Sim,65,Sim,Sim,Não,Sem serviço de internet,Sem serviço de internet,Sem serviço de internet,Sem serviço de internet,Sem serviço de internet,Sem serviço de internet,Mês a mês,Sim,Cheque enviado pelo correio,108.42,6893.26,1
Feminino,0,Não,Não,17,Não,Sem serviço telefônico,Fibra óptica,Sim,Sim,Não,Não,Não,Não,Mês a mês,Não,Cheque enviado pelo correio,102.84,1743.8,1
Masculino,0,Não,Não,38,Sim,Sim,Não,Sem serviço de internet,Sem serviço de internet,Sem serviço de internet,Sem serviço de internet,Sem serviço de internet,Sem serviço de internet,Mês a mês,Sim,Cheque enviado pelo correio,31.5,1048.2,0
Feminino,0,Não,Sim,28,Sim,Sim,Fibra óptica,Sim,Não,Não,Não,Não,Não,Dois anos,Sim,Cartão de crédito,20.94,667.25,0
Feminino,0,Sim,Não,33,Sim,Sim,Fibra óptica,Não,Não,Não,Não,Não,Sim,Mês a mês,Sim,Cheque eletrônico,89.06,2546.49,1
Masculino,0,Sim,Não,24,Sim,Sim,Fibra óptica,Não,Não,Sim,Não,Não,Sim,Mês a mês,Não,Cheque eletrônico,53.17,1352.0,1
Masculino,0,Não,Não,70,Sim,Sim,Fibra óptica,Sim,Não,Sim,Não,Sim,Não,Mês a mês,Sim,Transferência bancária,28.21,1884.94,0
Feminino,0,Sim,Sim,4,Sim,Não,Fibra óptica,Não,Não,Sim,Sim,Não,Não,Mês a mês,Sim,Cartão de crédito,107.54,382.31,0
Feminino,0,Sim,Não,33,Não,Sem serviço telefônico,DSL,Não,Não,Não,Não,Não,Não,Um ano,Não,Cartão de crédito,117.42,4234.77,0
Feminino,0,Sim,Não,10,Sim,Sim,Fibra óptica,Não,Não,Não,Não,Não,Não,Um ano,Não,Cartão de crédito,49.87,543.94,0
Masculino,0,Sim,Sim,36,Não,Sem serviço telefônico,Fibra óptica,Não,Sim,Não,Não,Não,Sim,Dois anos,Sim,Cheque enviado pelo correio,36.53,1475.59,0
Feminino,1,Sim,Sim,31,Sim,Sim,Fibra óptica,Não,Sim,Não,Sim,Não,Não,Mês a mês,Não,Cartão de crédito,103.67,3539.83,1
Feminino,0,Sim,Sim,4,Não,Sem serviço telefônico,DSL,Não,Não,Sim,Não,Sim,Não,Mês a mês,Sim,Cheque enviado pelo correio,70.96,286.25,1
Feminino,0,Não,Não,8,Sim,Não,DSL,Não,Não,Não,Não,Não,Não,Mês a mês,Sim,Cheque enviado pelo correio,116.55,822.03,1
Feminino,0,Não,Não,27,Sim,Não,Não,Sem serviço de internet,Sem serviço de internet,Sem serviço de internet,Sem serviço de internet,Sem serviço de internet,Sem serviço de internet,Mês a mês,Não,Cartão de crédito,81.77,2410.63,1
Feminino,1,Sim,Não,36,Sim,Não,Fibra óptica,Não,Não,Não,Sim,Sim,Sim,Dois anos,Sim,Transferência bancária,74.62,2312.28,0
Masculino,1,Não,Sim,9,Sim,Sim,Não,Sem serviço de internet,Sem serviço de internet,Sem serviço de internet,Sem serviço de internet,Sem serviço de internet,Sem serviço de internet,Mês a mês,Sim,Transferência bancária,110.78,1056.94,1
Feminino,0,Sim,Não,43,Sim,Sim,Fibra óptica,Não,Sim,Sim,Sim,Sim,Não,Mês a mês,Não,Cheque eletrônico,98.15,3650.5,0
Feminino,0,Não,Não,24,Sim,Não,Fibra óptica,Não,Sim,Sim,Não,Não,Não,Um ano,Sim,Cheque enviado pelo correio,58.74,1299.68,0
Feminino,0,Sim,Sim,37,Sim,Não,DSL,Não,Sim,Não,Não,Não,Não,Dois anos,Não,Cheque eletrônico,19.07,699.65,0
Feminino,0,Sim,Não,41,Não,Sem serviço telefônico,Fibra óptica,Não,Não,Não,Não,Não,Sim,Um ano,Sim,Cheque eletrônico,93.21,3922.9,1
Masculino,0,Não,Sim,26,Sim,Não,Fibra óptica,Não,Não,Não,Sim,Não,Sim,Um ano,Sim,Transferência bancária,104.53,3047.94,1
Masculino,0,Sim,Não,4,Sim,Sim,Fibra óptica,Não,Sim,Não,Sim,Não,Sim,Mês a mês,Não,Cheque eletrônico,31.01,142.2,1
Masculino,0,Não,Não,1,Sim,Não,DSL,Não,Não,Não,Não,Não,Sim,Dois anos,Não,Cheque enviado pelo correio,107.52,115.46,0
Feminino,0,Sim,Não,20,Não,Sem serviço telefônico,DSL,Não,Não,Não,Não,Não,Não,Dois anos,Sim,Cheque enviado pelo correio,104.64,2406.67,0
Feminino,0,Sim,Não,45,Sim,Sim,Fibra óptica,Não,Não,Não,Sim,Não,Sim,Um ano,Sim,Transferência bancária,19.76,812.56,0
Masculino,0,Não,Não,69,Sim,Sim,Não,Sem serviço de internet,Sem serviço de internet,Sem serviço de internet,Sem serviço de internet,Sem serviço de internet,Sem serviço de internet,Mês a mês,Sim,Transferência bancária,90.85,6188.13,1
Masculino,1,Não,Sim,52,Sim,Não,Fibra óptica,Não,Não,Não,Não,Não,Sim,Mês a mês,Sim,Transferência bancária,56.34,3190.53,0
Masculino,0,Sim,Não,64,Sim,Sim,Fibra óptica,Não,Não,Não,Não,Não,Não,Mês a mês,Sim,Cheque eletrônico,23.09,1259.22,1
Feminino,0,Sim,Não,21,Sim,Sim,DSL,Não,Não,Não,Sim,Não,Não,Mês a mês,Sim,Transferência bancária,51.08,1076.04,1
Feminino,0,Sim,Não,72,Sim,Sim,Fibra óptica,Sim,Não,Não,Não,Não,Não,Um ano,Sim,Transferência bancária,78.49,6276.0,0
Masculino,0,Não,Sim,25,Sim,Sim,Fibra óptica,Não,Não,Não,Não,Não,Sim,Dois anos,Não,Cheque enviado pelo correio,48.63,1260.16,0
Masculino,0,Não,Sim,67,Sim,Não,Não,Sem serviço de internet,Sem serviço de internet,Sem serviço de internet,Sem serviço de internet,Sem serviço de internet,Sem serviço de internet,Um ano,Sim,Cheque eletrônico,96.76,6934.84,0
Masculino,0,Sim,Não,26,Sim,Não,Fibra óptica,Não,Não,Não,Não,Não,Sim,Dois anos,Sim,Transferência bancária,67.5,1942.02,0
Feminino,0,Não,Sim,27,Sim,Não,DSL,Não,Não,Sim,Não,Não,Sim,Dois anos,Não,Cheque enviado pelo correio,21.55,649.04,0
Feminino,1,Sim,Sim,52,Sim,Não,Fibra óptica,Não,Sim,Não,Sim,Não,Não,Mês a mês,Sim,Cheque enviado pelo correio,74.06,3716.42,1
Feminino,0,Sim,Não,63,Sim,Não,Fibra óptica,Sim,Sim,Sim,Sim,Sim,Sim,Mês a mês,Sim,Cartão de crédito,61.78,3602.68,0
Masculino,1,Sim,Não,45,Sim,Não,Fibra óptica,Não,Não,Não,Não,Sim,Sim,Um ano,Sim,Cheque eletrônico,27.48,1194.93,0
Masculino,0,Não,Não,58,Sim,Sim,DSL,Sim,Sim,Não,Não,Não,Não,Um ano,Não,Cheque enviado pelo correio,62.19,3397.53,0
Feminino,1,Sim,Não,38,Sim,Não,DSL,Sim,Não,Não,Não,Sim,Não,Mês a mês,Sim,Transferência bancária,97.75,3713.13,1
Masculino,0,Não,Não,35,Sim,Não,Fibra óptica,Sim,Sim,Não,Não,Sim,Não,Dois anos,Não,Cartão de crédito,28.64,971.18,0
Feminino,0,Não,Sim,46,Sim,Não,DSL,Não,Sim,Não,Sim,Não,Não,Dois anos,Sim,Cartão de crédito,42.67,1731.78,0
Masculino,0,Sim,Não,71,Sim,Não,DSL,Não,Não,Sim,Não,Não,Não,Mês a mês,Sim,Transferência bancária,116.67,9185.39,1
Masculino,0,Sim,Não,3,Sim,Não,DSL,Sim,Não,Sim,Não,Não,Não,Mês a mês,Sim,Cartão de crédito,59.46,163.54,1
Masculino,0,Sim,Não,6,Sim,Não,Fibra óptica,Sim,Não,Não,Não,Não,Não,Mês a mês,Não,Cheque eletrônico,101.01,674.57,1
Masculino,0,Não,Não,13,Sim,Sim,Fibra óptica,Não,Não,Sim,Sim,Sim,Não,Um ano,Não,Cheque enviado pelo correio,68.4,804.85,0
Feminino,0,Não,Sim,46,Sim,Não,Não,Sem serviço de internet,Sem serviço de internet,Sem serviço de internet,Sem serviço de internet,Sem serviço de internet,Sem serviço de internet,Um ano,Sim,Cartão de crédito,41.2,2037.85,0
Masculino,0,Sim,Sim,33,Sim,Sim,DSL,Não,Não,Não,Não,Não,Não,Mês a mês,Sim,Cheque eletrônico,26.59,791.21,1
Feminino,0,Sim,Não,62,Sim,Não,Fibra óptica,Sim,Sim,Não,Não,Não,Sim,Mês a mês,Não,Cartão de crédito,92.64,5824.78,1
Feminino,1,Sim,Não,63,Sim,Não,DSL,Não,Sim,Sim,Sim,Não,Sim,Mês a mês,Sim,Cheque eletrônico,66.5,4750.41,0
Feminino,0,Sim,Sim,56,Sim,Sim,Fibra óptica,Sim,Sim,Não,Não,Não,Não,Dois anos,Não,Cartão de crédito,115.94,6801.13,0
Masculino,0,Não,Sim,39,Sim,Sim,Fibra óptica,Não,Sim,Não,Sim,Não,Não,Um ano,Sim,Transferência bancária,108.27,3644.84,0
Feminino,0,Sim,Não,60,Sim,Sim,Fibra óptica,Não,Sim,Não,Sim,Não,Não,Um ano,Não,Cheque eletrônico,33.42,2105.74,0
Feminino,0,Sim,Não,24,Sim,Não,DSL,Não,Sim,Não,Não,Não,Sim,Dois anos,Sim,Cartão de crédito,83.71,1772.84,0
Feminino,0,Não,Não,50,Não,Sem serviço telefônico,DSL,Não,Sim,Não,Não,Não,Não,Dois anos,Não,Transferência bancária,36.33,1579.25,0
Masculino,0,Sim,Sim,33,Sim,Sim,Fibra óptica,Não,Não,Sim,Não,Sim,Sim,Mês a mês,Não,Cartão de crédito,54.49,1795.65,1
Masculino,0,Não,Não,7,Sim,Sim,Não,Sem serviço de internet,Sem serviço de internet,Sem serviço de internet,Sem serviço de internet,Sem serviço de internet,Sem serviço de internet,Dois anos,Não,Cheque enviado pelo correio,51.29,399.16,0
Feminino,0,Sim,Não,46,Sim,Sim,DSL,Sim,Não,Sim,Não,Sim,Sim,Mês a mês,Não,Transferência bancária,69.5,3557.99,0
Masculino,1,Não,Não,62,Não,Sem serviço telefônico,Não,Sem serviço de internet,Sem serviço de internet,Sem serviço de internet,Sem serviço de internet,Sem serviço de internet,Sem serviço de internet,Mês a mês,Não,Cheque enviado pelo correio,101.44,6610.18,0
Feminino,0,Sim,Sim,1,Sim,Não,Fibra óptica,Não,Não,Não,Não,Não,Sim,Mês a mês,Não,Cartão de crédito,106.47,100.61,1
Feminino,0,Não,Não,65,Sim,Não,Não,Sem serviço de internet,Sem serviço de internet,Sem serviço de internet,Sem serviço de internet,Sem serviço de internet,Sem serviço de internet,Dois anos,Sim,Cheque enviado pelo correio,86.31,6171.11,0
Masculino,0,Sim,Não,45,Sim,Não,DSL,Sim,Não,Sim,Sim,Sim,Sim,Um ano,Sim,Transferência bancária,81.02,3962.68,0
Feminino,0,Não,Sim,55,Sim,Não,DSL,Não,Sim,Não,Não,Sim,Não,Dois anos,Sim,Cheque eletrônico,110.3,6968.64,0
Masculino,0,Sim,Sim,66,Sim,Não,Não,Sem serviço de internet,Sem serviço de internet,Sem serviço de internet,Sem serviço de internet,Sem serviço de internet,Sem serviço de internet,Um ano,Sim,Transferência bancária,28.19,1856.0,0
Masculino,0,Não,Não,67,Sim,Sim,DSL,Sim,Não,Sim,Sim,Sim,Sim,Mês a mês,Sim,Cheque enviado pelo correio,57.22,4247.93,0
Feminino,1,Sim,Não,54,Sim,Sim,Fibra óptica,Não,Não,Não,Não,Não,Sim,Um ano,Não,Cartão de crédito,39.81,2230.19,0
Masculino,0,Não,Não,63,Sim,Sim,Não,Sem serviço de internet,Sem serviço de internet,Sem serviço de internet,Sem serviço de internet,Sem serviço de internet,Sem serviço de internet,Dois anos,Sim,Cheque enviado pelo correio,31.67,2185.14,1
Masculino,0,Não,Não,54,Sim,Sim,Fibra óptica,Não,Não,Não,Não,Não,Não,Dois anos,Não,Cheque enviado pelo correio,85.09,3973.99,0
Feminino,0,Não,Não,52,Sim,Sim,Fibra óptica,Não,Não,Não,Não,Sim,Sim,Mês a mês,Sim,Cartão de crédito,37.21,1832.53,1
Feminino,0,Não,Sim,54,Não,Sem serviço telefônico,Não,Sem serviço de internet,Sem serviço de internet,Sem serviço de internet,Sem serviço de internet,Sem serviço de internet,Sem serviço de internet,Mês a mês,Sim,Transferência bancária,114.04,6164.65,0
Masculino,0,Sim,Não,67,Sim,Não,DSL,Não,Sim,Não,Não,Não,Não,Mês a mês,Não,Cartão de crédito,70.78,4248.95,0
Masculino,0,Sim,Não,37,Sim,Não,Fibra óptica,Sim,Não,Sim,Não,Não,Não,Mês a mês,Sim,Transferência bancária,65.15,2353.96,0
Feminino,0,Não,Não,12,Sim,Sim,Fibra óptica,Não,Não,Sim,Sim,Não,Sim,Mês a mês,Sim,Cheque enviado pelo correio,53.76,597.41,0
Masculino,0,Sim,Sim,59,Sim,Não,Fibra óptica,Não,Não,Não,Não,Não,Sim,Um ano,Sim,Transferência bancária,45.37,2413.08,0
Masculino,0,Sim,Sim,20,Sim,Não,Fibra óptica,Não,Não,Não,Sim,Não,Não,Dois anos,Sim,Transferência bancária,109.13,2150.67,1
Masculino,0,Sim,Não,32,Sim,Sim,Fibra óptica,Sim,Não,Sim,Não,Não,Não,Um ano,Não,Transferência bancária,79.51,2533.59,1
Masculino,0,Sim,Sim,71,Sim,Sim,Fibra óptica,Não,Não,Não,Não,Sim,Não,Mês a mês,Sim,Cheque eletrônico,41.65,2712.61,1
Masculino,0,Não,Sim,44,Sim,Não,DSL,Sim,Não,Sim,Não,Sim,Sim,Mês a mês,Sim,Cheque enviado pelo correio,86.34,3706.38,1
Masculino,1,Não,Sim,66,Sim,Sim,Fibra óptica,Não,Não,Não,Não,Não,Sim,Mês a mês,Não,Cartão de crédito,41.75,2708.47,0
Masculino,0,Não,Sim,55,Sim,Não,Fibra óptica,Não,Não,Sim,Sim,Não,Sim,Mês a mês,Sim,Cheque eletrônico,95.07,5545.91,0
Feminino,0,Sim,Não,16,Sim,Sim,Fibra óptica,Sim,Sim,Não,Sim,Não,Sim,Dois anos,Sim,Cartão de crédito,73.32,1320.39,0
Feminino,0,Não,Não,71,Sim,Não,Não,Sem serviço de internet,Sem serviço de internet,Sem serviço de internet,Sem serviço de internet,Sem serviço de internet,Sem serviço de internet,Mês a mês,Não,Cheque eletrônico,62.22,4355.61,0
Feminino,0,Não,Sim,68,Sim,Sim,DSL,Não,Não,Sim,Não,Sim,Não,Um ano,Sim,Cheque enviado pelo correio,83.47,6515.66,0
Feminino,0,Não,Não,52,Sim,Sim,Fibra óptica,Sim,Não,Não,Não,Não,Sim,Mês a mês,Não,Cheque eletrônico,105.15,4880.14,0
Feminino,0,Não,Não,37,Sim,Sim,Fibra óptica,Não,Não,Não,Sim,Sim,Não,Dois anos,Sim,Transferência bancária,58.32,2312.4,0
Masculino,0,Não,Não,46,Sim,Não,DSL,Não,Sim,Sim,Não,Sim,Não,Mês a mês,Sim,Cartão de crédito,86.84,3703.32,0
Masculino,1,Sim,Não,41,Sim,Sim,Fibra óptica,Não,Sim,Sim,Não,Sim,Sim,Dois anos,Não,Transferência bancária,54.32,1931.71,0
Masculino,1,Sim,Não,5,Sim,Não,Não,Sem serviço de internet,Sem serviço de internet,Sem serviço de internet,Sem serviço de internet,Sem serviço de internet,Sem serviço de internet,Um ano,Sim,Cheque eletrônico,54.09,233.34,0
Masculino,0,Sim,Sim,66,Sim,Não,DSL,Não,Não,Não,Não,Não,Sim,Mês a mês,Sim,Transferência bancária,101.88,5792.92,1
Feminino,0,Não,Não,5,Não,Sem serviço telefônico,Fibra óptica,Não,Sim,Não,Sim,Sim,Sim,Mês a mês,Sim,Cheque eletrônico,72.81,377.16,1
Masculino,0,Não,Não,63,Sim,Não,DSL,Não,Sim,Não,Sim,Sim,Sim,Dois anos,Não,Transferência bancária,58.46,3631.88,0
Masculino,0,Não,Não,3,Sim,Sim,Fibra óptica,Não,Não,Sim,Não,Sim,Sim,Mês a mês,Não,Cartão de crédito,38.14,125.79,1
Feminino,0,Não,Não,8,Sim,Sim,Fibra óptica,Sim,Sim,Sim,Sim,Não,Sim,Dois anos,Sim,Cheque enviado pelo correio,97.62,886.64,1
Masculino,0,Não,Não,26,Sim,Não,Fibra óptica,Sim,Não,Sim,Não,Sim,Não,Um ano,Sim,Transferência bancária,81.01,1886.25,1
Masculino,0,Não,Não,53,Sim,Sim,Não,Sem serviço de internet,Sem serviço de internet,Sem serviço de internet,Sem serviço de internet,Sem serviço de internet,Sem serviço de internet,Mês a mês,Não,Transferência bancária,90.01,5086.93,0
Feminino,0,Não,Não,29,Sim,Não,Fibra óptica,Sim,Sim,Não,Não,Não,Sim,Um ano,Sim,Cheque eletrônico,61.6,1832.12,1
Masculino,0,Sim,Não,14,Sim,Sim,DSL,Sim,Não,Sim,Sim,Sim,Sim,Mês a mês,Sim,Cheque eletrônico,48.82,768.13,1
Masculino,0,Sim,Sim,5,Sim,Não,Não,Sem serviço de internet,Sem serviço de internet,Sem serviço de internet,Sem serviço de internet,Sem serviço de internet,Sem serviço de internet,Mês a mês,Não,Transferência bancária,90.44,417.28,0
Masculino,0,Sim,Sim,27,Sim,Não,DSL,Não,Não,Não,Sim,Sim,Não,Um ano,Não,Cheque eletrônico,26.63,632.2,0
Masculino,0,Sim,Não,68,Sim,Sim,Fibra óptica,Sim,Não,Sim,Não,Não,Sim,Mês a mês,Não,Cheque enviado pelo correio,84.0,5526.21,0
Masculino,0,Não,Sim,29,Sim,Não,DSL,Sim,Não,Não,Não,Não,Não,Dois anos,Não,Cheque enviado pelo correio,115.68,3024.88,0
Feminino,0,Sim,Não,3,Sim,Sim,Fibra óptica,Sim,Não,Não,Não,Não,Sim,Um ano,Sim,Cartão de crédito,99.45,334.07,0
Feminino,0,Não,Não,30,Sim,Não,DSL,Sim,Sim,Sim,Sim,Não,Não,Mês a mês,Sim,Cartão de crédito,91.22,2800.82,1
Feminino,0,Sim,Não,9,Não,Sem serviço telefônico,Fibra óptica,Não,Não,Sim,Sim,Não,Não,Dois anos,Sim,Cheque eletrônico,62.1,595.79,1
Feminino,0,Sim,Não,1,Sim,Sim,Fibra óptica,Sim,Não,Não,Não,Não,Não,Mês a mês,Sim,Cheque eletrônico,19.63,17.78,1
Feminino,0,Não,Não,23,Sim,Não,Não,Sem serviço de internet,Sem serviço de internet,Sem serviço de internet,Sem serviço de internet,Sem serviço de internet,Sem serviço de internet,Mês a mês,Sim,Cheque eletrônico,116.49,2904.31,1
Feminino,0,Não,Sim,67,Não,Sem serviço telefônico,DSL,Não,Não,Não,Sim,Não,Sim,Mês a mês,Sim,Transferência bancária,110.07,7491.88,0
Masculino,0,Sim,Não,32,Sim,Não,Fibra óptica,Não,Sim,Não,Sim,Sim,Sim,Um ano,Sim,Cheque eletrônico,67.81,2464.2,0
Feminino,0,Não,Não,6,Sim,Não,Não,Sem serviço de internet,Sem serviço de internet,Sem serviço de internet,Sem serviço de internet,Sem serviço de internet,Sem serviço de internet,Dois anos,Sim,Cheque eletrônico,86.73,522.38,0
Feminino,0,Sim,Não,49,Sim,Sim,Não,Sem serviço de internet,Sem serviço de internet,Sem serviço de internet,Sem serviço de internet,Sem serviço de internet,Sem serviço de internet,Mês a mês,Não,Cheque eletrônico,73.97,3091.61,1
Masculino,0,Não,Não,15,Sim,Sim,DSL,Não,Sim,Não,Não,Não,Não,Um ano,Sim,Transferência bancária,86.99,1118.33,0
Masculino,0,Não,Não,58,Não,Sem serviço telefônico,Não,Sem serviço de internet,Sem serviço de internet,Sem serviço de internet,Sem serviço de internet,Sem serviço de internet,Sem serviço de internet,Mês a mês,Não,Transferência bancária,23.37,1244.02,0
Feminino,1,Sim,Não,53,Sim,Não,Não,Sem serviço de internet,Sem serviço de internet,Sem serviço de internet,Sem serviço de internet,Sem serviço de internet,Sem serviço de internet,Mês a mês,Não,Cheque eletrônico,117.84,6760.76,0
Masculino,0,Não,Não,30,Sim,Sim,Não,Sem serviço de internet,Sem serviço de internet,Sem serviço de internet,Sem serviço de internet,Sem serviço de internet,Sem serviço de internet,Dois anos,Sim,Cartão de crédito,96.05,2619.27,0
Feminino,0,Não,Não,40,Sim,Não,Fibra óptica,Não,Não,Não,Sim,Sim,Não,Mês a mês,Não,Transferência bancária,44.59,1691.73,0
Masculino,0,Não,Não,59,Sim,Sim,Fibra óptica,Não,Sim,Não,Não,Sim,Sim,Mês a mês,Não,Cheque eletrônico,72.24,4142.24,1
Feminino,0,Não,Sim,63,Sim,Sim,Fibra óptica,Não,Não,Não,Não,Não,Não,Um ano,Sim,Transferência bancária,65.33,3636.59,0
Masculino,0,Sim,Não,48,Sim,Não,Não,Sem serviço de internet,Sem serviço de internet,Sem serviço de internet,Sem serviço de internet,Sem serviço de internet,Sem serviço de internet,Um ano,Sim,Cheque enviado pelo correio,53.43,2783.99,0
Masculino,0,Não,Não,68,Não,Sem serviço telefônico,Não,Sem serviço de internet,Sem serviço de internet,Sem serviço de internet,Sem serviço de internet,Sem serviço de internet,Sem serviço de internet,Dois anos,Não,Transferência bancária,61.87,4258.18,0
Feminino,0,Não,Não,7,Sim,Sim,DSL,Não,Sim,Não,Não,Sim,Sim,Mês a mês,Sim,Cheque enviado pelo correio,74.92,485.33,0
Feminino,0,Não,Sim,47,Sim,Sim,DSL,Sim,Sim,Não,Não,Não,Sim,Um ano,Sim,Cheque enviado pelo correio,69.14,3218.44,0
Feminino,0,Sim,Não,43,Sim,Não,Fibra óptica,Não,Não,Não,Não,Sim,Sim,Um ano,Sim,Cheque eletrônico,101.82,4648.5,0
Feminino,0,Não,Não,16,Sim,Sim,Fibra óptica,Sim,Não,Sim,Não,Sim,Não,Dois anos,Não,Cartão de crédito,29.92,508.06,1
Feminino,1,Não,Não,22,Sim,Sim,DSL,Não,Não,Não,Não,Sim,Não,Um ano,Sim,Cartão de crédito,23.58,477.69,1
Masculino,0,Não,Não,63,Sim,Não,Não,Sem serviço de internet,Sem serviço de internet,Sem serviço de internet,Sem serviço de internet,Sem serviço de internet,Sem serviço de internet,Dois anos,Não,Cheque enviado pelo correio,68.57,4229.62,0
Feminino,0,Sim,Sim,46,Sim,Não,Fibra óptica,Não,Sim,Sim,Não,Não,Não,Mês a mês,Sim,Cheque enviado pelo correio,64.75,2557.47,1
Feminino,0,Sim,Não,45,Sim,Não,DSL,Não,Não,Não,Não,Não,Sim,Mês a mês,Não,Cheque eletrônico,82.54,3629.26,0
Masculino,0,Sim,Não,41,Sim,Não,Não,Sem serviço de internet,Sem serviço de internet,Sem serviço de internet,Sem serviço de internet,Sem serviço de internet,Sem serviço de internet,Mês a mês,Sim,Cheque eletrônico,47.02,1671.35,0
Masculino,1,Sim,Não,25,Sim,Não,Fibra óptica,Sim,Não,Sim,Sim,Sim,Não,Dois anos,Sim,Cartão de crédito,26.96,577.34,0
Feminino,1,Não,Não,50,Sim,Sim,Não,Sem serviço de internet,Sem serviço de internet,Sem serviço de internet,Sem serviço de internet,Sem serviço de internet,Sem serviço de internet,Mês a mês,Sim,Cheque enviado pelo correio,98.43,5055.23,1
Masculino,0,Não,Sim,67,Sim,Sim,DSL,Não,Sim,Não,Não,Não,Sim,Um ano,Sim,Cartão de crédito,62.05,4214.17,0
Masculino,0,Não,Não,52,Sim,Não,DSL,Não,Sim,Sim,Não,Sim,Não,Mês a mês,Não,Cartão de crédito,31.59,1831.67,0
Feminino,0,Não,Não,31,Sim,Não,DSL,Não,Não,Não,Não,Sim,Não,Mês a mês,Sim,Cheque enviado pelo correio,113.56,3799.85,1
Masculino,0,Sim,Sim,37,Sim,Sim,Fibra óptica,Não,Sim,Não,Não,Não,Não,Mês a mês,Sim,Cartão de crédito,112.41,4490.33,1
Masculino,0,Sim,Não,22,Sim,Não,DSL,Sim,Não,Sim,Não,Sim,Sim,Mês a mês,Não,Transferência bancária,34.26,841.99,1
Feminino,1,Não,Não,27,Sim,Não,Fibra óptica,Sim,Sim,Não,Não,Não,Sim,Mês a mês,Sim,Cheque eletrônico,98.67,2388.46,1
Feminino,1,Não,Não,2,Sim,Não,Fibra óptica,Não,Não,Não,Não,Sim,Sim,Um ano,Não,Cheque eletrônico,72.03,122.95,0
Masculino,1,Não,Não,22,Sim,Não,DSL,Não,Não,Não,Sim,Não,Sim,Mês a mês,Sim,Cheque eletrônico,47.84,1012.0,0
Masculino,0,Sim,Não,53,Sim,Sim,Fibra óptica,Sim,Não,Sim,Sim,Sim,Sim,Mês a mês,Sim,Cheque eletrônico,57.34,2832.96,0
Feminino,0,Não,Não,17,Sim,Não,DSL,Não,Não,Sim,Não,Sim,Não,Mês a mês,Sim,Transferência bancária,114.45,1713.22,0
Masculino,0,Sim,Não,56,Sim,Não,DSL,Não,Não,Não,Não,Não,Não,Um ano,Não,Cheque eletrônico,51.39,2626.03,1
Masculino,0,Não,Sim,31,Sim,Sim,DSL,Sim,Não,Sim,Não,Não,Sim,Um ano,Não,Cheque enviado pelo correio,39.37,1071.04,0
Masculino,0,Não,Não,43,Sim,Não,Não,Sem serviço de internet,Sem serviço de internet,Sem serviço de internet,Sem serviço de internet,Sem serviço de internet,Sem serviço de internet,Dois anos,Sim,Cheque eletrônico,64.69,2984.02,0
Feminino,0,Não,Não,72,Sim,Sim,Fibra óptica,Não,Não,Não,Sim,Sim,Sim,Mês a mês,Não,Transferência bancária,79.49,5765.38,0
Masculino,0,Sim,Sim,53,Sim,Não,Fibra óptica,Não,Não,Não,Não,Sim,Não,Um ano,Sim,Cheque enviado pelo correio,46.46,2265.81,0
Masculino,0,Não,Não,5,Sim,Sim,Fibra óptica,Não,Não,Não,Sim,Não,Não,Dois anos,Sim,Cheque eletrônico,95.38,530.97,0
Feminino,1,Sim,Não,2,Sim,Não,DSL,Não,Não,Sim,Não,Não,Sim,Um ano,Não,Transferência bancária,78.57,179.5,0
Masculino,1,Sim,Não,59,Sim,Não,Não,Sem serviço de internet,Sem serviço de internet,Sem serviço de internet,Sem serviço de internet,Sem serviço de internet,Sem serviço de internet,Mês a mês,Não,Cheque enviado pelo correio,110.8,6378.36,1
Masculino,1,Não,Sim,4,Sim,Sim,Fibra óptica,Sim,Não,Sim,Não,Sim,Sim,Um ano,Não,Transferência bancária,50.05,214.59,1
Feminino,0,Sim,Não,34,Sim,Sim,Não,Sem serviço de internet,Sem serviço de internet,Sem serviço de internet,Sem serviço de internet,Sem serviço de internet,Sem serviço de internet,Um ano,Sim,Cheque eletrônico,84.41,3076.63,1
Feminino,0,Não,Não,67,Sim,Sim,Fibra óptica,Não,Sim,Sim,Sim,Não,Não,Dois anos,Sim,Cartão de crédito,106.6,7275.31,0
Feminino,0,Sim,Não,6,Sim,Não,DSL,Não,Não,Não,Não,Não,Sim,Dois anos,Sim,Cheque enviado pelo correio,18.44,109.39,0
Feminino,0,Não,Não,58,Não,Sem serviço telefônico,Fibra óptica,Sim,Não,Não,Sim,Não,Não,Mês a mês,Não,Transferência bancária,67.46,4081.97,0
Masculino,1,Não,Não,47,Sim,Não,Fibra óptica,Não,Não,Não,Não,Não,Não,Mês a mês,Não,Cartão de crédito,73.43,3108.49,0
Masculino,1,Sim,Sim,5,Sim,Não,Fibra óptica,Sim,Sim,Não,Sim,Não,Não,Mês a mês,Sim,Transferência bancária,68.79,367.29,1
Feminino,0,Não,Não,61,Sim,Não,Fibra óptica,Sim,Não,Não,Não,Sim,Sim,Mês a mês,Sim,Cheque enviado pelo correio,47.17,2541.31,0
Feminino,0,Não,Sim,56,Sim,Sim,Não,Sem serviço de internet,Sem serviço de internet,Sem serviço de internet,Sem serviço de internet,Sem serviço de internet,Sem serviço de internet,Mês a mês,Sim,Cheque eletrônico,27.02,1561.09,0
Masculino,0,Não,Não,35,Sim,Não,Fibra óptica,Não,Não,Não,Não,Não,Não,Um ano,Sim,Cheque enviado pelo correio,104.49,3138.13,1
Feminino,0,Não,Sim,13,Sim,Não,Fibra óptica,Não,Sim,Não,Não,Sim,Sim,Mês a mês,Não,Cheque eletrônico,68.99,1002.06,1
Masculino,1,Não,Não,26,Sim,Sim,Não,Sem serviço de internet,Sem serviço de internet,Sem serviço de internet,Sem serviço de internet,Sem serviço de internet,Sem serviço de internet,Mês a mês,Não,Cheque eletrônico,25.25,700.71,0
Feminino,0,Sim,Não,64,Sim,Sim,DSL,Não,Sim,Sim,Não,Sim,Não,Um ano,Sim,Cheque eletrônico,59.04,3744.62,0
Masculino,0,Sim,Não,11,Sim,Não,Fibra óptica,Não,Não,Sim,Não,Não,Sim,Um ano,Sim,Cartão de crédito,36.33,412.58,0
Feminino,0,Sim,Não,62,Sim,Sim,DSL,Não,Sim,Não,Não,Sim,Não,Dois anos,Sim,Cheque eletrônico,49.07,3168.98,0
Feminino,0,Não,Sim,47,Sim,Não,Fibra óptica,Não,Sim,Não,Sim,Não,Não,Mês a mês,Sim,Cheque enviado pelo correio,99.67,5260.55,1
Masculino,0,Não,Não,70,Sim,Não,Não,Sem serviço de internet,Sem serviço de internet,Sem serviço de internet,Sem serviço de internet,Sem serviço de internet,Sem serviço de internet,Mês a mês,Sim,Cheque enviado pelo correio,69.98,4889.66,0
Feminino,1,Não,Não,58,Sim,Sim,Fibra óptica,Sim,Sim,Sim,Não,Não,Não,Dois anos,Sim,Cartão de crédito,41.59,2477.4,0
Masculino,0,Não,Não,10,Sim,Não,Não,Sem serviço de internet,Sem serviço de internet,Sem serviço de internet,Sem serviço de internet,Sem serviço de internet,Sem serviço de internet,Mês a mês,Sim,Cheque enviado pelo correio,99.04,1088.5,1
Masculino,0,Não,Sim,16,Sim,Sim,Fibra óptica,Não,Não,Não,Não,Não,Não,Dois anos,Sim,Cartão de crédito,37.28,586.91,0
Masculino,0,Sim,Sim,12,Sim,Sim,DSL,Sim,Não,Sim,Não,Não,Sim,Mês a mês,Sim,Cheque enviado pelo correio,49.73,553.32,0
Masculino,0,Sim,Não,71,Sim,Sim,DSL,Não,Sim,Não,Não,Não,Não,Um ano,Não,Transferência bancária,21.32,1428.37,0
Masculino,0,Não,Não,50,Sim,Sim,DSL,Sim,Não,Não,Não,Não,Não,Mês a mês,Não,Cheque eletrônico,113.71,5117.27,0
Feminino,0,Sim,Não,15,Sim,Sim,Fibra óptica,Não,Sim,Não,Não,Sim,Não,Mês a mês,Sim,Transferência bancária,59.84,963.99,0
Feminino,0,Não,Sim,59,Não,Sem serviço telefônico,Não,Sem serviço de internet,Sem serviço de internet,Sem serviço de internet,Sem serviço de internet,Sem serviço de internet,Sem serviço de internet,Mês a mês,Sim,Cheque eletrônico,34.67,2315.82,0
Masculino,0,Sim,Não,70,Sim,Sim,Fibra óptica,Não,Não,Não,Não,Sim,Não,Mês a mês,Não,Cheque enviado pelo correio,69.17,4162.62,0
Feminino,0,Sim,Não,62,Sim,Sim,Fibra óptica,Sim,Não,Não,Não,Sim,Não,Mês a mês,Sim,Cheque eletrônico,28.59,1875.51,0
Masculino,0,Não,Sim,72,Sim,Não,DSL,Sim,Sim,Não,Não,Não,Sim,Mês a mês,Sim,Cheque eletrônico,107.96,7545.45,1
Feminino,0,Sim,Não,62,Sim,Não,Fibra óptica,Não,Sim,Não,Sim,Sim,Sim,Dois anos,Sim,Cheque eletrônico,24.14,1435.21,0
Feminino,0,Não,Não,50,Sim,Não,Fibra óptica,Não,Não,Não,Sim,Sim,Não,Mês a mês,Não,Transferência bancária,80.07,4083.87,1
Feminino,0,Sim,Não,54,Sim,Sim,Fibra óptica,Não,Não,Não,Não,Não,Não,Mês a mês,Sim,Cheque enviado pelo correio,107.18,5422.67,1
Feminino,0,Não,Sim,54,Sim,Sim,Fibra óptica,Não,Não,Não,Sim,Não,Não,Dois anos,Sim,Cheque enviado pelo correio,42.77,2638.47,0
Masculino,0,Não,Não,28,Sim,Sim,Fibra óptica,Não,Sim,Não,Não,Sim,Sim,Um ano,Sim,Cartão de crédito,27.83,838.41,0
Masculino,0,Não,Sim,51,Sim,Sim,Não,Sem serviço de internet,Sem serviço de internet,Sem serviço de internet,Sem serviço de internet,Sem serviço de internet,Sem serviço de internet,Um ano,Não,Cheque eletrônico,64.39,3247.19,0
Feminino,1,Não,Não,33,Sim,Não,DSL,Não,Não,Sim,Não,Não,Sim,Um ano,Sim,Transferência bancária,77.08,2588.91,0
Feminino,0,Sim,Não,1,Sim,Não,Não,Sem serviço de internet,Sem serviço de internet,Sem serviço de internet,Sem serviço de internet,Sem serviço de internet,Sem serviço de internet,Dois anos,Sim,Cheque enviado pelo correio,46.98,41.49,0
Masculino,0,Sim,Não,69,Sim,Sim,Não,Sem serviço de internet,Sem serviço de internet,Sem serviço de internet,Sem serviço de internet,Sem serviço de internet,Sem serviço de internet,Dois anos,Sim,Cartão de crédito,50.51,3682.72,0
Feminino,1,Sim,Sim,1,Sim,Sim,Fibra óptica,Não,Não,Não,Sim,Não,Não,Mês a mês,Não,Transferência bancária,81.8,84.33,1
Masculino,0,Não,Não,55,Sim,Sim,Fibra óptica,Não,Sim,Sim,Não,Sim,Não,Dois anos,Não,Cheque eletrônico,115.66,7224.47,0
Masculino,0,Não,Sim,45,Sim,Não,Fibra óptica,Não,Sim,Não,Não,Não,Sim,Mês a mês,Sim,Cheque enviado pelo correio,60.48,2772.23,0
Masculino,0,Sim,Não,40,Sim,Sim,Não,Sem serviço de internet,Sem serviço de internet,Sem serviço de internet,Sem serviço de internet,Sem serviço de internet,Sem serviço de internet,Mês a mês,Não,Transferência bancária,62.38,2133.8,0
Feminino,0,Não,Sim,61,Sim,Não,DSL,Não,Não,Sim,Não,Não,Não,Um ano,Não,Cheque enviado pelo correio,105.05,6825.39,0
Masculino,0,Sim,Não,36,Sim,Sim,Fibra óptica,Não,Não,Não,Não,Sim,Sim,Mês a mês,Não,Transferência bancária,56.98,1851.47,1
Feminino,0,Sim,Não,24,Sim,Não,Não,Sem serviço de internet,Sem serviço de internet,Sem serviço de internet,Sem serviço de internet,Sem serviço de internet,Sem serviço de internet,Mês a mês,Não,Cartão de crédito,50.84,1253.82,1
Masculino,0,Não,Sim,14,Sim,Sim,DSL,Não,Sim,Não,Não,Sim,Não,Mês a mês,Não,Transferência bancária,64.58,930.44,0
Feminino,1,Sim,Não,1,Sim,Sim,DSL,Não,Sim,Não,Não,Não,Sim,Mês a mês,Sim,Cheque enviado pelo correio,22.21,24.99,0
Feminino,0,Sim,Não,47,Sim,Não,Fibra óptica,Sim,Sim,Não,Não,Sim,Não,Dois anos,Não,Cartão de crédito,109.06,5142.67,0
Feminino,0,Não,Não,21,Sim,Sim,Fibra óptica,Não,Não,Não,Não,Não,Sim,Um ano,Sim,Cartão de crédito,27.78,627.05,0
Masculino,0,Não,Sim,39,Sim,Não,DSL,Não,Não,Não,Não,Sim,Sim,Dois anos,Sim,Cheque enviado pelo correio,108.05,3713.03,0
Masculino,0,Sim,Não,3,Sim,Não,DSL,Não,Não,Não,Não,Não,Não,Mês a mês,Sim,Cartão de crédito,111.4,383.36,0
Feminino,0,Não,Sim,16,Sim,Não,DSL,Não,Não,Não,Não,Não,Não,Dois anos,Sim,Cartão de crédito,106.59,1657.94,0
Feminino,0,Não,Não,68,Sim,Não,Não,Sem serviço de internet,Sem serviço de internet,Sem serviço de internet,Sem serviço de internet,Sem serviço de internet,Sem serviço de internet,Mês a mês,Sim,Cheque enviado pelo correio,26.69,2011.38,0
Feminino,0,Sim,Não,26,Sim,Sim,Fibra óptica,Não,Sim,Não,Não,Sim,Sim,Dois anos,Sim,Cheque eletrônico,72.61,2041.26,0
Masculino,0,Não,Não,54,Não,Sem serviço telefônico,Fibra óptica,Sim,Sim,Sim,Não,Não,Não,Mês a mês,Sim,Cartão de crédito,53.45,2674.99,1
Masculino,1,Sim,Não,13,Sim,Sim,DSL,Não,Não,Não,Não,Sim,Não,Um ano,Não,Cheque eletrônico,35.15,504.03,1
Masculino,0,Sim,Não,61,Sim,Não,DSL,Não,Sim,Não,Não,Sim,Não,Um ano,Sim,Cartão de crédito,72.16,4106.94,0
Masculino,0,Sim,Sim,20,Sim,Não,Fibra óptica,Não,Não,Sim,Não,Sim,Não,Mês a mês,Não,Transferência bancária,22.17,499.69,1
Feminino,0,Não,Não,27,Sim,Não,Não,Sem serviço de internet,Sem serviço de internet,Sem serviço de internet,Sem serviço de internet,Sem serviço de internet,Sem serviço de internet,Mês a mês,Sim,Cartão de crédito,48.42,1133.75,1
Feminino,0,Sim,Não,2,Sim,Sim,DSL,Não,Sim,Não,Não,Não,Não,Mês a mês,Não,Cheque eletrônico,70.24,146.58,0
Masculino,0,Sim,Não,10,Sim,Sim,DSL,Sim,Não,Sim,Não,Sim,Não,Um ano,Não,Cheque eletrônico,116.08,1116.0,0
Masculino,0,Sim,Sim,60,Sim,Não,Fibra óptica,Sim,Não,Não,Não,Sim,Não,Um ano,Sim,Cheque eletrônico,69.74,4171.07,0
Feminino,0,Sim,Não,19,Sim,Sim,Fibra óptica,Não,Não,Não,Sim,Não,Não,Mês a mês,Não,Cartão de crédito,49.13,913.6,1
Masculino,0,Não,Não,15,Sim,Sim,Não,Sem serviço de internet,Sem serviço de internet,Sem serviço de internet,Sem serviço de internet,Sem serviço de internet,Sem serviço de internet,Mês a mês,Sim,Transferência bancária,73.23,1195.14,0
Masculino,0,Sim,Não,47,Sim,Sim,DSL,Não,Não,Não,Não,Sim,Não,Mês a mês,Sim,Cheque eletrônico,22.88,1231.49,0
Masculino,0,Não,Não,24,Sim,Não,Não,Sem serviço de internet,Sem serviço de internet,Sem serviço de internet,Sem serviço de internet,Sem serviço de internet,Sem serviço de internet,Mês a mês,Sim,Cheque enviado pelo correio,99.66,2134.01,1
Masculino,0,Não,Não,16,Sim,Sim,DSL,Sim,Não,Não,Sim,Sim,Sim,Dois anos,Não,Cartão de crédito,108.18,1738.16,0
Masculino,0,Não,Não,60,Sim,Não,Fibra óptica,Não,Não,Sim,Não,Não,Sim,Mês a mês,Sim,Cheque enviado pelo correio,21.94,1436.43,1
Masculino,0,Não,Não,49,Sim,Sim,Fibra óptica,Não,Sim,Não,Não,Sim,Não,Mês a mês,Não,Cartão de crédito,38.68,2023.5,0
Feminino,0,Sim,Não,4,Sim,Sim,Fibra óptica,Não,Sim,Sim,Sim,Sim,Sim,Um ano,Sim,Cheque eletrônico,21.55,86.65,1
Masculino,0,Sim,Sim,66,Sim,Sim,DSL,Não,Não,Sim,Sim,Não,Não,Dois anos,Sim,Transferência bancária,108.12,6869.23,0
Masculino,0,Não,Não,49,Sim,Sim,Fibra óptica,Sim,Sim,Não,Sim,Sim,Não,Mês a mês,Sim,Cheque enviado pelo correio,19.83,994.14,0
Feminino,0,Sim,Não,31,Sim,Não,Fibra óptica,Sim,Não,Sim,Não,Não,Não,Um ano,Não,Cheque eletrônico,20.2,604.4,0
Feminino,0,Não,Não,66,Não,Sem serviço telefônico,Fibra óptica,Não,Não,Sim,Sim,Não,Não,Mês a mês,Sim,Cartão de crédito,75.34,5206.36,0
Feminino,0,Sim,Não,54,Sim,Sim,DSL,Sim,Não,Não,Não,Não,Sim,Um ano,Sim,Cheque enviado pelo correio,36.66,2186.33,0
Masculino,0,Sim,Sim,2,Sim,Não,Não,Sem serviço de internet,Sem serviço de internet,Sem serviço de internet,Sem serviço de internet,Sem serviço de internet,Sem serviço de internet,Dois anos,Sim,Cheque enviado pelo correio,110.5,229.2,0
Feminino,0,Sim,Não,61,Sim,Sim,Fibra óptica,Não,Sim,Não,Não,Sim,Não,Dois anos,Sim,Cheque enviado pelo correio,99.28,5375.09,0
Masculino,1,Sim,Não,15,Não,Sem serviço telefônico,Fibra óptica,Não,Sim,Não,Não,Sim,Sim,Um ano,Sim,Cheque eletrônico,39.42,606.21,1
Masculino,1,Não,Não,60,Não,Sem serviço telefônico,DSL,Não,Não,Sim,Não,Não,Não,Dois anos,Não,Cheque enviado pelo correio,62.22,3687.54,0
Masculino,0,Sim,Não,43,Sim,Sim,DSL,Não,Não,Não,Sim,Não,Sim,Dois anos,Sim,Transferência bancária,102.26,4967.99,0
Feminino,0,Não,Sim,40,Sim,Não,DSL,Sim,Não,Não,Não,Não,Sim,Dois anos,Não,Cartão de crédito,19.74,810.42,0
Feminino,0,Não,Sim,30,Sim,Não,Fibra óptica,Não,Não,Não,Sim,Sim,Sim,Mês a mês,Sim,Cartão de crédito,65.46,2105.33,1
Feminino,0,Não,Não,63,Sim,Não,Não,Sem serviço de internet,Sem serviço de internet,Sem serviço de internet,Sem serviço de internet,Sem serviço de internet,Sem serviço de internet,Dois anos,Não,Cartão de crédito,63.89,4166.55,0
Feminino,0,Sim,Sim,24,Sim,Não,Não,Sem serviço de internet,Sem serviço de internet,Sem serviço de internet,Sem serviço de internet,Sem serviço de internet,Sem serviço de internet,Mês a mês,Sim,Cartão de crédito,111.56,3076.87,1
Feminino,0,Não,Sim,44,Sim,Não,DSL,Não,Não,Não,Sim,Sim,Não,Mês a mês,Sim,Cheque enviado pelo correio,52.31,2514.21,0
Masculino,1,Sim,Não,14,Sim,Não,DSL,Sim,Sim,Não,Sim,Não,Não,Dois anos,Sim,Cheque enviado pelo correio,39.23,596.85,0
Masculino,1,Não,Não,28,Sim,Sim,Fibra óptica,Não,Não,Não,Não,Sim,Não,Mês a mês,Sim,Cheque eletrônico,50.16,1393.03,1
Masculino,0,Sim,Sim,14,Sim,Sim,Fibra óptica,Não,Sim,Não,Sim,Não,Sim,Dois anos,Sim,Cheque eletrônico,47.36,742.35,1
Masculino,0,Sim,Sim,56,Sim,Não,Fibra óptica,Não,Não,Não,Não,Sim,Não,Um ano,Sim,Cheque eletrônico,99.66,5732.76,1
Feminino,0,Não,Não,34,Sim,Sim,Fibra óptica,Não,Sim,Não,Não,Não,Sim,Mês a mês,Sim,Transferência bancária,86.45,2973.44,1
Feminino,0,Não,Sim,12,Sim,Sim,Não,Sem serviço de internet,Sem serviço de internet,Sem serviço de internet,Sem serviço de internet,Sem serviço de internet,Sem serviço de internet,Mês a mês,Sim,Cheque eletrônico,61.83,763.14,1
Masculino,0,Sim,Não,56,Sim,Não,Não,Sem serviço de internet,Sem serviço de internet,Sem serviço de internet,Sem serviço de internet,Sem serviço de internet,Sem serviço de internet,Um ano,Não,Cheque enviado pelo correio,103.56,6239.02,0
Feminino,0,Sim,Não,61,Sim,Sim,Não,Sem serviço de internet,Sem serviço de internet,Sem serviço de internet,Sem serviço de internet,Sem serviço de internet,Sem serviço de internet,Mês a mês,Sim,Cheque enviado pelo correio,77.17,4021.1,0
Feminino,0,Não,Não,61,Sim,Não,DSL,Não,Não,Não,Não,Não,Não,Um ano,Sim,Cartão de crédito,30.47,1905.26,0
Masculino,0,Não,Não,40,Sim,Sim,DSL,Não,Sim,Não,Não,Não,Não,Mês a mês,Sim,Cheque enviado pelo correio,85.94,3805.46,0
Masculino,0,Sim,Sim,20,Sim,Não,DSL,Não,Não,Não,Não,Sim,Não,Um ano,Não,Cartão de crédito,44.37,852.13,0
Feminino,1,Não,Sim,42,Não,Sem serviço telefônico,Não,Sem serviço de internet,Sem serviço de internet,Sem serviço de internet,Sem serviço de internet,Sem serviço de internet,Sem serviço de internet,Um ano,Não,Cheque eletrônico,86.46,3300.42,0
Feminino,0,Não,Não,7,Sim,Sim,DSL,Sim,Sim,Não,Não,Sim,Não,Um ano,Não,Cheque eletrônico,69.58,431.12,0
Masculino,0,Não,Não,68,Sim,Não,Fibra óptica,Não,Sim,Não,Sim,Não,Sim,Mês a mês,Sim,Transferência bancária,93.17,6481.49,0
Masculino,0,Não,Não,31,Não,Sem serviço telefônico,DSL,Sim,Sim,Não,Sim,Sim,Não,Um ano,Não,Transferência bancária,66.33,1969.58,0
Masculino,0,Sim,Sim,70,Sim,Não,Fibra óptica,Sim,Sim,Não,Não,Sim,Não,Um ano,Sim,Cheque eletrônico,106.32,8019.02,0
Feminino,0,Não,Não,47,Sim,Não,DSL,Sim,Não,Não,Não,Sim,Sim,Mês a mês,Sim,Cheque enviado pelo correio,54.44,2807.12,1
Masculino,0,Sim,Não,51,Não,Sem serviço telefônico,DSL,Não,Não,Sim,Sim,Sim,Não,Um ano,Sim,Cheque eletrônico,47.77,2727.0,0
Masculino,1,Sim,Não,58,Sim,Sim,DSL,Não,Não,Não,Não,Não,Sim,Mês a mês,Não,Cheque eletrônico,40.2,1987.91,1
Feminino,0,Não,Sim,22,Não,Sem serviço telefônico,Fibra óptica,Sim,Sim,Não,Não,Não,Não,Mês a mês,Não,Cartão de crédito,72.13,1736.25,0
Feminino,0,Sim,Não,24,Sim,Sim,Fibra óptica,Não,Sim,Não,Não,Não,Não,Dois anos,Sim,Cheque enviado pelo correio,47.09,1171.53,0
Feminino,0,Não,Sim,34,Sim,Sim,Fibra óptica,Não,Não,Sim,Não,Não,Não,Mês a mês,Não,Cheque enviado pelo correio,89.94,2894.11,1
Feminino,1,Sim,Não,63,Sim,Não,Fibra óptica,Não,Não,Sim,Sim,Não,Sim,Mês a mês,Sim,Transferência bancária,42.34,2535.34,0
Feminino,0,Sim,Não,60,Sim,Não,Fibra óptica,Não,Não,Não,Não,Sim,Não,Mês a mês,Não,Cartão de crédito,69.48,4246.65,1
Masculino,0,Não,Não,19,Sim,Não,Não,Sem serviço de internet,Sem serviço de internet,Sem serviço de internet,Sem serviço de internet,Sem serviço de internet,Sem serviço de internet,Um ano,Sim,Cheque eletrônico,79.98,1293.91,0
Masculino,0,Sim,Não,24,Sim,Não,Não,Sem serviço de internet,Sem serviço de internet,Sem serviço de internet,Sem serviço de internet,Sem serviço de internet,Sem serviço de internet,Dois anos,Não,Cheque eletrônico,66.09,1506.16,0
Feminino,0,Sim,Não,64,Sim,Não,Fibra óptica,Sim,Não,Não,Não,Sim,Sim,Mês a mês,Sim,Cheque enviado pelo correio,22.23,1592.73,0
Feminino,0,Não,Sim,20,Não,Sem serviço telefônico,Fibra óptica,Não,Não,Não,Não,Sim,Não,Mês a mês,Não,Transferência bancária,51.61,1078.7,0
Feminino,0,Sim,Sim,27,Sim,Não,DSL,Não,Não,Sim,Não,Não,Não,Mês a mês,Sim,Cheque enviado pelo correio,102.3,2476.98,0
Feminino,0,Sim,Sim,58,Sim,Sim,Não,Sem serviço de internet,Sem serviço de internet,Sem serviço de internet,Sem serviço de internet,Sem serviço de internet,Sem serviço de internet,Um ano,Não,Transferência bancária,88.54,5647.79,0
Feminino,0,Não,Sim,44,Sim,Não,DSL,Sim,Não,Não,Sim,Não,Não,Mês a mês,Sim,Cheque eletrônico,116.84,5493.39,1
Masculino,0,Sim,Sim,65,Sim,Não,Fibra óptica,Não,Não,Sim,Não,Não,Não,Mês a mês,Sim,Cheque eletrônico,47.24,2669.83,1
Masculino,0,Não,Não,46,Sim,Não,Fibra óptica,Não,Não,Não,Sim,Sim,Não,Mês a mês,Sim,Cartão de crédito,111.06,5820.33,1
Masculino,0,Sim,Não,54,Não,Sem serviço telefônico,DSL,Não,Não,Não,Sim,Sim,Não,Dois anos,Sim,Transferência bancária,60.67,3593.38,0
Masculino,0,Sim,Sim,39,Sim,Sim,DSL,Não,Sim,Não,Não,Não,Não,Um ano,Sim,Transferência bancária,25.37,883.37,0
Feminino,0,Sim,Sim,7,Sim,Não,Fibra óptica,Não,Não,Não,Não,Sim,Não,Dois anos,Sim,Cheque enviado pelo correio,53.9,419.45,1
Masculino,0,Sim,Não,54,Sim,Não,DSL,Não,Não,Não,Não,Sim,Não,Um ano,Não,Cheque eletrônico,38.2,2326.29,0
Feminino,1,Sim,Não,43,Sim,Sim,Fibra óptica,Não,Sim,Não,Não,Não,Sim,Dois anos,Não,Cheque eletrônico,46.46,2003.38,0
Feminino,1,Sim,Sim,20,Sim,Sim,Não,Sem serviço de internet,Sem serviço de internet,Sem serviço de internet,Sem serviço de internet,Sem serviço de internet,Sem serviço de internet,Um ano,Não,Cartão de crédito,51.41,963.28,0
Feminino,0,Sim,Não,25,Sim,Sim,DSL,Não,Não,Não,Sim,Sim,Não,Mês a mês,Sim,Cheque eletrônico,49.12,1251.5,1
Masculino,0,Sim,Não,43,Sim,Sim,DSL,Sim,Sim,Não,Sim,Não,Não,Mês a mês,Não,Cheque enviado pelo correio,21.37,971.96,0
Feminino,0,Não,Não,27,Sim,Não,Fibra óptica,Não,Não,Não,Não,Sim,Não,Mês a mês,Não,Cheque eletrônico,47.45,1186.8,1
Masculino,1,Não,Não,25,Sim,Sim,Fibra óptica,Não,Não,Não,Não,Não,Não,Mês a mês,Não,Cheque enviado pelo correio,77.23,1803.85,1
Masculino,0,Sim,Não,36,Não,Sem serviço telefônico,Não,Sem serviço de internet,Sem serviço de internet,Sem serviço de internet,Sem serviço de internet,Sem serviço de internet,Sem serviço de internet,Dois anos,Não,Cheque eletrônico,95.66,3722.82,0
Feminino,0,Não,Sim,66,Sim,Sim,Fibra óptica,Não,Não,Sim,Não,Não,Sim,Um ano,Sim,Cheque eletrônico,18.61,1290.76,1
Feminino,0,Não,Sim,9,Sim,Sim,DSL,Sim,Não,Sim,Não,Não,Não,Mês a mês,Não,Cheque eletrônico,27.99,240.88,1
Feminino,1,Não,Não,53,Sim,Sim,DSL,Não,Não,Não,Sim,Não,Sim,Um ano,Sim,Cartão de crédito,80.33,4092.09,0
Masculino,0,Não,Não,21,Sim,Não,Não,Sem serviço de internet,Sem serviço de internet,Sem serviço de internet,Sem serviço de internet,Sem serviço de internet,Sem serviço de internet,Dois anos,Sim,Cheque eletrônico,25.84,580.45,0
Feminino,0,Não,Não,50,Sim,Não,Fibra óptica,Não,Não,Não,Sim,Sim,Não,Mês a mês,Sim,Cheque enviado pelo correio,19.62,935.32,1
Masculino,0,Sim,Sim,16,Sim,Não,DSL,Não,Sim,Não,Sim,Não,Sim,Dois anos,Não,Transferência bancária,49.53,747.0,0
Feminino,0,Não,Não,66,Sim,Não,DSL,Sim,Não,Não,Não,Sim,Sim,Dois anos,Sim,Cheque enviado pelo correio,87.27,6220.96,0
Feminino,0,Não,Não,26,Sim,Sim,Fibra óptica,Sim,Não,Não,Não,Não,Não,Um ano,Não,Cheque enviado pelo correio,103.27,2618.22,1
Masculino,0,Sim,Não,44,Sim,Sim,Não,Sem serviço de internet,Sem serviço de internet,Sem serviço de internet,Sem serviço de internet,Sem serviço de internet,Sem serviço de internet,Dois anos,Sim,Cheque enviado pelo correio,71.11,3402.23,0
Masculino,0,Sim,Não,29,Sim,Sim,Não,Sem serviço de internet,Sem serviço de internet,Sem serviço de internet,Sem serviço de internet,Sem serviço de internet,Sem serviço de internet,Dois anos,Sim,Cartão de crédito,65.59,2074.53,0
Masculino,1,Não,Não,46,Sim,Sim,Fibra óptica,Não,Sim,Não,Sim,Sim,Sim,Dois anos,Sim,Cheque enviado pelo correio,70.52,3686.5,0
Masculino,0,Não,Não,71,Sim,Não,DSL,Não,Não,Não,Não,Não,Não,Mês a mês,Sim,Cheque eletrônico,62.72,4637.72,0
Masculino,0,Sim,Não,49,Sim,Sim,Fibra óptica,Não,Não,Não,Não,Sim,Não,Mês a mês,Sim,Cheque eletrônico,96.15,5001.93,1
Masculino,0,Sim,Não,15,Sim,Sim,DSL,Sim,Sim,Não,Sim,Sim,Não,Mês a mês,Não,Cheque enviado pelo correio,79.88,1172.13,1
Feminino,0,Não,Sim,17,Sim,Sim,DSL,Não,Não,Sim,Sim,Não,Sim,Mês a mês,Não,Cheque eletrônico,32.53,571.3,0
Feminino,0,Sim,Não,9,Sim,Sim,DSL,Não,Sim,Não,Sim,Sim,Não,Mês a mês,Não,Cartão de crédito,111.78,917.51,1
Masculino,0,Não,Sim,32,Sim,Não,Fibra óptica,Sim,Sim,Não,Não,Sim,Não,Mês a mês,Sim,Cartão de crédito,36.82,1233.8,0
Feminino,0,Sim,Não,66,Sim,Sim,DSL,Sim,Não,Não,Não,Sim,Não,Mês a mês,Sim,Cheque eletrônico,35.3,2616.36,0
Masculino,1,Sim,Não,59,Sim,Sim,Fibra óptica,Não,Não,Não,Sim,Sim,Não,Mês a mês,Sim,Cheque enviado pelo correio,54.66,2916.51,0
Feminino,1,Sim,Sim,32,Sim,Não,DSL,Não,Não,Sim,Sim,Sim,Não,Dois anos,Sim,Transferência bancária,55.33,1786.12,0
Feminino,1,Sim,Sim,43,Sim,Sim,Fibra óptica,Não,Não,Sim,Não,Não,Sim,Dois anos,Não,Cheque eletrônico,26.12,1032.2,0
Masculino,0,Sim,Não,59,Sim,Não,DSL,Não,Não,Sim,Não,Sim,Sim,Dois anos,Sim,Transferência bancária,27.82,1435.5,0
Masculino,0,Não,Não,30,Sim,Não,Não,Sem serviço de internet,Sem serviço de internet,Sem serviço de internet,Sem serviço de internet,Sem serviço de internet,Sem serviço de internet,Dois anos,Sim,Cheque enviado pelo correio,115.24,3026.01,0
Masculino,0,Não,Sim,11,Sim,Sim,Fibra óptica,Não,Sim,Não,Não,Não,Sim,Dois anos,Sim,Transferência bancária,29.9,301.29,0
Feminino,0,Sim,Sim,26,Sim,Sim,DSL,Não,Sim,Não,Sim,Sim,Não,Dois anos,Sim,Cartão de crédito,113.96,2822.59,0
Masculino,0,Não,Não,2,Sim,Não,Fibra óptica,Não,Sim,Não,Não,Não,Sim,Mês a mês,Sim,Cheque enviado pelo correio,87.08,159.54,1
Feminino,0,Não,Não,34,Sim,Não,Não,Sem serviço de internet,Sem serviço de internet,Sem serviço de internet,Sem serviço de internet,Sem serviço de internet,Sem serviço de internet,Mês a mês,Sim,Cheque eletrônico,39.79,1470.27,0
Masculino,0,Sim,Não,41,Sim,Não,DSL,Não,Sim,Não,Não,Não,Não,Um ano,Sim,Cheque eletrônico,59.22,2117.09,0
Feminino,0,Sim,Não,31,Sim,Sim,Fibra óptica,Não,Sim,Não,Não,Não,Sim,Um ano,Não,Cartão de crédito,41.1,1099.19,1
Feminino,0,Sim,Não,63,Sim,Sim,Fibra óptica,Não,Sim,Não,Não,Não,Não,Mês a mês,Sim,Cheque eletrônico,41.41,2359.91,0
Masculino,0,Não,Sim,55,Sim,Não,Não,Sem serviço de internet,Sem serviço de internet,Sem serviço de internet,Sem serviço de internet,Sem serviço de internet,Sem serviço de internet,Dois anos,Não,Cartão de crédito,82.79,4185.92,0
Feminino,0,Não,Não,61,Sim,Não,Não,Sem serviço de internet,Sem serviço de internet,Sem serviço de internet,Sem serviço de internet,Sem serviço de internet,Sem serviço de internet,Mês a mês,Não,Transferência bancária,51.63,3305.4,0
Feminino,0,Sim,Não,36,Sim,Não,DSL,Não,Não,Não,Não,Sim,Não,Mês a mês,Não,Cheque eletrônico,102.79,3151.13,0
Masculino,0,Não,Sim,40,Sim,Não,Fibra óptica,Não,Não,Sim,Não,Não,Não,Um ano,Não,Cheque enviado pelo correio,70.69,3178.78,0
Feminino,0,Sim,Não,23,Sim,Sim,DSL,Não,Não,Não,Sim,Não,Sim,Dois anos,Não,Transferência bancária,44.16,949.73,0
Masculino,1,Sim,Não,26,Não,Sem serviço telefônico,DSL,Sim,Não,Sim,Não,Não,Não,Dois anos,Não,Transferência bancária,21.46,491.54,0
Masculino,0,Sim,Não,18,Sim,Sim,Fibra óptica,Não,Não,Sim,Não,Sim,Sim,Dois anos,Não,Cheque eletrônico,77.31,1580.82,0
Masculino,1,Não,Não,34,Sim,Sim,Não,Sem serviço de internet,Sem serviço de internet,Sem serviço de internet,Sem serviço de internet,Sem serviço de internet,Sem serviço de internet,Mês a mês,Sim,Transferência bancária,111.74,4259.39,1
Masculino,0,Sim,Não,28,Não,Sem serviço telefônico,Fibra óptica,Sim,Sim,Sim,Não,Não,Não,Dois anos,Não,Cartão de crédito,68.61,1682.34,0
Feminino,0,Não,Não,49,Sim,Não,DSL,Sim,Sim,Não,Não,Sim,Não,Dois anos,Não,Transferência bancária,72.18,3476.69,0
Feminino,0,Sim,Não,64,Sim,Sim,DSL,Não,Sim,Não,Não,Não,Não,Mês a mês,Não,Transferência bancária,44.97,2991.22,0
Feminino,0,Sim,Não,71,Sim,Não,DSL,Não,Sim,Sim,Não,Sim,Não,Mês a mês,Sim,Transferência bancária,83.65,6447.59,0
Masculino,0,Não,Não,63,Sim,Sim,Fibra óptica,Sim,Sim,Não,Não,Não,Não,Dois anos,Não,Cheque enviado pelo correio,68.76,4958.36,0
Feminino,0,Não,Não,62,Sim,Não,Fibra óptica,Não,Sim,Não,Não,Não,Sim,Mês a mês,Sim,Transferência bancária,89.43,5974.86,0
Feminino,0,Não,Não,42,Sim,Sim,DSL,Não,Não,Sim,Sim,Sim,Sim,Mês a mês,Sim,Cheque eletrônico,30.08,1279.77,0
Masculino,0,Não,Sim,24,Sim,Não,Fibra óptica,Não,Não,Não,Não,Não,Não,Dois anos,Sim,Cartão de crédito,41.06,847.84,0
Masculino,0,Não,Sim,35,Sim,Não,Não,Sem serviço de internet,Sem serviço de internet,Sem serviço de internet,Sem serviço de internet,Sem serviço de internet,Sem serviço de internet,Dois anos,Sim,Cheque enviado pelo correio,100.47,3205.28,0
Feminino,0,Sim,Não,55,Não,Sem serviço telefônico,Não,Sem serviço de internet,Sem serviço de internet,Sem serviço de internet,Sem serviço de internet,Sem serviço de internet,Sem serviço de internet,Um ano,Não,Cheque enviado pelo correio,114.69,7005.65,0
Masculino,0,Sim,Não,49,Sim,Sim,Fibra óptica,Não,Não,Não,Sim,Sim,Não,Mês a mês,Sim,Transferência bancária,99.81,4735.44,1
Masculino,0,Não,Sim,59,Sim,Não,Fibra óptica,Não,Sim,Sim,Sim,Sim,Sim,Um ano,Não,Transferência bancária,62.62,3253.56,0
Masculino,0,Não,Sim,22,Sim,Sim,DSL,Não,Não,Não,Sim,Não,Sim,Um ano,Sim,Cheque eletrônico,25.22,604.16,0
Masculino,0,Não,Não,61,Sim,Sim,DSL,Não,Não,Não,Não,Sim,Não,Mês a mês,Não,Cheque eletrônico,105.52,5705.85,0
Feminino,0,Sim,Não,30,Não,Sem serviço telefônico,Não,Sem serviço de internet,Sem serviço de internet,Sem serviço de internet,Sem serviço de internet,Sem serviço de internet,Sem serviço de internet,Mês a mês,Sim,Transferência bancária,98.84,2772.73,0
Masculino,0,Sim,Não,69,Sim,Não,Fibra óptica,Não,Não,Não,Não,Não,Sim,Dois anos,Sim,Cheque enviado pelo correio,114.04,6757.44,0
Masculino,1,Não,Sim,60,Sim,Sim,DSL,Não,Não,Sim,Sim,Não,Não,Mês a mês,Sim,Cheque enviado pelo correio,58.95,3321.97,1
Masculino,0,Sim,Não,6,Sim,Não,Fibra óptica,Não,Sim,Sim,Sim,Não,Sim,Mês a mês,Sim,Transferência bancária,87.07,572.23,1
Masculino,0,Sim,Não,11,Sim,Não,DSL,Não,Não,Não,Não,Sim,Não,Um ano,Não,Transferência bancária,33.87,366.29,0
Masculino,0,Sim,Sim,24,Sim,Não,DSL,Não,Sim,Sim,Não,Não,Não,Dois anos,Não,Cheque eletrônico,109.75,2403.77,0
Masculino,0,Sim,Não,51,Sim,Não,DSL,Não,Não,Sim,Sim,Sim,Não,Um ano,Não,Cartão de crédito,87.95,4458.07,0
Masculino,0,Não,Não,19,Sim,Sim,Fibra óptica,Não,Não,Não,Não,Não,Sim,Mês a mês,Sim,Cheque eletrônico,90.2,1458.44,1
Masculino,0,Não,Sim,50,Sim,Não,Fibra óptica,Sim,Não,Sim,Não,Sim,Não,Mês a mês,Não,Transferência bancária,85.36,4525.01,0
Feminino,0,Sim,Não,3,Sim,Sim,DSL,Sim,Não,Não,Não,Sim,Sim,Mês a mês,Sim,Cartão de crédito,90.03,230.01,1
Masculino,0,Sim,Não,3,Sim,Sim,Não,Sem serviço de internet,Sem serviço de internet,Sem serviço de internet,Sem serviço de internet,Sem serviço de internet,Sem serviço de internet,Dois anos,Sim,Cheque enviado pelo correio,33.18,93.99,0
Feminino,0,Não,Sim,31,Sim,Sim,DSL,Não,Não,Sim,Não,Não,Sim,Um ano,Sim,Cheque enviado pelo correio,85.66,2402.79,0
Masculino,0,Sim,Sim,47,Sim,Não,DSL,Sim,Não,Não,Não,Sim,Sim,Mês a mês,Sim,Transferência bancária,57.3,3052.78,0
Masculino,0,Não,Sim,8,Sim,Não,DSL,Não,Sim,Sim,Sim,Não,Não,Mês a mês,Sim,Cheque eletrônico,51.51,365.67,1
Masculino,0,Não,Não,17,Sim,Não,DSL,Não,Sim,Sim,Sim,Não,Sim,Mês a mês,Sim,Cheque enviado pelo correio,43.94,772.02,0
Masculino,1,Não,Sim,45,Não,Sem serviço telefônico,Fibra óptica,Não,Não,Não,Sim,Sim,Sim,Mês a mês,Não,Transferência bancária,104.44,4520.59,1
Feminino,0,Não,Não,60,Não,Sem serviço telefônico,Fibra óptica,Sim,Não,Não,Não,Não,Não,Mês a mês,Sim,Cheque eletrônico,91.88,5879.1,1
Masculino,0,Sim,Não,21,Sim,Sim,DSL,Não,Não,Não,Não,Não,Não,Dois anos,Sim,Cheque eletrônico,47.67,951.78,0
Masculino,0,Não,Não,70,Sim,Sim,Fibra óptica,Não,Não,Sim,Sim,Sim,Sim,Mês a mês,Sim,Cartão de crédito,28.92,1784.66,0
Feminino,1,Sim,Não,21,Não,Sem serviço telefônico,DSL,Não,Não,Não,Não,Não,Não,Dois anos,Não,Cheque eletrônico,60.54,1096.12,0
Feminino,0,Sim,Não,58,Sim,Não,DSL,Não,Não,Não,Não,Sim,Não,Dois anos,Sim,Cheque eletrônico,79.59,5295.43,0
Masculino,0,Sim,Não,55,Sim,Sim,Fibra óptica,Não,Sim,Não,Não,Sim,Sim,Dois anos,Sim,Cheque eletrônico,19.01,1190.87,1
Feminino,0,Sim,Não,28,Sim,Não,Fibra óptica,Não,Não,Não,Não,Sim,Sim,Mês a mês,Sim,Transferência bancária,70.1,1795.06,1
Feminino,0,Sim,Não,46,Sim,Não,Não,Sem serviço de internet,Sem serviço de internet,Sem serviço de internet,Sem serviço de internet,Sem serviço de internet,Sem serviço de internet,Mês a mês,Não,Cheque eletrônico,28.36,1143.48,1
Feminino,0,Sim,Não,44,Sim,Não,Não,Sem serviço de internet,Sem serviço de internet,Sem serviço de internet,Sem serviço de internet,Sem serviço de internet,Sem serviço de internet,Dois anos,Sim,Transferência bancária,99.86,4535.85,0
Masculino,0,Não,Não,25,Sim,Sim,Fibra óptica,Não,Não,Não,Sim,Sim,Não,Mês a mês,Não,Cheque eletrônico,85.1,2249.19,0
Masculino,1,Não,Não,71,Sim,Não,DSL,Não,Sim,Sim,Não,Não,Sim,Mês a mês,Não,Cheque eletrônico,56.0,4255.61,0
Masculino,0,Sim,Não,49,Sim,Sim,Fibra óptica,Não,Sim,Sim,Não,Sim,Não,Mês a mês,Sim,Transferência bancária,40.32,2220.35,1
Feminino,0,Não,Não,46,Sim,Sim,Fibra óptica,Não,Sim,Sim,Sim,Não,Não,Dois anos,Não,Cheque enviado pelo correio,56.33,2399.87,0
Masculino,0,Sim,Não,63,Não,Sem serviço telefônico,Não,Sem serviço de internet,Sem serviço de internet,Sem serviço de internet,Sem serviço de internet,Sem serviço de internet,Sem serviço de internet,Dois anos,Sim,Transferência bancária,107.49,6206.34,0
Feminino,0,Não,Não,12,Sim,Sim,Não,Sem serviço de internet,Sem serviço de internet,Sem serviço de internet,Sem serviço de internet,Sem serviço de internet,Sem serviço de internet,Mês a mês,Não,Cheque eletrônico,24.75,259.07,1
Masculino,1,Sim,Sim,57,Sim,Não,Fibra óptica,Sim,Não,Não,Não,Não,Não,Um ano,Sim,Transferência bancária,109.89,5606.24,0
Masculino,0,Não,Não,64,Sim,Não,Fibra óptica,Não,Não,Não,Não,Sim,Sim,Mês a mês,Sim,Cartão de crédito,25.48,1703.84,0
Feminino,0,Sim,Sim,31,Sim,Não,DSL,Não,Sim,Não,Não,Não,Sim,Mês a mês,Sim,Cheque eletrônico,21.67,669.0,0
Masculino,0,Não,Sim,4,Sim,Não,DSL,Não,Sim,Não,Não,Não,Sim,Dois anos,Sim,Cheque eletrônico,37.95,161.69,1
Feminino,0,Sim,Não,54,Sim,Sim,Não,Sem serviço de internet,Sem serviço de internet,Sem serviço de internet,Sem serviço de internet,Sem serviço de internet,Sem serviço de internet,Mês a mês,Não,Cartão de crédito,32.63,1826.62,0
Feminino,0,Sim,Não,65,Não,Sem serviço telefônico,DSL,Sim,Sim,Não,Não,Não,Não,Mês a mês,Não,Transferência bancária,111.19,7675.08,1
Masculino,1,Sim,Não,6,Sim,Não,Fibra óptica,Não,Não,Sim,Não,Sim,Não,Mês a mês,Sim,Cheque eletrônico,42.46,257.11,1
Feminino,1,Sim,Não,65,Sim,Não,Fibra óptica,Não,Sim,Não,Não,Não,Não,Dois anos,Sim,Cheque eletrônico,100.49,7410.27,1
Masculino,0,Não,Sim,22,Sim,Sim,Fibra óptica,Não,Sim,Não,Não,Sim,Sim,Mês a mês,Sim,Cartão de crédito,50.04,1158.51,0
Masculino,0,Não,Não,17,Sim,Sim,Fibra óptica,Não,Não,Não,Não,Não,Não,Mês a mês,Não,Cheque enviado pelo correio,32.81,592.23,0
Feminino,0,Sim,Não,59,Sim,Não,Fibra óptica,Sim,Não,Sim,Sim,Não,Sim,Mês a mês,Não,Cheque eletrônico,60.09,3952.85,0
Masculino,1,Não,Sim,29,Sim,Sim,DSL,Não,Sim,Não,Não,Sim,Não,Dois anos,Sim,Transferência bancária,27.78,832.07,1
Feminino,0,Sim,Não,67,Sim,Sim,Fibra óptica,Não,Não,Não,Não,Não,Não,Mês a mês,Sim,Cheque enviado pelo correio,78.31,4818.89,1
Masculino,0,Não,Não,17,Sim,Sim,Não,Sem serviço de internet,Sem serviço de internet,Sem serviço de internet,Sem serviço de internet,Sem serviço de internet,Sem serviço de internet,Mês a mês,Sim,Transferência bancária,34.03,565.65,0
Masculino,0,Sim,Não,2,Não,Sem serviço telefônico,Fibra óptica,Não,Não,Sim,Sim,Não,Não,Um ano,Não,Cheque eletrônico,74.05,158.11,0
Masculino,0,Não,Não,32,Sim,Não,Não,Sem serviço de internet,Sem serviço de internet,Sem serviço de internet,Sem serviço de internet,Sem serviço de internet,Sem serviço de internet,Mês a mês,Sim,Cheque eletrônico,41.61,1501.76,1
Masculino,1,Sim,Não,22,Sim,Não,Fibra óptica,Sim,Sim,Sim,Não,Sim,Não,Um ano,Não,Cheque enviado pelo correio,109.73,2399.5,0
Masculino,0,Não,Não,58,Sim,Sim,Não,Sem serviço de internet,Sem serviço de internet,Sem serviço de internet,Sem serviço de internet,Sem serviço de internet,Sem serviço de internet,Mês a mês,Não,Transferência bancária,39.79,2116.62,0
Feminino,0,Sim,Não,53,Sim,Sim,DSL,Não,Não,Não,Sim,Não,Não,Dois anos,Não,Cheque eletrônico,64.75,3240.85,0
Feminino,0,Não,Não,47,Sim,Sim,Fibra óptica,Sim,Não,Não,Sim,Não,Sim,Um ano,Sim,Cheque eletrônico,19.74,907.34,0
Feminino,0,Não,Não,4,Sim,Sim,DSL,Não,Não,Sim,Não,Sim,Sim,Dois anos,Não,Transferência bancária,30.09,128.68,0
Feminino,0,Sim,Não,38,Sim,Sim,Fibra óptica,Não,Não,Sim,Sim,Não,Sim,Mês a mês,Sim,Cheque eletrônico,34.17,1144.81,1
Feminino,0,Não,Sim,13,Sim,Não,Fibra óptica,Não,Não,Não,Não,Não,Não,Mês a mês,Sim,Cheque enviado pelo correio,100.77,1132.19,1
Feminino,0,Não,Não,61,Sim,Sim,DSL,Não,Não,Não,Não,Sim,Não,Um ano,Sim,Cheque enviado pelo correio,80.38,5635.3,1
Masculino,0,Não,Não,64,Sim,Não,DSL,Sim,Sim,Não,Sim,Não,Sim,Dois anos,Sim,Cheque eletrônico,22.0,1345.08,0
Masculino,0,Não,Não,33,Sim,Sim,Não,Sem serviço de internet,Sem serviço de internet,Sem serviço de internet,Sem serviço de internet,Sem serviço de internet,Sem serviço de internet,Dois anos,Sim,Cartão de crédito,36.06,1102.54,1
Feminino,0,Não,Não,38,Sim,Sim,Não,Sem serviço de internet,Sem serviço de internet,Sem serviço de internet,Sem serviço de internet,Sem serviço de internet,Sem serviço de internet,Dois anos,Sim,Cheque enviado pelo correio,104.85,4138.37,0
Feminino,0,Não,Não,29,Sim,Sim,DSL,Não,Não,Sim,Não,Sim,Não,Mês a mês,Sim,Cheque enviado pelo correio,48.66,1593.77,1
Masculino,0,Não,Não,61,Sim,Não,Não,Sem serviço de internet,Sem serviço de internet,Sem serviço de internet,Sem serviço de internet,Sem serviço de internet,Sem serviço de internet,Mês a mês,Sim,Transferência bancária,38.91,2330.57,0
Masculino,0,Sim,Não,32,Sim,Sim,Fibra óptica,Não,Sim,Não,Não,Sim,Sim,Um ano,Sim,Cheque eletrônico,97.65,3416.18,1
Masculino,0,Não,Não,11,Sim,Não,Fibra óptica,Não,Sim,Não,Não,Não,Sim,Mês a mês,Não,Cartão de crédito,57.65,591.38,1
Feminino,0,Não,Não,18,Sim,Sim,Fibra óptica,Não,Não,Não,Não,Sim,Não,Dois anos,Não,Cartão de crédito,66.38,1207.4,0
Feminino,0,Não,Não,45,Sim,Não,Fibra óptica,Sim,Não,Não,Sim,Sim,Sim,Mês a mês,Sim,Cheque eletrônico,88.5,4042.45,1
Feminino,1,Sim,Não,21,Sim,Não,DSL,Não,Não,Não,Sim,Sim,Não,Um ano,Sim,Cartão de crédito,108.8,2103.34,1
Masculino,0,Sim,Não,12,Sim,Não,Não,Sem serviço de internet,Sem serviço de internet,Sem serviço de internet,Sem serviço de internet,Sem serviço de internet,Sem serviço de internet,Dois anos,Sim,Cheque eletrônico,87.85,1077.06,0
Masculino,0,Não,Não,20,Sim,Não,Fibra óptica,Não,Sim,Sim,Sim,Não,Não,Mês a mês,Não,Cheque eletrônico,57.37,1173.67,1
Feminino,0,Não,Sim,7,Sim,Sim,Fibra óptica,Não,Não,Não,Não,Não,Não,Um ano,Sim,Transferência bancária,114.42,819.88,0
Feminino,0,Sim,Sim,71,Sim,Não,Fibra óptica,Não,Não,Não,Não,Não,Sim,Mês a mês,Não,Cartão de crédito,72.83,5018.05,0
Masculino,1,Sim,Não,2,Sim,Não,Fibra óptica,Não,Sim,Não,Sim,Não,Não,Mês a mês,Sim,Cheque eletrônico,108.23,225.24,1
Masculino,0,Sim,Não,43,Sim,Sim,Fibra óptica,Não,Não,Não,Não,Não,Não,Mês a mês,Não,Cartão de crédito,106.76,4371.05,0
Masculino,1,Não,Não,21,Não,Sem serviço telefônico,Fibra óptica,Não,Não,Sim,Não,Não,Não,Mês a mês,Não,Cheque eletrônico,69.09,1403.63,1
Masculino,0,Sim,Não,29,Não,Sem serviço telefônico,Fibra óptica,Não,Sim,Não,Não,Não,Não,Dois anos,Sim,Transferência bancária,38.84,971.33,0
Feminino,1,Não,Não,32,Sim,Sim,Não,Sem serviço de internet,Sem serviço de internet,Sem serviço de internet,Sem serviço de internet,Sem serviço de internet,Sem serviço de internet,Mês a mês,Não,Transferência bancária,55.19,2007.68,1
Masculino,1,Não,Não,45,Sim,Não,Fibra óptica,Sim,Sim,Não,Sim,Sim,Não,Um ano,Sim,Cheque enviado pelo correio,35.53,1703.26,0
Masculino,1,Não,Sim,59,Sim,Sim,Fibra óptica,Sim,Sim,Não,Não,Não,Não,Mês a mês,Sim,Cartão de crédito,33.87,2141.83,0
Masculino,0,Sim,Não,3,Sim,Sim,Não,Sem serviço de internet,Sem serviço de internet,Sem serviço de internet,Sem serviço de internet,Sem serviço de internet,Sem serviço de internet,Dois anos,Não,Cartão de crédito,107.49,350.19,0
Feminino,0,Não,Não,39,Sim,Sim,DSL,Sim,Não,Sim,Não,Não,Não,Mês a mês,Não,Cheque enviado pelo correio,32.08,1332.92,0
Feminino,0,Não,Não,51,Não,Sem serviço telefônico,DSL,Não,Não,Sim,Não,Sim,Sim,Mês a mês,Sim,Cheque eletrônico,115.49,6539.9,0
Masculino,0,Sim,Não,8,Sim,Sim,Não,Sem serviço de internet,Sem serviço de internet,Sem serviço de internet,Sem serviço de internet,Sem serviço de internet,Sem serviço de internet,Mês a mês,Sim,Cartão de crédito,45.8,313.95,1
Masculino,1,Não,Sim,46,Sim,Não,Fibra óptica,Sim,Não,Sim,Não,Não,Sim,Dois anos,Não,Cheque enviado pelo correio,63.86,2589.05,0
Masculino,0,Não,Não,66,Sim,Não,Fibra óptica,Não,Não,Não,Sim,Não,Sim,Mês a mês,Não,Transferência bancária,36.55,2354.17,0
Feminino,1,Não,Sim,6,Sim,Não,Fibra óptica,Não,Não,Não,Não,Sim,Sim,Um ano,Não,Cheque enviado pelo correio,55.33,368.01,1
Feminino,0,Não,Não,58,Não,Sem serviço telefônico,DSL,Sim,Sim,Não,Não,Não,Sim,Mês a mês,Sim,Cheque eletrônico,77.91,4233.09,1
Feminino,0,Sim,Não,41,Sim,Sim,Fibra óptica,Não,Sim,Sim,Não,Não,Não,Um ano,Sim,Cartão de crédito,109.6,4826.99,0
Masculino,0,Sim,Não,54,Sim,Sim,DSL,Sim,Não,Sim,Não,Sim,Sim,Mês a mês,Sim,Cheque enviado pelo correio,112.24,5639.9,0
Feminino,0,Sim,Não,41,Sim,Não,Não,Sem serviço de internet,Sem serviço de internet,Sem serviço de internet,Sem serviço de internet,Sem serviço de internet,Sem serviço de internet,Um ano,Não,Cheque eletrônico,23.32,1099.15,0
Masculino,0,Não,Não,48,Sim,Não,Fibra óptica,Sim,Não,Sim,Não,Sim,Sim,Dois anos,Não,Cheque eletrônico,71.18,3766.25,0
Masculino,0,Não,Sim,70,Sim,Sim,Fibra óptica,Não,Sim,Não,Não,Não,Sim,Mês a mês,Não,Transferência bancária,31.61,2187.04,1
Masculino,1,Sim,Não,27,Sim,Sim,DSL,Não,Não,Não,Sim,Sim,Não,Dois anos,Não,Cartão de crédito,32.52,980.07,0
Feminino,0,Sim,Não,47,Sim,Não,Fibra óptica,Não,Não,Não,Não,Não,Não,Mês a mês,Não,Cheque eletrônico,100.09,4852.63,1
Masculino,0,Não,Sim,23,Não,Sem serviço telefônico,DSL,Não,Não,Não,Não,Não,Sim,Mês a mês,Sim,Cheque eletrônico,50.61,1034.83,0
Feminino,0,Não,Não,14,Sim,Não,Fibra óptica,Sim,Sim,Não,Não,Sim,Não,Um ano,Sim,Cheque eletrônico,116.46,1707.99,0
Feminino,0,Sim,Não,61,Sim,Não,Não,Sem serviço de internet,Sem serviço de internet,Sem serviço de internet,Sem serviço de internet,Sem serviço de internet,Sem serviço de internet,Mês a mês,Não,Cheque enviado pelo correio,97.79,5994.7,1
Masculino,0,Não,Não,67,Sim,Não,DSL,Não,Não,Sim,Não,Sim,Não,Dois anos,Sim,Cartão de crédito,72.7,4436.04,0
Masculino,0,Não,Não,25,Sim,Sim,DSL,Não,Não,Não,Não,Sim,Não,Mês a mês,Sim,Cheque eletrônico,21.56,471.22,0
Feminino,0,Sim,Não,65,Sim,Sim,Fibra óptica,Não,Não,Sim,Não,Sim,Sim,Um ano,Sim,Transferência bancária,25.22,1828.0,0
Masculino,0,Sim,Sim,24,Sim,Sim,Fibra óptica,Não,Não,Não,Não,Não,Não,Mês a mês,Sim,Cheque eletrônico,78.53,1819.26,0
Feminino,0,Sim,Sim,53,Sim,Não,Fibra óptica,Não,Não,Não,Sim,Sim,Não,Mês a mês,Sim,Cheque eletrônico,102.01,6031.33,1
Masculino,1,Sim,Não,50,Sim,Sim,Fibra óptica,Não,Não,Sim,Sim,Não,Não,Mês a mês,Não,Cheque eletrônico,69.66,3738.51,0
Feminino,0,Não,Não,1,Sim,Sim,Não,Sem serviço de internet,Sem serviço de internet,Sem serviço de internet,Sem serviço de internet,Sem serviço de internet,Sem serviço de internet,Mês a mês,Sim,Transferência bancária,105.24,90.4,0
Feminino,0,Sim,Sim,39,Sim,Sim,Fibra óptica,Não,Não,Não,Não,Não,Não,Mês a mês,Sim,Cheque enviado pelo correio,58.18,2482.83,0
Feminino,0,Sim,Sim,44,Sim,Sim,Não,Sem serviço de internet,Sem serviço de internet,Sem serviço de internet,Sem serviço de internet,Sem serviço de internet,Sem serviço de internet,Mês a mês,Não,Cartão de crédito,110.05,4452.23,0
Feminino,0,Não,Não,5,Sim,Não,Não,Sem serviço de internet,Sem serviço de internet,Sem serviço de internet,Sem serviço de internet,Sem serviço de internet,Sem serviço de internet,Um ano,Sim,Cheque eletrônico,107.04,522.07,1
Masculino,0,Sim,Não,68,Sim,Não,DSL,Sim,Sim,Não,Não,Não,Não,Um ano,Não,Cheque eletrônico,80.85,5260.49,0
Masculino,0,Não,Não,72,Sim,Não,Não,Sem serviço de internet,Sem serviço de internet,Sem serviço de internet,Sem serviço de internet,Sem serviço de internet,Sem serviço de internet,Dois anos,Sim,Cheque eletrônico,107.86,6633.09,0
Feminino,0,Sim,Sim,65,Não,Sem serviço telefônico,Não,Sem serviço de internet,Sem serviço de internet,Sem serviço de internet,Sem serviço de internet,Sem serviço de internet,Sem serviço de internet,Dois anos,Sim,Cheque enviado pelo correio,71.74,5159.24,0
Feminino,0,Não,Não,15,Sim,Sim,DSL,Não,Sim,Não,Não,Sim,Sim,Mês a mês,Não,Transferência bancária,28.3,450.67,0
Masculino,0,Não,Não,50,Sim,Não,DSL,Não,Sim,Não,Sim,Não,Sim,Um ano,Sim,Cheque eletrônico,91.98,4554.6,1
Masculino,0,Sim,Não,6,Sim,Sim,Não,Sem serviço de internet,Sem serviço de internet,Sem serviço de internet,Sem serviço de internet,Sem serviço de internet,Sem serviço de internet,Mês a mês,Sim,Cheque eletrônico,82.3,477.29,1
Masculino,0,Não,Não,66,Sim,Sim,Não,Sem serviço de internet,Sem serviço de internet,Sem serviço de internet,Sem serviço de internet,Sem serviço de internet,Sem serviço de internet,Um ano,Sim,Transferência bancária,85.96,6454.7,0
Masculino,0,Sim,Sim,69,Não,Sem serviço telefônico,Fibra óptica,Não,Sim,Sim,Não,Não,Não,Mês a mês,Não,Cheque enviado pelo correio,22.14,1699.54,0
Masculino,0,Não,Não,39,Não,Sem serviço telefônico,Fibra óptica,Sim,Não,Não,Não,Não,Sim,Mês a mês,Não,Transferência bancária,28.17,1258.51,0
Masculino,0,Não,Não,29,Sim,Sim,DSL,Não,Sim,Não,Não,Sim,Sim,Um ano,Não,Cheque eletrônico,117.79,3234.06,0
Feminino,0,Sim,Não,46,Sim,Não,DSL,Sim,Sim,Não,Não,Não,Sim,Mês a mês,Não,Cartão de crédito,94.71,4529.16,0
Masculino,0,Não,Sim,31,Não,Sem serviço telefônico,Fibra óptica,Não,Não,Sim,Não,Sim,Não,Um ano,Sim,Cartão de crédito,64.8,1888.02,0
Masculino,0,Sim,Não,24,Sim,Sim,DSL,Sim,Não,Sim,Não,Não,Sim,Um ano,Sim,Transferência bancária,85.04,1772.34,0
Feminino,1,Não,Não,15,Sim,Sim,Fibra óptica,Não,Não,Sim,Sim,Sim,Sim,Dois anos,Sim,Cartão de crédito,101.3,1676.76,1
Masculino,0,Sim,Sim,20,Sim,Não,DSL,Sim,Não,Não,Sim,Não,Não,Mês a mês,Não,Transferência bancária,108.96,2135.78,0
Masculino,0,Não,Não,4,Sim,Sim,DSL,Não,Sim,Não,Não,Não,Sim,Um ano,Sim,Cartão de crédito,103.85,462.09,0
Masculino,0,Sim,Não,58,Sim,Não,Não,Sem serviço de internet,Sem serviço de internet,Sem serviço de internet,Sem serviço de internet,Sem serviço de internet,Sem serviço de internet,Um ano,Sim,Cartão de crédito,72.41,4126.14,0
Masculino,0,Não,Não,61,Não,Sem serviço telefônico,DSL,Não,Não,Sim,Não,Sim,Sim,Dois anos,Não,Cartão de crédito,109.05,5745.37,0
Masculino,0,Não,Sim,10,Sim,Não,Fibra óptica,Não,Não,Sim,Sim,Sim,Não,Mês a mês,Sim,Cartão de crédito,96.93,837.74,0
Feminino,0,Não,Não,41,Sim,Não,Fibra óptica,Sim,Não,Sim,Não,Sim,Não,Um ano,Não,Cartão de crédito,25.42,1103.17,0
Masculino,0,Sim,Sim,53,Sim,Sim,DSL,Sim,Não,Não,Não,Não,Não,Um ano,Não,Cheque enviado pelo correio,28.29,1602.2,0
Feminino,1,Não,Sim,71,Sim,Sim,Fibra óptica,Sim,Sim,Não,Não,Sim,Sim,Dois anos,Não,Cartão de crédito,91.28,7423.54,1
Feminino,0,Sim,Não,48,Sim,Sim,DSL,Não,Não,Sim,Sim,Não,Sim,Mês a mês,Sim,Transferência bancária,103.08,4840.2,1
Masculino,0,Sim,Não,15,Sim,Sim,Não,Sem serviço de internet,Sem serviço de internet,Sem serviço de internet,Sem serviço de internet,Sem serviço de internet,Sem serviço de internet,Mês a mês,Sim,Cartão de crédito,62.3,1022.47,1
Feminino,0,Sim,Sim,7,Sim,Não,Fibra óptica,Não,Sim,Não,Não,Não,Não,Um ano,Não,Cartão de crédito,94.44,620.76,0
Masculino,0,Sim,Não,72,Sim,Sim,Fibra óptica,Sim,Não,Sim,Sim,Sim,Não,Mês a mês,Sim,Transferência bancária,92.64,6152.14,0
Feminino,0,Não,Sim,71,Sim,Não,DSL,Não,Não,Sim,Sim,Não,Não,Mês a mês,Não,Cheque enviado pelo correio,65.31,3980.49,0
Feminino,0,Sim,Não,43,Sim,Não,DSL,Não,Não,Não,Não,Não,Não,Mês a mês,Sim,Cheque enviado pelo correio,58.43,2536.74,0
Masculino,0,Não,Sim,4,Sim,Não,Fibra óptica,Não,Sim,Sim,Sim,Não,Não,Um ano,Não,Cheque eletrônico,25.46,93.89,0
Masculino,0,Sim,Não,51,Sim,Sim,Fibra óptica,Não,Não,Não,Não,Não,Sim,Mês a mês,Sim,Transferência bancária,116.01,6093.55,1
Masculino,0,Sim,Não,71,Sim,Sim,Fibra óptica,Não,Não,Sim,Sim,Não,Não,Um ano,Sim,Cheque eletrônico,38.43,2586.18,0
Masculino,0,Não,Não,59,Sim,Não,DSL,Não,Não,Sim,Não,Sim,Não,Um ano,Sim,Cheque eletrônico,32.92,2073.03,0
Masculino,1,Sim,Não,41,Sim,Não,Não,Sem serviço de internet,Sem serviço de internet,Sem serviço de internet,Sem serviço de internet,Sem serviço de internet,Sem serviço de internet,Mês a mês,Não,Cheque eletrônico,26.09,1116.78,0
Feminino,0,Sim,Não,61,Sim,Sim,Não,Sem serviço de internet,Sem serviço de internet,Sem serviço de internet,Sem serviço de internet,Sem serviço de internet,Sem serviço de internet,Mês a mês,Não,Cheque enviado pelo correio,69.04,4767.02,0
Feminino,0,Sim,Não,30,Sim,Sim,DSL,Sim,Não,Sim,Sim,Não,Não,Um ano,Sim,Cheque eletrônico,24.75,738.48,0
Feminino,0,Não,Sim,18,Não,Sem serviço telefônico,DSL,Sim,Sim,Não,Não,Não,Não,Mês a mês,Sim,Cheque enviado pelo correio,105.77,1765.88,1
Feminino,0,Não,Sim,30,Sim,Não,Fibra óptica,Sim,Não,Não,Não,Não,Não,Um ano,Sim,Transferência bancária,38.15,1122.51,1
Feminino,0,Sim,Não,7,Sim,Não,Não,Sem serviço de internet,Sem serviço de internet,Sem serviço de internet,Sem serviço de internet,Sem serviço de internet,Sem serviço de internet,Mês a mês,Sim,Cheque eletrônico,109.72,872.37,1
Feminino,0,Sim,Sim,52,Sim,Sim,DSL,Sim,Não,Sim,Sim,Sim,Não,Mês a mês,Sim,Cheque eletrônico,103.78,5560.08,0
Feminino,0,Não,Não,48,Sim,Não,DSL,Sim,Não,Não,Não,Sim,Não,Mês a mês,Não,Cheque eletrônico,21.99,1092.65,0
Masculino,0,Não,Não,23,Sim,Sim,DSL,Não,Não,Sim,Sim,Não,Não,Mês a mês,Sim,Cheque eletrônico,75.58,1974.23,1
Masculino,0,Sim,Não,37,Sim,Não,Fibra óptica,Sim,Não,Não,Não,Não,Não,Dois anos,Não,Cheque eletrônico,36.23,1530.08,0
Feminino,0,Não,Não,71,Não,Sem serviço telefônico,DSL,Sim,Não,Sim,Não,Não,Não,Mês a mês,Não,Cartão de crédito,31.62,2540.86,0
Feminino,0,Sim,Sim,53,Sim,Não,Não,Sem serviço de internet,Sem serviço de internet,Sem serviço de internet,Sem serviço de internet,Sem serviço de internet,Sem serviço de internet,Dois anos,Sim,Cheque eletrônico,69.57,3709.27,0
Masculino,0,Sim,Sim,45,Não,Sem serviço telefônico,Fibra óptica,Sim,Sim,Sim,Não,Não,Não,Dois anos,Sim,Transferência bancária,37.09,1777.75,0
Masculino,1,Sim,Sim,49,Não,Sem serviço telefônico,DSL,Não,Não,Sim,Sim,Não,Sim,Mês a mês,Não,Cheque eletrônico,63.17,2974.54,0
Masculino,0,Não,Sim,49,Sim,Não,Fibra óptica,Não,Não,Não,Não,Sim,Não,Dois anos,Não,Cheque enviado pelo correio,23.27,1284.74,0
Masculino,1,Sim,Não,47,Sim,Não,Não,Sem serviço de internet,Sem serviço de internet,Sem serviço de internet,Sem serviço de internet,Sem serviço de internet,Sem serviço de internet,Um ano,Sim,Cheque eletrônico,65.06,3409.32,0
Feminino,0,Não,Não,25,Sim,Não,Não,Sem serviço de internet,Sem serviço de internet,Sem serviço de internet,Sem serviço de internet,Sem serviço de internet,Sem serviço de internet,Mês a mês,Não,Cartão de crédito,35.04,928.25,0
Masculino,0,Sim,Não,27,Sim,Sim,Fibra óptica,Não,Não,Sim,Não,Não,Não,Mês a mês,Sim,Cheque enviado pelo correio,29.59,714.41,0
Feminino,0,Sim,Não,12,Sim,Sim,DSL,Sim,Não,Não,Não,Não,Não,Mês a mês,Sim,Cheque enviado pelo correio,26.35,302.73,1
Feminino,0,Não,Sim,23,Sim,Sim,Fibra óptica,Sim,Não,Sim,Não,Sim,Não,Mês a mês,Não,Cartão de crédito,81.81,2126.51,0
Feminino,0,Sim,Sim,17,Sim,Sim,Fibra óptica,Não,Não,Não,Não,Não,Não,Um ano,Não,Cheque eletrônico,24.46,454.27,1
Masculino,0,Sim,Não,44,Sim,Sim,DSL,Não,Não,Não,Não,Sim,Não,Mês a mês,Não,Cheque eletrônico,76.22,2978.64,0
Masculino,0,Sim,Sim,71,Sim,Sim,DSL,Sim,Não,Sim,Não,Não,Sim,Mês a mês,Não,Cheque enviado pelo correio,25.87,2089.02,0
Feminino,1,Sim,Não,24,Sim,Não,Fibra óptica,Sim,Sim,Sim,Sim,Não,Não,Mês a mês,Sim,Cheque enviado pelo correio,67.22,1425.36,0
Feminino,0,Sim,Não,71,Sim,Não,Fibra óptica,Não,Não,Não,Sim,Não,Não,Mês a mês,Sim,Cartão de crédito,40.97,2486.11,0
Feminino,0,Sim,Não,60,Não,Sem serviço telefônico,DSL,Não,Sim,Não,Não,Não,Não,Um ano,Sim,Cheque enviado pelo correio,32.15,1911.57,0
Masculino,0,Sim,Não,53,Sim,Sim,Não,Sem serviço de internet,Sem serviço de internet,Sem serviço de internet,Sem serviço de internet,Sem serviço de internet,Sem serviço de internet,Mês a mês,Não,Cheque eletrônico,114.04,6781.64,0
Feminino,0,Sim,Sim,16,Sim,Não,Fibra óptica,Não,Não,Sim,Sim,Não,Não,Mês a mês,Não,Cheque eletrônico,52.84,751.15,1
Masculino,0,Não,Não,25,Não,Sem serviço telefônico,DSL,Não,Não,Sim,Não,Não,Não,Dois anos,Não,Cheque eletrônico,50.42,1091.53,0
Feminino,0,Sim,Não,66,Sim,Não,Fibra óptica,Sim,Não,Não,Não,Não,Não,Dois anos,Sim,Cheque eletrônico,115.19,8266.44,1
Feminino,0,Sim,Sim,50,Sim,Não,DSL,Não,Não,Não,Não,Não,Não,Mês a mês,Sim,Cheque eletrônico,93.43,4637.59,0
Feminino,0,Não,Não,69,Sim,Sim,Fibra óptica,Sim,Não,Não,Sim,Não,Não,Mês a mês,Não,Cheque eletrônico,77.62,6158.83,0
Masculino,0,Não,Sim,40,Sim,Não,Fibra óptica,Não,Não,Sim,Sim,Não,Sim,Mês a mês,Não,Cheque eletrônico,37.66,1336.13,1
Masculino,1,Sim,Não,6,Não,Sem serviço telefônico,Fibra óptica,Sim,Não,Sim,Não,Não,Não,Mês a mês,Sim,Cheque eletrônico,80.45,417.17,1
Feminino,0,Sim,Não,64,Sim,Sim,DSL,Sim,Sim,Não,Não,Sim,Sim,Mês a mês,Não,Transferência bancária,97.36,5834.46,0
Masculino,0,Não,Sim,28,Sim,Não,Fibra óptica,Não,Sim,Sim,Sim,Sim,Não,Dois anos,Não,Cartão de crédito,104.49,2577.47,0
Feminino,0,Sim,Sim,9,Sim,Não,Fibra óptica,Não,Não,Sim,Não,Sim,Não,Mês a mês,Não,Cheque enviado pelo correio,104.59,821.08,1
Masculino,1,Não,Sim,6,Sim,Não,Fibra óptica,Não,Não,Não,Não,Não,Não,Dois anos,Sim,Cheque enviado pelo correio,27.34,188.47,1
Masculino,0,Não,Sim,17,Sim,Não,Fibra óptica,Não,Não,Não,Sim,Não,Não,Dois anos,Sim,Cheque eletrônico,46.04,878.26,0
Masculino,1,Não,Sim,40,Sim,Não,DSL,Não,Não,Não,Não,Não,Não,Um ano,Sim,Cheque eletrônico,66.1,2665.84,1
Feminino,1,Sim,Sim,45,Sim,Não,DSL,Sim,Não,Sim,Sim,Sim,Não,Dois anos,Não,Transferência bancária,65.43,2534.49,0
Masculino,1,Não,Sim,43,Sim,Não,Não,Sem serviço de internet,Sem serviço de internet,Sem serviço de internet,Sem serviço de internet,Sem serviço de internet,Sem serviço de internet,Dois anos,Não,Cheque eletrônico,66.66,3163.98,0
Masculino,0,Não,Não,46,Sim,Não,Fibra óptica,Não,Sim,Não,Não,Sim,Sim,Mês a mês,Não,Cheque eletrônico,111.76,4936.75,1
Feminino,0,Não,Não,63,Sim,Sim,Não,Sem serviço de internet,Sem serviço de internet,Sem serviço de internet,Sem serviço de internet,Sem serviço de internet,Sem serviço de internet,Um ano,Sim,Transferência bancária,57.82,3892.29,0
Feminino,0,Sim,Não,1,Sim,Não,Fibra óptica,Não,Não,Sim,Não,Sim,Sim,Dois anos,Sim,Transferência bancária,99.44,106.67,0
Feminino,0,Não,Sim,59,Sim,Sim,Fibra óptica,Sim,Não,Sim,Sim,Não,Sim,Mês a mês,Não,Cartão de crédito,65.65,4317.6,0
Feminino,0,Não,Sim,63,Sim,Sim,Não,Sem serviço de internet,Sem serviço de internet,Sem serviço de internet,Sem serviço de internet,Sem serviço de internet,Sem serviço de internet,Dois anos,Sim,Cheque eletrônico,61.55,4458.03,0
Masculino,0,Não,Não,18,Sim,Sim,DSL,Não,Sim,Sim,Não,Não,Sim,Um ano,Sim,Transferência bancária,112.38,2273.21,0
Masculino,0,Não,Não,65,Sim,Sim,Fibra óptica,Sim,Não,Não,Sim,Sim,Não,Um ano,Não,Cheque eletrônico,47.9,3366.46,0
Masculino,0,Sim,Não,20,Sim,Sim,Não,Sem serviço de internet,Sem serviço de internet,Sem serviço de internet,Sem serviço de internet,Sem serviço de internet,Sem serviço de internet,Mês a mês,Não,Cheque eletrônico,48.03,915.75,1
Masculino,0,Não,Sim,56,Sim,Sim,DSL,Não,Não,Sim,Não,Sim,Sim,Dois anos,Sim,Cartão de crédito,102.4,6420.37,0
Masculino,0,Sim,Não,54,Sim,Não,Não,Sem serviço de internet,Sem serviço de internet,Sem serviço de internet,Sem serviço de internet,Sem serviço de internet,Sem serviço de internet,Mês a mês,Não,Cheque eletrônico,62.65,3171.3,0
Feminino,0,Não,Não,48,Sim,Sim,Fibra óptica,Não,Não,Não,Não,Não,Sim,Mês a mês,Não,Cheque eletrônico,79.0,3961.57,0
Masculino,0,Sim,Não,54,Sim,Sim,Não,Sem serviço de internet,Sem serviço de internet,Sem serviço de internet,Sem serviço de internet,Sem serviço de internet,Sem serviço de internet,Mês a mês,Sim,Cheque enviado pelo correio,24.69,1528.07,0
Masculino,0,Sim,Não,16,Não,Sem serviço telefônico,DSL,Não,Sim,Sim,Sim,Não,Sim,Mês a mês,Não,Cheque eletrônico,70.37,1260.92,0
Masculino,1,Não,Não,20,Sim,Não,DSL,Sim,Sim,Sim,Não,Não,Não,Um ano,Sim,Cartão de crédito,72.42,1473.79,0
Feminino,0,Sim,Não,47,Sim,Sim,Fibra óptica,Não,Não,Sim,Não,Sim,Não,Mês a mês,Sim,Cartão de crédito,80.63,3355.34,0
Feminino,0,Não,Não,7,Sim,Não,Fibra óptica,Não,Não,Sim,Não,Sim,Sim,Um ano,Não,Cheque eletrônico,26.49,201.44,0
Masculino,0,Não,Sim,23,Sim,Não,Fibra óptica,Sim,Não,Sim,Não,Sim,Sim,Mês a mês,Não,Cheque eletrônico,104.22,2444.76,1
Feminino,0,Sim,Sim,33,Sim,Sim,DSL,Sim,Sim,Sim,Sim,Não,Não,Mês a mês,Sim,Cheque enviado pelo correio,60.01,2028.83,0
Feminino,0,Sim,Não,40,Sim,Não,DSL,Sim,Não,Sim,Sim,Sim,Sim,Mês a mês,Sim,Transferência bancária,47.61,1928.51,0
Feminino,0,Não,Sim,5,Sim,Não,DSL,Sim,Sim,Sim,Não,Não,Não,Um ano,Não,Cheque enviado pelo correio,75.59,358.65,0
Feminino,0,Sim,Não,45,Sim,Não,DSL,Sim,Não,Sim,Não,Não,Não,Um ano,Não,Transferência bancária,72.33,2881.04,0
Feminino,0,Não,Não,41,Sim,Sim,DSL,Sim,Não,Não,Não,Não,Não,Mês a mês,Sim,Cartão de crédito,36.68,1406.99,0
Feminino,0,Não,Não,8,Sim,Sim,DSL,Não,Sim,Não,Não,Não,Sim,Mês a mês,Sim,Cheque eletrônico,48.53,423.12,1
Feminino,0,Não,Não,50,Sim,Sim,Fibra óptica,Não,Sim,Não,Não,Não,Não,Um ano,Sim,Cartão de crédito,87.17,3799.48,0
Masculino,0,Não,Não,31,Sim,Sim,DSL,Não,Não,Não,Não,Não,Não,Dois anos,Sim,Cheque enviado pelo correio,39.1,1269.79,1
Masculino,0,Não,Não,4,Sim,Sim,DSL,Não,Sim,Sim,Não,Sim,Sim,Mês a mês,Sim,Transferência bancária,65.14,246.33,0
Feminino,0,Não,Não,66,Sim,Sim,Não,Sem serviço de internet,Sem serviço de internet,Sem serviço de internet,Sem serviço de internet,Sem serviço de internet,Sem serviço de internet,Um ano,Sim,Cartão de crédito,105.38,6583.04,0
Masculino,0,Não,Não,56,Sim,Não,DSL,Não,Sim,Sim,Sim,Não,Não,Mês a mês,Não,Cheque eletrônico,20.54,1158.14,0
Masculino,0,Não,Não,5,Sim,Sim,Não,Sem serviço de internet,Sem serviço de internet,Sem serviço de internet,Sem serviço de internet,Sem serviço de internet,Sem serviço de internet,Dois anos,Sim,Cheque enviado pelo correio,101.89,493.37,0
Feminino,1,Sim,Não,54,Sim,Sim,Fibra óptica,Não,Não,Não,Não,Não,Não,Um ano,Sim,Cheque eletrônico,104.51,6201.85,1
Masculino,0,Sim,Não,1,Sim,Sim,Fibra óptica,Não,Não,Não,Não,Não,Não,Dois anos,Sim,Transferência bancária,90.05,100.2,0
Feminino,0,Não,Não,61,Sim,Sim,DSL,Não,Não,Sim,Não,Não,Não,Mês a mês,Sim,Cheque eletrônico,78.27,5209.48,0
Feminino,1,Não,Não,7,Sim,Não,DSL,Não,Sim,Não,Sim,Sim,Sim,Mês a mês,Não,Cheque enviado pelo correio,64.2,505.49,0
Feminino,0,Sim,Não,30,Sim,Não,Fibra óptica,Não,Não,Sim,Não,Não,Sim,Mês a mês,Sim,Cartão de crédito,84.67,2557.38,1
Masculino,0,Sim,Não,15,Sim,Sim,Fibra óptica,Sim,Sim,Não,Não,Sim,Não,Um ano,Não,Cheque eletrônico,98.66,1408.53,0
Masculino,1,Não,Sim,4,Sim,Sim,DSL,Sim,Sim,Não,Não,Não,Não,Dois anos,Não,Cartão de crédito,41.37,153.4,0
Masculino,0,Sim,Não,63,Sim,Sim,Fibra óptica,Não,Não,Sim,Sim,Não,Não,Mês a mês,Sim,Transferência bancária,108.98,7532.12,0
Masculino,0,Sim,Não,70,Sim,Não,Fibra óptica,Não,Não,Não,Não,Sim,Não,Mês a mês,Sim,Cheque eletrônico,46.53,3033.96,0
Feminino,0,Sim,Não,38,Sim,Sim,Não,Sem serviço de internet,Sem serviço de internet,Sem serviço de internet,Sem serviço de internet,Sem serviço de internet,Sem serviço de internet,Mês a mês,Sim,Cheque eletrônico,19.36,778.78,1
Feminino,0,Não,Não,47,Sim,Sim,Não,Sem serviço de internet,Sem serviço de internet,Sem serviço de internet,Sem serviço de internet,Sem serviço de internet,Sem serviço de internet,Um ano,Sim,Cheque eletrônico,86.91,3900.19,0
Masculino,0,Não,Não,60,Sim,Sim,Não,Sem serviço de internet,Sem serviço de internet,Sem serviço de internet,Sem serviço de internet,Sem serviço de internet,Sem serviço de internet,Mês a mês,Sim,Cheque eletrônico,109.73,6641.08,0
Feminino,1,Sim,Não,2,Sim,Sim,Fibra óptica,Sim,Sim,Sim,Não,Não,Não,Dois anos,Sim,Cheque enviado pelo correio,104.75,231.52,1
Feminino,0,Sim,Não,69,Sim,Sim,Fibra óptica,Não,Não,Sim,Não,Não,Sim,Um ano,Não,Cheque enviado pelo correio,37.03,2297.81,0
Masculino,0,Não,Sim,8,Não,Sem serviço telefônico,Não,Sem serviço de internet,Sem serviço de internet,Sem serviço de internet,Sem serviço de internet,Sem serviço de internet,Sem serviço de internet,Mês a mês,Sim,Cheque eletrônico,113.24,853.16,1
Feminino,1,Não,Não,51,Sim,Sim,Não,Sem serviço de internet,Sem serviço de internet,Sem serviço de internet,Sem serviço de internet,Sem serviço de internet,Sem serviço de internet,Dois anos,Não,Transferência bancária,112.04,4985.46,0
Masculino,1,Não,Sim,19,Sim,Não,Não,Sem serviço de internet,Sem serviço de internet,Sem serviço de internet,Sem serviço de internet,Sem serviço de internet,Sem serviço de internet,Mês a mês,Sim,Cheque enviado pelo correio,83.28,1515.9,0
Feminino,0,Sim,Não,31,Sim,Não,DSL,Não,Sim,Sim,Sim,Sim,Não,Dois anos,Sim,Transferência bancária,43.56,1430.45,0
Masculino,0,Sim,Sim,22,Sim,Sim,Fibra óptica,Sim,Não,Sim,Não,Não,Não,Mês a mês,Não,Cartão de crédito,59.84,1338.82,0
Feminino,0,Não,Não,33,Sim,Não,DSL,Não,Não,Sim,Não,Não,Não,Mês a mês,Sim,Cheque eletrônico,71.55,2249.51,1
Feminino,0,Sim,Sim,72,Sim,Sim,DSL,Não,Não,Sim,Não,Não,Não,Um ano,Sim,Cheque enviado pelo correio,70.7,4995.04,0
Masculino,0,Não,Não,37,Sim,Não,Não,Sem serviço de internet,Sem serviço de internet,Sem serviço de internet,Sem serviço de internet,Sem serviço de internet,Sem serviço de internet,Um ano,Sim,Cartão de crédito,75.96,2582.28,0
Masculino,1,Sim,Não,12,Sim,Sim,Fibra óptica,Não,Sim,Não,Sim,Sim,Sim,Um ano,Sim,Transferência bancária,43.61,544.72,0
Masculino,1,Sim,Não,69,Sim,Sim,Fibra óptica,Não,Não,Não,Não,Não,Não,Mês a mês,Sim,Cheque eletrônico,37.1,2301.28,1
Masculino,0,Sim,Não,64,Sim,Não,Fibra óptica,Sim,Não,Não,Sim,Não,Sim,Mês a mês,Sim,Transferência bancária,115.46,6897.59,1
Feminino,0,Não,Não,25,Não,Sem serviço telefônico,Fibra óptica,Sim,Sim,Não,Sim,Não,Não,Dois anos,Não,Cheque enviado pelo correio,30.28,806.21,0
Feminino,0,Sim,Sim,54,Sim,Sim,DSL,Sim,Sim,Não,Não,Não,Sim,Mês a mês,Sim,Cartão de crédito,50.49,2575.06,0
Masculino,0,Sim,Sim,29,Sim,Não,Não,Sem serviço de internet,Sem serviço de internet,Sem serviço de internet,Sem serviço de internet,Sem serviço de internet,Sem serviço de internet,Mês a mês,Não,Cheque eletrônico,115.04,3581.53,0
Feminino,0,Sim,Sim,13,Não,Sem serviço telefônico,Fibra óptica,Sim,Não,Não,Não,Sim,Não,Mês a mês,Não,Cheque eletrônico,90.18,1043.71,0
Masculino,0,Sim,Não,26,Sim,Não,Fibra óptica,Sim,Sim,Não,Não,Não,Não,Mês a mês,Não,Cartão de crédito,74.27,2050.88,1
Masculino,0,Sim,Sim,22,Sim,Não,Fibra óptica,Não,Não,Não,Não,Não,Sim,Mês a mês,Sim,Cheque enviado pelo correio,19.38,422.88,1
Feminino,0,Sim,Sim,10,Sim,Sim,DSL,Sim,Não,Não,Sim,Sim,Não,Mês a mês,Não,Transferência bancária,105.17,1055.44,0
Feminino,0,Sim,Não,48,Sim,Sim,DSL,Não,Sim,Sim,Não,Não,Não,Mês a mês,Sim,Cartão de crédito,94.35,4484.09,1
Masculino,0,Não,Sim,42,Sim,Não,DSL,Não,Não,Não,Não,Sim,Não,Mês a mês,Não,Cheque eletrônico,28.1,1095.57,1
Masculino,0,Não,Sim,59,Sim,Não,Fibra óptica,Sim,Não,Não,Não,Sim,Não,Mês a mês,Não,Cheque eletrônico,98.98,6090.07,0
Masculino,0,Sim,Não,53,Sim,Sim,Não,Sem serviço de internet,Sem serviço de internet,Sem serviço de internet,Sem serviço de internet,Sem serviço de internet,Sem serviço de internet,Um ano,Sim,Cheque eletrônico,44.2,2213.41,0
Feminino,0,Sim,Não,40,Sim,Não,Fibra óptica,Não,Sim,Não,Não,Sim,Não,Mês a mês,Sim,Cheque eletrônico,98.9,3892.57,0
Feminino,0,Não,Não,62,Sim,Não,DSL,Não,Sim,Não,Não,Não,Não,Dois anos,Sim,Cartão de crédito,102.28,5924.92,0
Feminino,0,Sim,Sim,6,Sim,Não,Não,Sem serviço de internet,Sem serviço de internet,Sem serviço de internet,Sem serviço de internet,Sem serviço de internet,Sem serviço de internet,Mês a mês,Sim,Transferência bancária,61.36,354.91,1
Feminino,0,Sim,Não,4,Sim,Não,Não,Sem serviço de internet,Sem serviço de internet,Sem serviço de internet,Sem serviço de internet,Sem serviço de internet,Sem serviço de internet,Mês a mês,Não,Transferência bancária,26.0,88.49,0
Masculino,0,Não,Sim,55,Não,Sem serviço telefônico,Não,Sem serviço de internet,Sem serviço de internet,Sem serviço de internet,Sem serviço de internet,Sem serviço de internet,Sem serviço de internet,Mês a mês,Não,Cartão de crédito,74.0,4072.73,0
Masculino,0,Não,Não,69,Sim,Sim,Fibra óptica,Sim,Sim,Não,Não,Sim,Sim,Mês a mês,Não,Cartão de crédito,73.36,5077.53,0
Masculino,0,Sim,Não,3,Não,Sem serviço telefônico,Não,Sem serviço de internet,Sem serviço de internet,Sem serviço de internet,Sem serviço de internet,Sem serviço de internet,Sem serviço de internet,Dois anos,Sim,Cartão de crédito,98.48,297.61,1
Masculino,0,Sim,Não,7,Sim,Não,DSL,Não,Não,Não,Não,Não,Não,Um ano,Sim,Transferência bancária,27.25,189.76,0
Masculino,0,Não,Não,12,Sim,Não,Fibra óptica,Sim,Sim,Não,Sim,Não,Não,Dois anos,Sim,Cheque enviado pelo correio,87.93,1031.74,1
Masculino,1,Sim,Não,17,Sim,Não,Não,Sem serviço de internet,Sem serviço de internet,Sem serviço de internet,Sem serviço de internet,Sem serviço de internet,Sem serviço de internet,Mês a mês,Não,Cheque eletrônico,102.36,1826.23,1
Feminino,0,Não,Não,67,Sim,Sim,Fibra óptica,Não,Não,Não,Não,Sim,Não,Um ano,Sim,Cartão de crédito,70.77,4317.08,0
Feminino,1,Sim,Não,70,Sim,Sim,Não,Sem serviço de internet,Sem serviço de internet,Sem serviço de internet,Sem serviço de internet,Sem serviço de internet,Sem serviço de internet,Mês a mês,Sim,Cheque eletrônico,49.18,3519.68,0
Masculino,0,Sim,Não,36,Sim,Não,Fibra óptica,Não,Não,Não,Não,Não,Sim,Um ano,Sim,Cheque eletrônico,42.52,1714.53,1
Masculino,0,Não,Sim,17,Sim,Sim,Fibra óptica,Não,Não,Sim,Não,Não,Não,Dois anos,Não,Transferência bancária,49.37,743.46,0
Feminino,0,Não,Não,1,Sim,Sim,Fibra óptica,Não,Não,Não,Não,Não,Não,Mês a mês,Sim,Cartão de crédito,107.52,96.3,1
Feminino,0,Não,Sim,67,Não,Sem serviço telefônico,Não,Sem serviço de internet,Sem serviço de internet,Sem serviço de internet,Sem serviço de internet,Sem serviço de internet,Sem serviço de internet,Mês a mês,Não,Transferência bancária,87.74,6524.51,0
Feminino,0,Sim,Não,49,Sim,Não,Fibra óptica,Não,Não,Sim,Não,Não,Não,Um ano,Sim,Cheque enviado pelo correio,84.49,4644.95,0
Feminino,0,Não,Não,51,Sim,Não,DSL,Não,Não,Sim,Não,Não,Não,Dois anos,Sim,Cartão de crédito,25.11,1384.13,0
Masculino,0,Não,Não,71,Sim,Sim,DSL,Sim,Não,Não,Não,Sim,Sim,Mês a mês,Sim,Cheque eletrônico,79.3,4904.01,0
Masculino,0,Não,Não,43,Sim,Sim,DSL,Não,Não,Não,Não,Sim,Não,Um ano,Sim,Cheque eletrônico,103.96,3938.61,0
Masculino,0,Não,Não,31,Não,Sem serviço telefônico,DSL,Não,Não,Não,Não,Sim,Não,Mês a mês,Sim,Cheque enviado pelo correio,37.15,1280.94,0
Masculino,1,Sim,Sim,24,Sim,Não,Fibra óptica,Não,Sim,Não,Sim,Sim,Não,Mês a mês,Sim,Cartão de crédito,43.97,1212.85,1
Masculino,1,Sim,Não,37,Sim,Não,Fibra óptica,Sim,Não,Sim,Não,Não,Não,Mês a mês,Não,Cheque eletrônico,115.53,4701.88,1
Feminino,0,Não,Não,65,Sim,Sim,Fibra óptica,Não,Sim,Sim,Não,Não,Não,Dois anos,Não,Cheque enviado pelo correio,72.59,5339.65,0
Masculino,0,Não,Não,63,Sim,Sim,Não,Sem serviço de internet,Sem serviço de internet,Sem serviço de internet,Sem serviço de internet,Sem serviço de internet,Sem serviço de internet,Dois anos,Não,Cheque eletrônico,88.93,6311.13,0
Feminino,1,Sim,Não,56,Sim,Sim,DSL,Sim,Não,Não,Sim,Não,Não,Um ano,Não,Cheque eletrônico,51.77,2701.41,0
Masculino,0,Sim,Sim,18,Não,Sem serviço telefônico,DSL,Não,Não,Sim,Sim,Não,Não,Mês a mês,Sim,Cartão de crédito,45.0,793.71,0
Masculino,0,Não,Não,65,Sim,Sim,DSL,Sim,Não,Não,Não,Não,Sim,Mês a mês,Não,Cheque eletrônico,23.28,1675.04,0
Masculino,0,Não,Não,29,Não,Sem serviço telefônico,Não,Sem serviço de internet,Sem serviço de internet,Sem serviço de internet,Sem serviço de internet,Sem serviço de internet,Sem serviço de internet,Um ano,Não,Cheque eletrônico,38.7,1093.32,0
Masculino,0,Não,Sim,4,Sim,Sim,Fibra óptica,Não,Não,Não,Sim,Sim,Sim,Mês a mês,Sim,Cheque eletrônico,82.11,310.19,1
Masculino,0,Sim,Não,12,Sim,Não,Fibra óptica,Não,Sim,Sim,Não,Não,Não,Mês a mês,Não,Cheque enviado pelo correio,49.1,514.61,0
Feminino,1,Não,Não,56,Sim,Sim,DSL,Não,Sim,Sim,Sim,Não,Não,Mês a mês,Não,Cheque enviado pelo correio,33.24,1743.72,0
Feminino,0,Sim,Sim,48,Sim,Sim,DSL,Não,Não,Sim,Não,Não,Não,Mês a mês,Não,Cheque eletrônico,26.85,1475.94,1
Feminino,0,Sim,Não,19,Sim,Sim,DSL,Sim,Não,Não,Sim,Não,Sim,Mês a mês,Sim,Cartão de crédito,104.23,2235.44,0
Masculino,1,Sim,Sim,26,Sim,Sim,Fibra óptica,Sim,Não,Sim,Não,Não,Sim,Mês a mês,Não,Cartão de crédito,66.45,1905.3,0
Masculino,1,Não,Sim,38,Sim,Não,Fibra óptica,Não,Não,Não,Não,Não,Não,Mês a mês,Sim,Cheque enviado pelo correio,56.46,2312.3,1
Feminino,0,Não,Não,25,Sim,Sim,Fibra óptica,Não,Não,Sim,Não,Não,Sim,Mês a mês,Não,Cheque eletrônico,37.33,868.68,0
Masculino,0,Não,Não,56,Sim,Sim,Fibra óptica,Não,Não,Sim,Não,Não,Não,Mês a mês,Sim,Cheque eletrônico,66.09,3433.31,1
Masculino,0,Sim,Sim,28,Sim,Não,DSL,Sim,Não,Sim,Não,Sim,Sim,Mês a mês,Sim,Cheque enviado pelo correio,109.81,3072.29,1
Feminino,0,Não,Não,61,Sim,Não,Não,Sem serviço de internet,Sem serviço de internet,Sem serviço de internet,Sem serviço de internet,Sem serviço de internet,Sem serviço de internet,Dois anos,Sim,Cartão de crédito,57.35,3565.11,0
Masculino,0,Não,Sim,51,Sim,Sim,DSL,Não,Sim,Sim,Não,Não,Sim,Mês a mês,Não,Cheque enviado pelo correio,24.91,1233.62,0
Feminino,0,Não,Não,12,Sim,Sim,Não,Sem serviço de internet,Sem serviço de internet,Sem serviço de internet,Sem serviço de internet,Sem serviço de internet,Sem serviço de internet,Mês a mês,Sim,Cheque enviado pelo correio,94.14,1150.0,0
Masculino,1,Não,Não,8,Sim,Não,Fibra óptica,Não,Sim,Sim,Sim,Não,Não,Mês a mês,Sim,Cartão de crédito,41.02,326.1,1
Feminino,0,Sim,Não,58,Sim,Não,Fibra óptica,Não,Não,Sim,Não,Sim,Não,Mês a mês,Sim,Cartão de crédito,89.17,5353.4,0
Masculino,0,Não,Sim,23,Sim,Não,Fibra óptica,Não,Sim,Não,Sim,Sim,Sim,Um ano,Não,Cheque enviado pelo correio,92.22,2138.13,0
Masculino,0,Não,Não,37,Sim,Não,DSL,Sim,Sim,Não,Não,Não,Não,Mês a mês,Não,Cartão de crédito,98.57,3337.84,0
Feminino,0,Não,Sim,11,Sim,Não,Fibra óptica,Não,Sim,Sim,Não,Sim,Não,Um ano,Não,Cheque eletrônico,39.74,440.8,1
Masculino,0,Não,Não,17,Sim,Sim,Não,Sem serviço de internet,Sem serviço de internet,Sem serviço de internet,Sem serviço de internet,Sem serviço de internet,Sem serviço de internet,Um ano,Sim,Cheque eletrônico,33.35,571.81,0
Masculino,1,Sim,Não,56,Sim,Sim,Fibra óptica,Não,Não,Sim,Não,Sim,Não,Mês a mês,Sim,Cheque enviado pelo correio,50.41,2452.57,0
Feminino,0,Não,Sim,53,Sim,Não,DSL,Não,Não,Não,Sim,Não,Não,Dois anos,Sim,Cheque enviado pelo correio,86.46,4254.28,0
Masculino,0,Não,Não,67,Sim,Não,Fibra óptica,Não,Não,Não,Não,Não,Não,Mês a mês,Não,Cheque eletrônico,112.89,7789.49,0
Feminino,0,Sim,Sim,2,Sim,Não,Fibra óptica,Não,Sim,Não,Sim,Sim,Não,Mês a mês,Não,Cheque enviado pelo correio,85.18,166.26,0
Masculino,0,Não,Não,29,Sim,Não,DSL,Sim,Sim,Sim,Não,Sim,Não,Um ano,Não,Transferência bancária,116.11,3672.59,0
Masculino,0,Sim,Sim,57,Sim,Não,Fibra óptica,Sim,Não,Sim,Sim,Não,Não,Dois anos,Sim,Cheque eletrônico,80.28,3974.79,0
Masculino,0,Sim,Não,34,Sim,Não,Fibra óptica,Sim,Sim,Não,Não,Não,Não,Mês a mês,Sim,Cheque enviado pelo correio,114.26,3450.29,0
Masculino,0,Não,Não,2,Sim,Sim,Não,Sem serviço de internet,Sem serviço de internet,Sem serviço de internet,Sem serviço de internet,Sem serviço de internet,Sem serviço de internet,Um ano,Não,Cheque eletrônico,90.41,206.99,1
Feminino,0,Não,Não,31,Sim,Sim,DSL,Não,Não,Não,Não,Sim,Sim,Mês a mês,Sim,Cartão de crédito,52.19,1680.35,1
Masculino,0,Sim,Sim,44,Sim,Sim,Fibra óptica,Sim,Não,Sim,Sim,Sim,Não,Mês a mês,Sim,Transferência bancária,86.05,3906.48,0
Feminino,0,Sim,Sim,56,Sim,Não,DSL,Não,Não,Sim,Não,Não,Sim,Mês a mês,Não,Cheque eletrônico,35.54,2149.63,0
Masculino,0,Sim,Sim,54,Sim,Sim,Fibra óptica,Não,Não,Não,Não,Sim,Não,Mês a mês,Sim,Cheque eletrônico,59.58,3046.39,1
Masculino,0,Sim,Sim,53,Sim,Não,Não,Sem serviço de internet,Sem serviço de internet,Sem serviço de internet,Sem serviço de internet,Sem serviço de internet,Sem serviço de internet,Mês a mês,Não,Cheque enviado pelo correio,52.65,2922.01,0
Masculino,0,Sim,Sim,46,Sim,Não,DSL,Sim,Não,Não,Não,Não,Não,Dois anos,Não,Cheque eletrônico,97.67,4431.72,0
Masculino,0,Sim,Não,54,Não,Sem serviço telefônico,DSL,Não,Não,Não,Não,Sim,Sim,Dois anos,Sim,Cheque enviado pelo correio,103.86,5375.69,0
Feminino,0,Sim,Não,31,Sim,Sim,Fibra óptica,Sim,Sim,Sim,Sim,Não,Não,Mês a mês,Sim,Cheque enviado pelo correio,93.74,2618.71,0
Feminino,0,Não,Não,24,Sim,Sim,Não,Sem serviço de internet,Sem serviço de internet,Sem serviço de internet,Sem serviço de internet,Sem serviço de internet,Sem serviço de internet,Um ano,Não,Cheque enviado pelo correio,101.95,2141.28,0
Feminino,0,Não,Não,25,Sim,Sim,Fibra óptica,Sim,Sim,Não,Não,Não,Sim,Mês a mês,Não,Cheque enviado pelo correio,25.74,549.99,0
Feminino,1,Não,Não,35,Sim,Não,DSL,Não,Não,Sim,Não,Sim,Não,Um ano,Não,Cheque eletrônico,101.69,3347.76,1
Masculino,0,Não,Não,57,Sim,Não,DSL,Não,Sim,Sim,Sim,Não,Sim,Dois anos,Não,Transferência bancária,39.83,1941.4,0
Feminino,0,Sim,Não,72,Sim,Sim,DSL,Não,Sim,Não,Não,Não,Não,Mês a mês,Sim,Transferência bancária,94.17,6320.56,0
Feminino,0,Não,Não,69,Sim,Sim,Não,Sem serviço de internet,Sem serviço de internet,Sem serviço de internet,Sem serviço de internet,Sem serviço de internet,Sem serviço de internet,Mês a mês,Sim,Transferência bancária,66.46,4758.04,0
Masculino,1,Não,Não,28,Não,Sem serviço telefônico,Não,Sem serviço de internet,Sem serviço de internet,Sem serviço de internet,Sem serviço de internet,Sem serviço de internet,Sem serviço de internet,Mês a mês,Sim,Cheque eletrônico,42.67,1070.69,1
Masculino,0,Sim,Não,33,Sim,Sim,Fibra óptica,Não,Sim,Não,Não,Não,Não,Mês a mês,Sim,Cartão de crédito,96.63,3142.22,1
Masculino,0,Sim,Não,53,Sim,Sim,DSL,Sim,Não,Não,Sim,Não,Sim,Mês a mês,Não,Cheque enviado pelo correio,20.53,972.95,0
Masculino,1,Sim,Não,16,Sim,Sim,Fibra óptica,Não,Não,Não,Não,Não,Não,Mês a mês,Não,Cheque eletrônico,117.01,1794.67,0
Feminino,1,Não,Não,26,Sim,Sim,DSL,Não,Não,Não,Sim,Sim,Não,Mês a mês,Sim,Cheque eletrônico,69.39,2002.83,0
Feminino,0,Sim,Não,12,Sim,Sim,DSL,Não,Não,Não,Não,Não,Sim,Mês a mês,Sim,Transferência bancária,60.37,765.37,0
Masculino,0,Não,Não,31,Sim,Não,Fibra óptica,Não,Não,Não,Não,Não,Não,Dois anos,Sim,Cartão de crédito,74.21,2465.31,0
Masculino,1,Sim,Não,27,Sim,Sim,Não,Sem serviço de internet,Sem serviço de internet,Sem serviço de internet,Sem serviço de internet,Sem serviço de internet,Sem serviço de internet,Dois anos,Não,Cheque eletrônico,106.47,2854.04,0
Masculino,0,Sim,Não,36,Sim,Sim,DSL,Não,Não,Sim,Não,Não,Não,Dois anos,Não,Transferência bancária,46.35,1874.86,0
Feminino,0,Não,Não,59,Sim,Sim,DSL,Não,Não,Sim,Sim,Não,Não,Dois anos,Sim,Cheque eletrônico,43.13,2275.84,0
Feminino,0,Não,Sim,3,Sim,Não,DSL,Não,Sim,Sim,Não,Não,Não,Mês a mês,Sim,Transferência bancária,91.02,241.91,1
Masculino,0,Sim,Não,32,Sim,Sim,Fibra óptica,Não,Não,Sim,Sim,Não,Não,Dois anos,Sim,Cheque eletrônico,61.35,1855.87,0
Masculino,0,Não,Não,15,Sim,Sim,DSL,Não,Não,Não,Não,Não,Não,Mês a mês,Sim,Cartão de crédito,67.66,892.7,0
Feminino,0,Sim,Sim,66,Não,Sem serviço telefônico,Fibra óptica,Não,Não,Não,Não,Sim,Não,Mês a mês,Sim,Cheque eletrônico,66.74,4142.68,0
Masculino,1,Não,Não,63,Sim,Não,DSL,Não,Não,Não,Não,Não,Sim,Mês a mês,Sim,Cheque enviado pelo correio,98.4,6323.55,0
Masculino,0,Não,Não,1,Sim,Não,DSL,Não,Não,Não,Não,Não,Não,Um ano,Sim,Cheque enviado pelo correio,40.11,38.96,0
Feminino,0,Não,Não,5,Sim,Não,Fibra óptica,Sim,Sim,Sim,Sim,Sim,Sim,Dois anos,Sim,Transferência bancária,49.07,240.71,0
Masculino,0,Sim,Não,6,Sim,Não,Fibra óptica,Não,Não,Sim,Não,Sim,Não,Mês a mês,Sim,Cheque eletrônico,64.85,349.6,1
Feminino,1,Sim,Não,5,Sim,Não,DSL,Sim,Não,Não,Não,Sim,Sim,Mês a mês,Sim,Cartão de crédito,28.89,142.08,1
Masculino,0,Não,Não,28,Sim,Não,DSL,Não,Sim,Não,Sim,Não,Não,Mês a mês,Sim,Cheque eletrônico,43.1,1359.23,0
Masculino,0,Sim,Não,69,Sim,Não,Não,Sem serviço de internet,Sem serviço de internet,Sem serviço de internet,Sem serviço de internet,Sem serviço de internet,Sem serviço de internet,Mês a mês,Sim,Cheque enviado pelo correio,97.21,5828.08,1
Feminino,0,Não,Não,44,Sim,Não,Fibra óptica,Não,Sim,Sim,Sim,Não,Não,Mês a mês,Sim,Cheque enviado pelo correio,71.3,3308.52,0
Feminino,0,Não,Sim,16,Sim,Sim,Fibra óptica,Não,Não,Não,Sim,Sim,Não,Mês a mês,Não,Cheque eletrônico,79.48,1322.9,1
Masculino,1,Sim,Não,71,Sim,Não,Fibra óptica,Sim,Sim,Não,Sim,Sim,Não,Um ano,Sim,Cartão de crédito,51.55,3995.3,0
Feminino,0,Não,Não,22,Sim,Sim,Fibra óptica,Não,Não,Não,Sim,Não,Não,Um ano,Não,Transferência bancária,78.08,1770.81,0
Masculino,0,Sim,Não,23,Sim,Não,DSL,Não,Não,Não,Sim,Não,Sim,Mês a mês,Sim,Cheque enviado pelo correio,53.84,1200.18,1
Masculino,0,Não,Sim,43,Sim,Não,DSL,Não,Não,Sim,Não,Não,Sim,Mês a mês,Sim,Transferência bancária,45.39,2122.62,0
Feminino,0,Não,Sim,68,Sim,Não,Fibra óptica,Não,Não,Não,Sim,Sim,Não,Mês a mês,Não,Cheque enviado pelo correio,53.67,3495.5,1
Masculino,0,Não,Não,43,Sim,Não,DSL,Não,Não,Não,Não,Não,Sim,Mês a mês,Sim,Transferência bancária,110.59,4402.53,1
Masculino,0,Sim,Não,26,Sim,Sim,DSL,Não,Não,Não,Não,Não,Não,Mês a mês,Não,Cheque eletrônico,76.08,2002.48,0
Feminino,0,Não,Não,41,Sim,Não,DSL,Não,Não,Não,Não,Sim,Não,Um ano,Sim,Cartão de crédito,61.46,2856.91,0
Feminino,0,Não,Não,70,Sim,Não,DSL,Não,Sim,Sim,Não,Não,Sim,Mês a mês,Não,Cheque eletrônico,95.99,6818.75,0
Masculino,0,Sim,Sim,31,Sim,Não,Fibra óptica,Sim,Sim,Não,Sim,Sim,Não,Mês a mês,Sim,Cheque enviado pelo correio,28.61,1018.56,0
Feminino,0,Sim,Não,17,Sim,Não,DSL,Não,Não,Sim,Sim,Não,Não,Mês a mês,Sim,Cartão de crédito,73.85,1370.43,0
Feminino,0,Sim,Não,9,Sim,Não,DSL,Não,Não,Não,Não,Sim,Sim,Dois anos,Sim,Cheque eletrônico,48.03,479.08,1
Feminino,0,Não,Não,55,Sim,Sim,Fibra óptica,Sim,Não,Não,Não,Não,Não,Mês a mês,Não,Cheque eletrônico,53.26,3120.01,1
Feminino,0,Não,Não,6,Sim,Sim,DSL,Não,Não,Sim,Não,Não,Sim,Um ano,Sim,Transferência bancária,72.52,416.34,0
Masculino,0,Não,Não,70,Sim,Sim,DSL,Não,Sim,Sim,Sim,Não,Sim,Um ano,Não,Cartão de crédito,89.88,6261.46,0
Masculino,1,Não,Sim,64,Sim,Sim,Fibra óptica,Não,Sim,Sim,Não,Não,Não,Dois anos,Não,Cartão de crédito,103.64,7054.61,0
Masculino,0,Sim,Não,4,Não,Sem serviço telefônico,Fibra óptica,Não,Não,Não,Não,Não,Não,Mês a mês,Não,Cheque eletrônico,117.79,442.53,1
Feminino,0,Sim,Não,67,Sim,Não,Fibra óptica,Não,Não,Sim,Não,Sim,Sim,Um ano,Sim,Cheque eletrônico,50.09,3712.92,0
Feminino,1,Sim,Não,56,Não,Sem serviço telefônico,DSL,Sim,Não,Não,Sim,Não,Sim,Mês a mês,Sim,Cartão de crédito,50.94,2842.62,0
Feminino,1,Sim,Não,18,Sim,Sim,Fibra óptica,Sim,Não,Sim,Não,Não,Não,Mês a mês,Sim,Cheque eletrônico,117.13,2221.31,1
Feminino,1,Não,Não,32,Sim,Sim,DSL,Sim,Não,Sim,Não,Sim,Não,Dois anos,Sim,Cheque eletrônico,60.0,1917.66,0
Feminino,0,Não,Sim,48,Sim,Sim,DSL,Não,Sim,Sim,Não,Sim,Não,Dois anos,Não,Cheque enviado pelo correio,72.65,3974.37,0
Feminino,0,Não,Não,29,Sim,Sim,DSL,Não,Não,Não,Sim,Não,Não,Mês a mês,Sim,Cheque eletrônico,87.69,2495.61,0
Feminino,0,Sim,Não,32,Sim,Não,Não,Sem serviço de internet,Sem serviço de internet,Sem serviço de internet,Sem serviço de internet,Sem serviço de internet,Sem serviço de internet,Um ano,Não,Cheque eletrônico,99.08,3095.96,0
Masculino,0,Não,Não,25,Sim,Não,Não,Sem serviço de internet,Sem serviço de internet,Sem serviço de internet,Sem serviço de internet,Sem serviço de internet,Sem serviço de internet,Dois anos,Não,Cheque eletrônico,72.96,1896.37,0
Masculino,0,Não,Sim,63,Sim,Sim,DSL,Não,Sim,Não,Sim,Não,Não,Mês a mês,Sim,Cartão de crédito,43.03,2401.17,1
Feminino,1,Não,Não,9,Sim,Não,Fibra óptica,Não,Sim,Não,Não,Não,Não,Dois anos,Sim,Cheque enviado pelo correio,29.26,280.12,0
Feminino,0,Não,Não,71,Sim,Não,Fibra óptica,Não,Sim,Não,Não,Não,Sim,Mês a mês,Sim,Cartão de crédito,95.51,5861.56,1
Feminino,0,Sim,Sim,14,Sim,Sim,Não,Sem serviço de internet,Sem serviço de internet,Sem serviço de internet,Sem serviço de internet,Sem serviço de internet,Sem serviço de internet,Dois anos,Sim,Cheque enviado pelo correio,26.59,419.98,0
Masculino,1,Não,Sim,20,Sim,Não,Fibra óptica,Não,Não,Não,Não,Não,Não,Mês a mês,Sim,Cartão de crédito,37.0,747.54,1
Masculino,0,Não,Não,10,Sim,Não,Não,Sem serviço de internet,Sem serviço de internet,Sem serviço de internet,Sem serviço de internet,Sem serviço de internet,Sem serviço de internet,Mês a mês,Sim,Cheque eletrônico,38.64,362.42,0
Feminino,0,Não,Não,11,Sim,Não,DSL,Não,Não,Sim,Não,Não,Não,Um ano,Sim,Cheque eletrônico,21.49,219.25,1
Feminino,0,Sim,Não,39,Não,Sem serviço telefônico,Fibra óptica,Sim,Sim,Sim,Não,Não,Sim,Dois anos,Sim,Cheque enviado pelo correio,103.02,4296.26,0
Masculino,0,Sim,Sim,19,Sim,Sim,Não,Sem serviço de internet,Sem serviço de internet,Sem serviço de internet,Sem serviço de internet,Sem serviço de internet,Sem serviço de internet,Mês a mês,Não,Cheque eletrônico,99.12,1648.95,0
Masculino,0,Sim,Não,19,Sim,Não,Não,Sem serviço de internet,Sem serviço de internet,Sem serviço de internet,Sem serviço de internet,Sem serviço de internet,Sem serviço de internet,Um ano,Sim,Cheque enviado pelo correio,45.01,964.78,0
Masculino,1,Não,Não,43,Sim,Sim,DSL,Não,Não,Não,Não,Não,Não,Dois anos,Sim,Transferência bancária,96.76,4168.51,0
Masculino,1,Não,Não,61,Sim,Não,Fibra óptica,Não,Não,Não,Sim,Não,Não,Mês a mês,Sim,Cheque eletrônico,55.48,3570.54,0
Feminino,1,Sim,Sim,70,Sim,Não,DSL,Não,Não,Não,Não,Não,Não,Mês a mês,Não,Cheque enviado pelo correio,26.51,1619.03,0
Masculino,0,Não,Não,72,Sim,Sim,DSL,Não,Não,Não,Não,Não,Sim,Mês a mês,Sim,Cartão de crédito,69.49,4619.82,1
Masculino,1,Sim,Sim,65,Sim,Sim,DSL,Não,Sim,Sim,Sim,Sim,Sim,Dois anos,Sim,Transferência bancária,44.97,2489.01,0
Feminino,0,Sim,Sim,23,Sim,Não,DSL,Não,Não,Não,Não,Não,Não,Um ano,Sim,Cheque enviado pelo correio,28.21,587.67,0
Masculino,0,Não,Não,60,Sim,Não,Fibra óptica,Sim,Não,Sim,Não,Não,Não,Dois anos,Não,Transferência bancária,42.37,2583.06,0
Masculino,0,Não,Não,10,Sim,Não,Fibra óptica,Não,Sim,Sim,Sim,Não,Não,Mês a mês,Sim,Cartão de crédito,44.57,445.55,1
Masculino,0,Sim,Não,63,Sim,Sim,Fibra óptica,Não,Não,Não,Sim,Não,Não,Mês a mês,Sim,Cartão de crédito,73.83,5042.27,0
Feminino,0,Sim,Sim,2,Sim,Não,Fibra óptica,Sim,Não,Não,Não,Não,Sim,Um ano,Sim,Cheque eletrônico,78.82,164.36,0
Masculino,0,Não,Não,36,Sim,Sim,DSL,Não,Não,Não,Não,Sim,Sim,Dois anos,Não,Cheque eletrônico,32.91,1263.08,0
Feminino,0,Sim,Não,57,Sim,Sim,Fibra óptica,Sim,Não,Não,Sim,Não,Não,Mês a mês,Não,Cheque eletrônico,95.98,5053.53,1
Feminino,0,Não,Não,66,Sim,Sim,DSL,Sim,Não,Sim,Não,Sim,Sim,Mês a mês,Não,Cartão de crédito,111.49,7382.63,0
Masculino,0,Não,Sim,20,Sim,Não,Fibra óptica,Não,Sim,Não,Não,Não,Sim,Mês a mês,Sim,Cheque enviado pelo correio,41.04,923.51,1
Masculino,0,Sim,Sim,42,Sim,Não,Fibra óptica,Não,Sim,Sim,Não,Sim,Sim,Mês a mês,Sim,Transferência bancária,21.18,886.9,1
Masculino,0,Sim,Sim,21,Sim,Sim,Não,Sem serviço de internet,Sem serviço de internet,Sem serviço de internet,Sem serviço de internet,Sem serviço de internet,Sem serviço de internet,Um ano,Sim,Transferência bancária,101.43,1950.6,0
Masculino,0,Não,Não,66,Sim,Não,Não,Sem serviço de internet,Sem serviço de internet,Sem serviço de internet,Sem serviço de internet,Sem serviço de internet,Sem serviço de internet,Mês a mês,Sim,Transferência bancária,91.61,6207.52,0
Feminino,0,Não,Não,38,Sim,Não,Não,Sem serviço de internet,Sem serviço de internet,Sem serviço de internet,Sem serviço de internet,Sem serviço de internet,Sem serviço de internet,Mês a mês,Não,Cheque eletrônico,46.25,1572.48,0
Masculino,0,Não,Não,69,Sim,Não,DSL,Sim,Não,Não,Não,Sim,Sim,Mês a mês,Sim,Cheque enviado pelo correio,69.43,5035.38,0
Masculino,0,Sim,Não,24,Sim,Não,DSL,Não,Não,Não,Sim,Não,Sim,Mês a mês,Não,Cheque enviado pelo correio,89.81,2126.35,0
Masculino,0,Não,Não,26,Sim,Não,Não,Sem serviço de internet,Sem serviço de internet,Sem serviço de internet,Sem serviço de internet,Sem serviço de internet,Sem serviço de internet,Mês a mês,Não,Transferência bancária,39.73,978.48,1
Feminino,1,Sim,Não,2,Sim,Sim,Fibra óptica,Não,Não,Não,Não,Não,Sim,Dois anos,Sim,Cartão de crédito,46.08,84.95,1
Masculino,0,Não,Não,46,Sim,Não,Não,Sem serviço de internet,Sem serviço de internet,Sem serviço de internet,Sem serviço de internet,Sem serviço de internet,Sem serviço de internet,Um ano,Sim,Cheque eletrônico,83.62,3996.95,0
Masculino,0,Não,Sim,34,Sim,Sim,DSL,Não,Sim,Sim,Não,Sim,Não,Um ano,Não,Cheque eletrônico,62.3,2056.96,0
Feminino,0,Sim,Não,62,Sim,Não,DSL,Sim,Sim,Não,Sim,Não,Não,Mês a mês,Não,Transferência bancária,24.5,1673.25,1
Feminino,0,Não,Não,41,Não,Sem serviço telefônico,DSL,Não,Sim,Não,Não,Não,Sim,Um ano,Sim,Cartão de crédito,71.52,2543.84,0
Masculino,0,Sim,Não,15,Sim,Não,DSL,Não,Não,Sim,Sim,Sim,Não,Um ano,Não,Cheque eletrônico,104.52,1509.26,1
Masculino,0,Não,Sim,55,Sim,Não,Não,Sem serviço de internet,Sem serviço de internet,Sem serviço de internet,Sem serviço de internet,Sem serviço de internet,Sem serviço de internet,Um ano,Não,Cheque enviado pelo correio,52.04,2516.6,0
Masculino,0,Sim,Sim,3,Sim,Sim,Fibra óptica,Sim,Sim,Não,Não,Não,Sim,Dois anos,Não,Cheque enviado pelo correio,49.38,163.53,1
Masculino,1,Não,Não,38,Sim,Sim,DSL,Não,Sim,Não,Sim,Sim,Sim,Mês a mês,Não,Transferência bancária,23.03,830.31,0
Masculino,0,Sim,Sim,51,Sim,Não,Fibra óptica,Não,Não,Sim,Sim,Não,Sim,Mês a mês,Sim,Cheque enviado pelo correio,32.5,1699.76,0
Feminino,0,Não,Não,17,Sim,Sim,DSL,Não,Sim,Sim,Não,Sim,Sim,Um ano,Sim,Transferência bancária,27.48,482.86,0
Feminino,0,Não,Sim,49,Sim,Sim,Fibra óptica,Não,Sim,Não,Não,Não,Não,Dois anos,Sim,Cheque enviado pelo correio,73.5,3947.74,0
Masculino,0,Não,Sim,21,Sim,Não,Não,Sem serviço de internet,Sem serviço de internet,Sem serviço de internet,Sem serviço de internet,Sem serviço de internet,Sem serviço de internet,Um ano,Não,Cheque eletrônico,55.71,1336.11,0
Masculino,1,Não,Sim,24,Não,Sem serviço telefônico,DSL,Não,Sim,Sim,Não,Não,Não,Mês a mês,Sim,Cheque enviado pelo correio,64.31,1443.7,0
Feminino,0,Sim,Sim,40,Sim,Sim,DSL,Não,Sim,Não,Não,Sim,Não,Mês a mês,Sim,Cheque eletrônico,93.86,3709.64,0
Masculino,0,Sim,Sim,20,Não,Sem serviço telefônico,DSL,Sim,Não,Sim,Não,Sim,Sim,Mês a mês,Sim,Cheque eletrônico,117.84,2387.85,1
Masculino,0,Sim,Não,35,Sim,Não,DSL,Não,Não,Não,Não,Não,Não,Um ano,Sim,Transferência bancária,111.87,3596.33,0
Masculino,0,Não,Não,48,Sim,Não,DSL,Não,Não,Não,Não,Não,Não,Mês a mês,Sim,Cheque enviado pelo correio,34.3,1482.11,0
Masculino,1,Sim,Não,33,Sim,Não,Não,Sem serviço de internet,Sem serviço de internet,Sem serviço de internet,Sem serviço de internet,Sem serviço de internet,Sem serviço de internet,Dois anos,Sim,Cartão de crédito,85.74,2412.33,0
Masculino,0,Sim,Sim,56,Não,Sem serviço telefônico,Fibra óptica,Não,Não,Não,Não,Sim,Não,Mês a mês,Não,Cheque eletrônico,59.1,2865.27,1
Feminino,1,Sim,Não,41,Não,Sem serviço telefônico,Fibra óptica,Não,Sim,Sim,Não,Sim,Não,Mês a mês,Sim,Transferência bancária,25.3,1117.76,1
Masculino,1,Não,Não,54,Sim,Não,DSL,Não,Não,Não,Sim,Não,Sim,Um ano,Sim,Transferência bancária,73.84,4250.44,0
Masculino,0,Sim,Sim,44,Sim,Sim,DSL,Não,Sim,Não,Não,Sim,Não,Dois anos,Sim,Cartão de crédito,50.77,1916.59,0
Masculino,0,Sim,Não,72,Não,Sem serviço telefônico,DSL,Não,Não,Não,Não,Não,Não,Mês a mês,Sim,Cheque enviado pelo correio,73.44,5245.35,1
Feminino,0,Sim,Sim,11,Sim,Sim,Não,Sem serviço de internet,Sem serviço de internet,Sem serviço de internet,Sem serviço de internet,Sem serviço de internet,Sem serviço de internet,Mês a mês,Não,Cheque enviado pelo correio,64.7,634.48,1
Feminino,1,Não,Não,14,Sim,Não,Fibra óptica,Não,Não,Sim,Sim,Não,Não,Mês a mês,Sim,Cartão de crédito,47.35,605.74,1
Feminino,0,Não,Sim,42,Sim,Não,DSL,Sim,Não,Sim,Sim,Não,Sim,Um ano,Sim,Cartão de crédito,55.67,2629.39,0
Feminino,0,Sim,Não,12,Sim,Sim,Não,Sem serviço de internet,Sem serviço de internet,Sem serviço de internet,Sem serviço de internet,Sem serviço de internet,Sem serviço de internet,Dois anos,Não,Cheque eletrônico,100.06,1260.42,0
Masculino,0,Não,Não,17,Sim,Não,Não,Sem serviço de internet,Sem serviço de internet,Sem serviço de internet,Sem serviço de internet,Sem serviço de internet,Sem serviço de internet,Um ano,Sim,Cheque eletrônico,106.01,1717.22,1
Feminino,0,Sim,Não,25,Sim,Sim,DSL,Sim,Sim,Não,Não,Sim,Não,Mês a mês,Sim,Cheque enviado pelo correio,48.93,1387.96,0
Masculino,0,Sim,Não,26,Sim,Sim,Fibra óptica,Não,Não,Não,Não,Não,Não,Um ano,Sim,Transferência bancária,80.02,2351.14,0
Masculino,0,Sim,Não,47,Sim,Sim,Não,Sem serviço de internet,Sem serviço de internet,Sem serviço de internet,Sem serviço de internet,Sem serviço de internet,Sem serviço de internet,Mês a mês,Sim,Cartão de crédito,103.22,4713.39,0
Feminino,1,Não,Não,25,Sim,Não,Não,Sem serviço de internet,Sem serviço de internet,Sem serviço de internet,Sem serviço de internet,Sem serviço de internet,Sem serviço de internet,Mês a mês,Sim,Transferência bancária,97.06,2257.12,0
Feminino,0,Não,Não,60,Sim,Não,DSL,Não,Não,Sim,Não,Sim,Sim,Dois anos,Não,Cheque eletrônico,50.95,3466.4,0
Feminino,0,Sim,Não,60,Sim,Não,DSL,Não,Não,Não,Não,Não,Sim,Dois anos,Sim,Cheque eletrônico,31.84,2108.43,0
Feminino,0,Não,Não,27,Não,Sem serviço telefônico,Fibra óptica,Não,Não,Não,Sim,Sim,Não,Dois anos,Sim,Cheque enviado pelo correio,80.14,2106.78,0
Feminino,0,Sim,Não,43,Sim,Sim,DSL,Não,Não,Sim,Não,Não,Não,Um ano,Sim,Transferência bancária,24.79,1021.87,0
Masculino,0,Não,Sim,20,Sim,Não,DSL,Não,Não,Sim,Não,Não,Sim,Mês a mês,Sim,Cheque enviado pelo correio,100.11,2088.62,1
Feminino,0,Não,Não,63,Sim,Sim,Fibra óptica,Não,Sim,Não,Sim,Sim,Sim,Mês a mês,Não,Cheque enviado pelo correio,64.26,4458.57,0
Feminino,0,Não,Sim,25,Sim,Sim,Não,Sem serviço de internet,Sem serviço de internet,Sem serviço de internet,Sem serviço de internet,Sem serviço de internet,Sem serviço de internet,Mês a mês,Sim,Cheque eletrônico,89.91,1986.05,1
Feminino,1,Não,Não,27,Sim,Não,DSL,Não,Não,Sim,Não,Sim,Não,Dois anos,Sim,Transferência bancária,35.75,991.12,0
Masculino,0,Não,Sim,52,Sim,Não,DSL,Não,Sim,Não,Não,Sim,Sim,Mês a mês,Sim,Transferência bancária,34.82,1720.69,1
Feminino,0,Não,Não,10,Sim,Não,Fibra óptica,Sim,Não,Sim,Não,Não,Sim,Mês a mês,Não,Cartão de crédito,38.8,370.71,1
Masculino,0,Não,Sim,50,Sim,Sim,Fibra óptica,Não,Não,Não,Sim,Sim,Não,Mês a mês,Sim,Transferência bancária,95.29,4883.23,1
Feminino,0,Sim,Sim,30,Sim,Não,Fibra óptica,Não,Não,Sim,Não,Sim,Sim,Mês a mês,Não,Cheque enviado pelo correio,45.49,1546.68,0
Feminino,1,Sim,Sim,1,Sim,Sim,DSL,Não,Não,Não,Sim,Não,Não,Mês a mês,Sim,Cartão de crédito,112.56,116.4,1
Masculino,0,Sim,Não,54,Sim,Sim,Fibra óptica,Não,Sim,Sim,Sim,Não,Não,Um ano,Sim,Cheque eletrônico,25.11,1357.23,1
Feminino,0,Não,Sim,4,Sim,Não,Fibra óptica,Sim,Sim,Não,Não,Não,Não,Dois anos,Sim,Cheque eletrônico,81.94,344.03,0
Masculino,0,Sim,Não,7,Sim,Sim,Não,Sem serviço de internet,Sem serviço de internet,Sem serviço de internet,Sem serviço de internet,Sem serviço de internet,Sem serviço de internet,Um ano,Não,Transferência bancária,97.72,626.04,0
Masculino,0,Não,Não,30,Sim,Sim,Fibra óptica,Não,Sim,Não,Não,Não,Sim,Mês a mês,Não,Cheque enviado pelo correio,73.0,2254.09,1
Masculino,0,Não,Não,65,Sim,Sim,Não,Sem serviço de internet,Sem serviço de internet,Sem serviço de internet,Sem serviço de internet,Sem serviço de internet,Sem serviço de internet,Mês a mês,Não,Transferência bancária,18.84,1119.07,0
Feminino,0,Não,Sim,29,Sim,Sim,Fibra óptica,Não,Não,Não,Sim,Sim,Não,Um ano,Não,Cartão de crédito,110.99,3219.72,0
Feminino,0,Sim,Não,25,Sim,Sim,Não,Sem serviço de internet,Sem serviço de internet,Sem serviço de internet,Sem serviço de internet,Sem serviço de internet,Sem serviço de internet,Dois anos,Sim,Cartão de crédito,80.22,2074.61,0
Feminino,0,Não,Não,40,Sim,Não,Fibra óptica,Não,Não,Sim,Não,Não,Sim,Um ano,Sim,Cartão de crédito,114.62,4473.93,0
Masculino,0,Sim,Sim,26,Sim,Não,Fibra óptica,Não,Não,Não,Não,Não,Não,Mês a mês,Não,Cheque enviado pelo correio,42.06,1135.48,0
Feminino,0,Não,Não,17,Sim,Não,Não,Sem serviço de internet,Sem serviço de internet,Sem serviço de internet,Sem serviço de internet,Sem serviço de internet,Sem serviço de internet,Mês a mês,Sim,Transferência bancária,60.97,1154.88,1
Masculino,0,Não,Não,31,Sim,Sim,Fibra óptica,Não,Não,Não,Não,Não,Não,Um ano,Não,Transferência bancária,53.46,1431.22,0
Feminino,0,Sim,Não,61,Sim,Não,Fibra óptica,Sim,Não,Sim,Não,Sim,Não,Um ano,Não,Cheque eletrônico,95.24,6427.23,0
Masculino,0,Não,Sim,8,Sim,Não,DSL,Sim,Sim,Não,Não,Não,Não,Mês a mês,Sim,Cheque enviado pelo correio,66.73,543.78,1
Masculino,0,Sim,Não,69,Sim,Sim,Fibra óptica,Não,Não,Não,Sim,Não,Sim,Um ano,Não,Cheque enviado pelo correio,49.31,3620.66,0
Masculino,0,Não,Não,1,Sim,Não,Fibra óptica,Não,Não,Não,Sim,Não,Sim,Dois anos,Não,Transferência bancária,33.45,36.42,0
Feminino,0,Sim,Sim,71,Sim,Sim,Fibra óptica,Não,Não,Não,Sim,Sim,Sim,Mês a mês,Sim,Transferência bancária,64.26,4086.97,0
Masculino,0,Não,Não,46,Sim,Não,Não,Sem serviço de internet,Sem serviço de internet,Sem serviço de internet,Sem serviço de internet,Sem serviço de internet,Sem serviço de internet,Um ano,Não,Cartão de crédito,110.53,4402.44,0
Masculino,0,Sim,Não,20,Sim,Não,Fibra óptica,Sim,Não,Não,Não,Não,Sim,Mês a mês,Sim,Cheque eletrônico,70.86,1431.77,1
Masculino,0,Não,Não,40,Sim,Não,Fibra óptica,Não,Não,Não,Não,Sim,Não,Um ano,Sim,Transferência bancária,25.08,981.67,0
Masculino,0,Sim,Não,2,Sim,Não,Fibra óptica,Sim,Não,Não,Não,Não,Sim,Um ano,Sim,Transferência bancária,92.01,187.62,0
Masculino,1,Sim,Não,61,Não,Sem serviço telefônico,Fibra óptica,Não,Não,Sim,Não,Sim,Não,Dois anos,Sim,Cheque eletrônico,90.78,6045.06,0
Masculino,0,Não,Não,71,Sim,Sim,Fibra óptica,Não,Sim,Não,Sim,Sim,Sim,Mês a mês,Sim,Transferência bancária,21.79,1504.02,0
Feminino,0,Sim,Não,30,Sim,Sim,DSL,Não,Sim,Não,Não,Não,Não,Mês a mês,Sim,Transferência bancária,80.03,2533.5,1
Feminino,0,Não,Não,30,Sim,Não,Não,Sem serviço de internet,Sem serviço de internet,Sem serviço de internet,Sem serviço de internet,Sem serviço de internet,Sem serviço de internet,Mês a mês,Sim,Cheque eletrônico,111.94,3281.08,1
Masculino,0,Sim,Não,45,Sim,Não,Fibra óptica,Não,Não,Não,Não,Sim,Sim,Um ano,Não,Cartão de crédito,101.52,4910.96,0
Feminino,0,Sim,Não,24,Sim,Sim,DSL,Sim,Sim,Não,Não,Não,Sim,Mês a mês,Sim,Cheque enviado pelo correio,113.08,3073.59,0
Feminino,0,Não,Não,56,Sim,Não,DSL,Não,Não,Não,Não,Não,Não,Mês a mês,Não,Cheque eletrônico,30.05,1548.33,0
Masculino,0,Não,Não,61,Sim,Sim,Fibra óptica,Sim,Não,Sim,Não,Não,Não,Dois anos,Não,Cheque enviado pelo correio,39.09,2074.27,0
Masculino,1,Não,Não,13,Sim,Não,Fibra óptica,Não,Não,Não,Não,Sim,Não,Mês a mês,Sim,Cheque enviado pelo correio,39.4,509.1,1
Masculino,0,Não,Não,56,Sim,Não,Fibra óptica,Não,Sim,Não,Sim,Não,Não,Mês a mês,Sim,Cheque eletrônico,109.36,5989.6,0
Feminino,0,Sim,Não,15,Sim,Não,Não,Sem serviço de internet,Sem serviço de internet,Sem serviço de internet,Sem serviço de internet,Sem serviço de internet,Sem serviço de internet,Mês a mês,Não,Cheque eletrônico,52.4,723.6,1
Masculino,0,Sim,Sim,11,Sim,Sim,DSL,Não,Não,Não,Não,Sim,Sim,Um ano,Não,Transferência bancária,57.94,671.66,0
Feminino,0,Sim,Não,12,Não,Sem serviço telefônico,Fibra óptica,Não,Não,Sim,Sim,Não,Sim,Mês a mês,Sim,Cheque eletrônico,105.26,1097.27,1
Masculino,0,Não,Não,3,Sim,Sim,Não,Sem serviço de internet,Sem serviço de internet,Sem serviço de internet,Sem serviço de internet,Sem serviço de internet,Sem serviço de internet,Mês a mês,Sim,Transferência bancária,81.1,251.8,0
Feminino,0,Não,Não,24,Sim,Não,Não,Sem serviço de internet,Sem serviço de internet,Sem serviço de internet,Sem serviço de internet,Sem serviço de internet,Sem serviço de internet,Mês a mês,Sim,Cheque eletrônico,57.24,1201.12,0
Masculino,0,Sim,Sim,9,Sim,Sim,Fibra óptica,Sim,Não,Sim,Sim,Não,Sim,Mês a mês,Sim,Cheque eletrônico,25.29,254.5,1
Masculino,0,Sim,Não,46,Sim,Não,DSL,Não,Não,Não,Não,Sim,Não,Um ano,Não,Transferência bancária,22.0,1033.66,0
Feminino,0,Sim,Não,71,Sim,Não,Fibra óptica,Não,Não,Sim,Não,Não,Não,Dois anos,Não,Cheque eletrônico,49.23,3559.6,0
Feminino,1,Não,Sim,60,Sim,Sim,Fibra óptica,Sim,Não,Não,Não,Sim,Não,Mês a mês,Não,Cartão de crédito,47.33,3074.37,1
Feminino,0,Não,Não,11,Sim,Sim,Não,Sem serviço de internet,Sem serviço de internet,Sem serviço de internet,Sem serviço de internet,Sem serviço de internet,Sem serviço de internet,Um ano,Sim,Cheque eletrônico,84.2,994.39,0
Feminino,1,Sim,Não,10,Sim,Não,DSL,Não,Não,Não,Não,Sim,Não,Mês a mês,Não,Cheque eletrônico,62.64,535.36,1
Feminino,0,Não,Não,3,Sim,Sim,Fibra óptica,Não,Não,Não,Não,Sim,Sim,Mês a mês,Não,Transferência bancária,86.23,289.11,1
Feminino,0,Sim,Não,19,Sim,Sim,Fibra óptica,Não,Não,Não,Não,Não,Sim,Mês a mês,Não,Cheque eletrônico,51.21,995.35,1
Masculino,0,Não,Não,2,Sim,Não,DSL,Sim,Sim,Não,Sim,Não,Sim,Mês a mês,Sim,Cheque enviado pelo correio,109.69,241.5,1
Feminino,0,Não,Não,17,Sim,Não,DSL,Não,Não,Não,Não,Não,Não,Dois anos,Sim,Cheque eletrônico,27.52,500.06,0
Masculino,1,Sim,Não,2,Sim,Não,Fibra óptica,Não,Sim,Não,Não,Não,Sim,Mês a mês,Sim,Cheque eletrônico,67.94,116.78,1
Masculino,0,Não,Sim,53,Sim,Sim,Fibra óptica,Não,Não,Não,Sim,Não,Não,Mês a mês,Não,Cheque eletrônico,109.2,5129.64,1
Feminino,1,Não,Sim,16,Sim,Não,DSL,Sim,Sim,Sim,Não,Não,Não,Um ano,Não,Cartão de crédito,86.36,1249.35,0
Masculino,0,Sim,Não,10,Sim,Não,DSL,Não,Não,Não,Sim,Sim,Sim,Mês a mês,Sim,Transferência bancária,25.52,243.72,0
Feminino,0,Não,Não,68,Sim,Sim,Fibra óptica,Não,Não,Não,Não,Sim,Sim,Dois anos,Sim,Cartão de crédito,103.69,6888.03,0
Feminino,0,Sim,Não,43,Sim,Não,Fibra óptica,Não,Não,Não,Sim,Não,Sim,Mês a mês,Sim,Cartão de crédito,41.46,1907.46,0
Masculino,0,Não,Não,58,Sim,Não,Não,Sem serviço de internet,Sem serviço de internet,Sem serviço de internet,Sem serviço de internet,Sem serviço de internet,Sem serviço de internet,Um ano,Não,Cheque enviado pelo correio,69.3,3863.45,0
Masculino,0,Sim,Sim,60,Sim,Sim,Fibra óptica,Sim,Não,Não,Não,Não,Não,Dois anos,Não,Cartão de crédito,48.07,3169.57,0
Feminino,0,Sim,Não,24,Sim,Sim,Fibra óptica,Sim,Sim,Não,Não,Não,Não,Dois anos,Não,Cheque eletrônico,59.54,1422.36,1
Feminino,0,Não,Sim,16,Sim,Não,DSL,Sim,Não,Sim,Não,Não,Não,Um ano,Não,Cheque eletrônico,112.68,1720.34,0
Masculino,0,Não,Não,9,Não,Sem serviço telefônico,Fibra óptica,Sim,Não,Sim,Não,Não,Sim,Mês a mês,Sim,Cheque enviado pelo correio,32.27,317.56,1
Masculino,1,Sim,Sim,6,Sim,Não,DSL,Sim,Não,Não,Não,Não,Sim,Mês a mês,Sim,Cheque eletrônico,43.13,231.33,1
Masculino,0,Não,Não,65,Sim,Não,DSL,Não,Sim,Não,Não,Sim,Sim,Mês a mês,Sim,Cartão de crédito,51.39,3432.01,1
Masculino,1,Sim,Sim,24,Sim,Não,Fibra óptica,Não,Sim,Não,Sim,Sim,Não,Mês a mês,Não,Cheque enviado pelo correio,84.46,1739.32,1
Feminino,0,Sim,Não,10,Sim,Sim,Fibra óptica,Não,Sim,Não,Não,Sim,Não,Dois anos,Sim,Cartão de crédito,94.44,1013.73,0
Feminino,0,Não,Não,27,Sim,Não,Fibra óptica,Não,Não,Não,Não,Sim,Não,Mês a mês,Não,Cheque eletrônico,72.01,2008.6,1
Feminino,1,Sim,Sim,3,Sim,Sim,DSL,Não,Não,Não,Não,Não,Sim,Um ano,Sim,Transferência bancária,77.59,255.19,0
Feminino,0,Sim,Sim,38,Sim,Sim,DSL,Sim,Não,Sim,Sim,Não,Não,Dois anos,Sim,Cheque eletrônico,64.77,2289.49,0
Masculino,1,Não,Sim,17,Não,Sem serviço telefônico,DSL,Sim,Não,Não,Não,Sim,Sim,Mês a mês,Sim,Cheque enviado pelo correio,47.49,875.9,1
Masculino,0,Sim,Não,48,Não,Sem serviço telefônico,DSL,Sim,Não,Não,Sim,Não,Sim,Mês a mês,Sim,Cartão de crédito,76.25,3438.3,0
Feminino,0,Não,Não,49,Sim,Sim,Fibra óptica,Não,Sim,Sim,Não,Não,Não,Mês a mês,Não,Cheque eletrônico,50.42,2364.77,1
Feminino,0,Sim,Não,43,Sim,Sim,Não,Sem serviço de internet,Sem serviço de internet,Sem serviço de internet,Sem serviço de internet,Sem serviço de internet,Sem serviço de internet,Mês a mês,Não,Cheque enviado pelo correio,62.03,3021.02,1
Feminino,0,Não,Sim,7,Sim,Sim,DSL,Sim,Não,Não,Não,Sim,Não,Dois anos,Sim,Cheque enviado pelo correio,107.49,742.92,1
Feminino,0,Sim,Não,68,Sim,Não,DSL,Sim,Não,Não,Sim,Não,Não,Um ano,Sim,Transferência bancária,109.71,7510.73,0
Feminino,0,Sim,Não,21,Sim,Não,Fibra óptica,Não,Não,Sim,Sim,Sim,Não,Dois anos,Sim,Cartão de crédito,47.33,1124.0,0
Feminino,0,Não,Não,25,Sim,Sim,Fibra óptica,Não,Sim,Sim,Não,Não,Sim,Dois anos,Não,Cheque eletrônico,59.49,1687.27,0
Feminino,1,Não,Não,61,Não,Sem serviço telefônico,Não,Sem serviço de internet,Sem serviço de internet,Sem serviço de internet,Sem serviço de internet,Sem serviço de internet,Sem serviço de internet,Dois anos,Não,Cheque enviado pelo correio,103.8,6033.41,0
Feminino,0,Não,Sim,28,Sim,Sim,DSL,Não,Não,Não,Não,Sim,Sim,Mês a mês,Não,Cheque eletrônico,111.8,3093.07,0
Feminino,0,Sim,Não,52,Sim,Não,DSL,Sim,Sim,Não,Sim,Sim,Não,Mês a mês,Sim,Cheque eletrônico,117.93,6189.12,0
Masculino,0,Não,Não,13,Sim,Sim,Fibra óptica,Não,Não,Não,Não,Não,Não,Um ano,Sim,Cheque enviado pelo correio,58.82,720.7,0
Feminino,0,Sim,Não,34,Sim,Sim,Fibra óptica,Não,Não,Não,Não,Sim,Sim,Um ano,Sim,Cheque eletrônico,59.61,2136.24,1
Masculino,1,Não,Sim,67,Sim,Não,Não,Sem serviço de internet,Sem serviço de internet,Sem serviço de internet,Sem serviço de internet,Sem serviço de internet,Sem serviço de internet,Mês a mês,Não,Cheque eletrônico,73.92,4593.88,0
Masculino,0,Não,Não,4,Sim,Não,Não,Sem serviço de internet,Sem serviço de internet,Sem serviço de internet,Sem serviço de internet,Sem serviço de internet,Sem serviço de internet,Mês a mês,Não,Cheque eletrônico,34.12,122.47,1
Feminino,0,Sim,Não,44,Sim,Não,DSL,Não,Sim,Não,Não,Sim,Não,Mês a mês,Não,Cheque enviado pelo correio,87.81,4364.94,0
Feminino,0,Não,Não,15,Sim,Não,DSL,Sim,Sim,Não,Sim,Não,Não,Dois anos,Sim,Cheque eletrônico,97.99,1254.54,0
Masculino,0,Sim,Não,8,Sim,Não,Não,Sem serviço de internet,Sem serviço de internet,Sem serviço de internet,Sem serviço de internet,Sem serviço de internet,Sem serviço de internet,Um ano,Não,Cheque enviado pelo correio,100.32,830.56,0
Masculino,1,Não,Não,5,Sim,Não,Não,Sem serviço de internet,Sem serviço de internet,Sem serviço de internet,Sem serviço de internet,Sem serviço de internet,Sem serviço de internet,Mês a mês,Não,Cartão de crédito,18.67,98.78,0
Feminino,0,Não,Não,66,Sim,Sim,Não,Sem serviço de internet,Sem serviço de internet,Sem serviço de internet,Sem serviço de internet,Sem serviço de internet,Sem serviço de internet,Mês a mês,Não,Cartão de crédito,115.96,8220.77,1
Masculino,1,Sim,Sim,46,Sim,Não,Não,Sem serviço de internet,Sem serviço de internet,Sem serviço de internet,Sem serviço de internet,Sem serviço de internet,Sem serviço de internet,Dois anos,Sim,Cheque enviado pelo correio,76.56,3536.17,0
Feminino,0,Não,Não,65,Sim,Sim,DSL,Não,Não,Não,Não,Não,Não,Mês a mês,Não,Cartão de crédito,18.92,1137.09,0
Feminino,1,Sim,Sim,66,Sim,Sim,DSL,Não,Não,Sim,Sim,Sim,Sim,Um ano,Sim,Transferência bancária,84.63,6094.35,0
Feminino,0,Não,Sim,26,Sim,Não,Fibra óptica,Sim,Não,Sim,Sim,Sim,Não,Dois anos,Sim,Cheque eletrônico,47.85,1088.9,0
Masculino,1,Sim,Não,31,Sim,Não,DSL,Sim,Não,Não,Sim,Não,Sim,Mês a mês,Sim,Transferência bancária,40.67,1433.25,0
Masculino,1,Não,Não,51,Sim,Sim,DSL,Sim,Não,Sim,Não,Não,Sim,Mês a mês,Não,Transferência bancária,117.44,5654.89,0
Feminino,1,Sim,Não,41,Sim,Não,Fibra óptica,Não,Não,Não,Não,Não,Não,Mês a mês,Sim,Cartão de crédito,20.82,744.09,0
Masculino,0,Sim,Sim,51,Sim,Sim,Fibra óptica,Não,Não,Não,Sim,Sim,Não,Mês a mês,Sim,Cheque enviado pelo correio,104.97,4714.19,1
Masculino,0,Não,Não,19,Sim,Sim,Fibra óptica,Não,Não,Não,Não,Não,Sim,Mês a mês,Não,Transferência bancária,112.57,2453.54,1
Masculino,0,Sim,Sim,3,Sim,Não,DSL,Não,Sim,Não,Não,Não,Sim,Um ano,Sim,Cheque enviado pelo correio,54.61,169.15,1
Masculino,0,Sim,Não,38,Sim,Não,Fibra óptica,Não,Sim,Sim,Não,Não,Não,Um ano,Sim,Cheque eletrônico,64.61,2536.38,0
Masculino,0,Não,Não,70,Sim,Não,DSL,Não,Não,Não,Não,Não,Sim,Dois anos,Não,Transferência bancária,81.98,6296.07,0
Masculino,0,Não,Não,45,Sim,Não,Não,Sem serviço de internet,Sem serviço de internet,Sem serviço de internet,Sem serviço de internet,Sem serviço de internet,Sem serviço de internet,Mês a mês,Sim,Cartão de crédito,20.32,911.87,1
Masculino,0,Não,Não,71,Sim,Sim,Não,Sem serviço de internet,Sem serviço de internet,Sem serviço de internet,Sem serviço de internet,Sem serviço de internet,Sem serviço de internet,Mês a mês,Não,Cheque eletrônico,83.4,5479.68,0
Feminino,0,Sim,Não,41,Sim,Sim,Fibra óptica,Não,Sim,Sim,Não,Não,Não,Mês a mês,Não,Cheque eletrônico,29.39,1078.45,1
Masculino,0,Não,Não,25,Não,Sem serviço telefônico,DSL,Não,Sim,Sim,Não,Não,Não,Um ano,Não,Cheque enviado pelo correio,19.09,424.15,1
Masculino,0,Sim,Sim,50,Sim,Sim,Não,Sem serviço de internet,Sem serviço de internet,Sem serviço de internet,Sem serviço de internet,Sem serviço de internet,Sem serviço de internet,Dois anos,Sim,Cartão de crédito,24.05,1308.59,0
Masculino,0,Não,Não,1,Sim,Não,Não,Sem serviço de internet,Sem serviço de internet,Sem serviço de internet,Sem serviço de internet,Sem serviço de internet,Sem serviço de internet,Mês a mês,Sim,Transferência bancária,39.86,44.3,1
Masculino,0,Não,Não,54,Não,Sem serviço telefônico,Fibra óptica,Não,Sim,Sim,Não,Sim,Sim,Mês a mês,Sim,Cheque enviado pelo correio,58.51,3478.21,0
Masculino,0,Não,Não,13,Sim,Não,Fibra óptica,Não,Não,Não,Sim,Não,Não,Um ano,Sim,Cartão de crédito,106.17,1574.19,1
Masculino,0,Sim,Não,40,Sim,Sim,DSL,Não,Não,Não,Não,Sim,Não,Mês a mês,Sim,Cheque eletrônico,63.23,2812.49,1
Masculino,1,Não,Não,21,Sim,Sim,Fibra óptica,Não,Sim,Não,Não,Sim,Não,Mês a mês,Não,Cartão de crédito,56.93,1163.74,0
Masculino,1,Não,Não,41,Sim,Não,Não,Sem serviço de internet,Sem serviço de internet,Sem serviço de internet,Sem serviço de internet,Sem serviço de internet,Sem serviço de internet,Um ano,Sim,Cartão de crédito,38.62,1424.11,0
Feminino,1,Não,Sim,61,Sim,Não,Fibra óptica,Sim,Sim,Sim,Não,Sim,Sim,Dois anos,Sim,Cartão de crédito,117.85,7805.07,0
Masculino,1,Sim,Não,33,Sim,Não,DSL,Sim,Sim,Não,Sim,Não,Sim,Um ano,Não,Cheque eletrônico,84.67,2800.2,1
Masculino,0,Não,Não,29,Sim,Sim,Fibra óptica,Não,Não,Sim,Sim,Sim,Sim,Um ano,Sim,Cheque enviado pelo correio,63.25,1752.65,1
Masculino,0,Não,Não,55,Sim,Sim,Fibra óptica,Não,Não,Não,Não,Sim,Não,Um ano,Sim,Cheque enviado pelo correio,50.27,2369.16,0
Masculino,0,Sim,Sim,32,Sim,Não,DSL,Não,Sim,Não,Não,Não,Não,Mês a mês,Sim,Cheque eletrônico,65.43,2279.81,1
Feminino,0,Sim,Sim,11,Sim,Sim,DSL,Sim,Não,Sim,Não,Não,Não,Um ano,Não,Cheque eletrônico,93.54,1144.95,0
Feminino,0,Sim,Não,52,Não,Sem serviço telefônico,Fibra óptica,Não,Não,Sim,Não,Não,Sim,Mês a mês,Sim,Cheque eletrônico,50.5,2679.74,0
Feminino,0,Sim,Não,36,Sim,Sim,Fibra óptica,Não,Não,Sim,Não,Não,Não,Um ano,Não,Transferência bancária,45.45,1859.25,0
Feminino,0,Sim,Não,31,Sim,Sim,Não,Sem serviço de internet,Sem serviço de internet,Sem serviço de internet,Sem serviço de internet,Sem serviço de internet,Sem serviço de internet,Dois anos,Sim,Cartão de crédito,40.51,1083.85,0
Feminino,0,Sim,Não,14,Sim,Sim,Fibra óptica,Não,Não,Não,Não,Sim,Não,Mês a mês,Não,Cheque eletrônico,55.96,684.13,1
Feminino,0,Não,Não,63,Sim,Não,DSL,Não,Sim,Não,Não,Não,Sim,Mês a mês,Sim,Transferência bancária,21.08,1176.62,0
Feminino,0,Não,Não,52,Sim,Não,Fibra óptica,Sim,Não,Sim,Não,Sim,Sim,Um ano,Sim,Cheque eletrônico,92.59,4620.81,0
Feminino,0,Sim,Sim,54,Sim,Não,Fibra óptica,Não,Não,Sim,Não,Não,Sim,Mês a mês,Sim,Transferência bancária,113.41,5854.99,0
Feminino,0,Não,Não,50,Sim,Não,Fibra óptica,Não,Sim,Não,Não,Não,Sim,Um ano,Não,Cheque enviado pelo correio,108.53,5619.38,0
Feminino,0,Não,Não,54,Não,Sem serviço telefônico,DSL,Sim,Não,Não,Não,Não,Sim,Mês a mês,Não,Cheque eletrônico,94.65,5648.77,0
Feminino,0,Sim,Não,35,Sim,Sim,Não,Sem serviço de internet,Sem serviço de internet,Sem serviço de internet,Sem serviço de internet,Sem serviço de internet,Sem serviço de internet,Um ano,Não,Cheque enviado pelo correio,87.76,2699.89,0
Feminino,1,Sim,Não,30,Sim,Sim,Fibra óptica,Não,Sim,Não,Sim,Não,Sim,Mês a mês,Sim,Cartão de crédito,47.92,1445.5,1
Feminino,0,Não,Não,55,Sim,Não,Não,Sem serviço de internet,Sem serviço de internet,Sem serviço de internet,Sem serviço de internet,Sem serviço de internet,Sem serviço de internet,Mês a mês,Não,Cheque eletrônico,28.83,1380.72,0
Feminino,0,Não,Não,1,Sim,Não,DSL,Não,Não,Não,Sim,Não,Não,Mês a mês,Sim,Cheque enviado pelo correio,62.24,55.19,1
Feminino,0,Não,Não,15,Sim,Não,Fibra óptica,Não,Não,Sim,Não,Sim,Sim,Mês a mês,Não,Cheque eletrônico,102.38,1658.13,0
Feminino,0,Não,Não,25,Sim,Não,Fibra óptica,Não,Sim,Não,Não,Não,Não,Mês a mês,Não,Cartão de crédito,72.2,1833.23,0
Masculino,0,Sim,Não,20,Sim,Sim,Não,Sem serviço de internet,Sem serviço de internet,Sem serviço de internet,Sem serviço de internet,Sem serviço de internet,Sem serviço de internet,Mês a mês,Sim,Cartão de crédito,89.13,1671.42,1
Feminino,0,Não,Sim,71,Sim,Sim,Fibra óptica,Não,Sim,Não,Sim,Não,Não,Mês a mês,Sim,Transferência bancária,110.0,7375.54,1
Masculino,0,Sim,Sim,16,Sim,Não,Não,Sem serviço de internet,Sem serviço de internet,Sem serviço de internet,Sem serviço de internet,Sem serviço de internet,Sem serviço de internet,Um ano,Sim,Transferência bancária,86.11,1381.95,0
Feminino,1,Sim,Não,52,Sim,Sim,Fibra óptica,Sim,Não,Não,Sim,Não,Não,Mês a mês,Sim,Cheque enviado pelo correio,24.83,1263.31,0
Feminino,1,Sim,Não,65,Sim,Sim,Não,Sem serviço de internet,Sem serviço de internet,Sem serviço de internet,Sem serviço de internet,Sem serviço de internet,Sem serviço de internet,Mês a mês,Não,Cartão de crédito,27.31,1554.53,0
Masculino,0,Sim,Sim,70,Sim,Sim,DSL,Não,Não,Não,Não,Não,Não,Mês a mês,Sim,Cartão de crédito,26.1,1751.25,1
Feminino,0,Não,Sim,1,Não,Sem serviço telefônico,Não,Sem serviço de internet,Sem serviço de internet,Sem serviço de internet,Sem serviço de internet,Sem serviço de internet,Sem serviço de internet,Um ano,Sim,Cartão de crédito,53.77,54.92,0
Masculino,0,Não,Não,16,Não,Sem serviço telefônico,DSL,Não,Sim,Não,Não,Não,Não,Mês a mês,Sim,Cartão de crédito,46.76,827.01,1
Masculino,0,Não,Não,27,Não,Sem serviço telefônico,Fibra óptica,Sim,Sim,Não,Sim,Sim,Não,Dois anos,Sim,Cheque eletrônico,28.97,739.33,0
Masculino,0,Sim,Não,18,Sim,Sim,Fibra óptica,Sim,Não,Não,Não,Sim,Não,Mês a mês,Não,Cartão de crédito,57.18,945.99,1
Feminino,0,Não,Sim,44,Sim,Sim,Fibra óptica,Não,Sim,Sim,Não,Não,Não,Dois anos,Não,Transferência bancária,37.37,1551.43,0
Feminino,0,Não,Sim,50,Não,Sem serviço telefônico,Fibra óptica,Não,Sim,Não,Sim,Sim,Sim,Mês a mês,Sim,Cheque enviado pelo correio,56.57,2760.69,0
Feminino,1,Sim,Não,14,Não,Sem serviço telefônico,DSL,Não,Não,Não,Sim,Não,Não,Mês a mês,Sim,Cheque enviado pelo correio,62.44,897.93,1
Masculino,0,Não,Não,52,Sim,Sim,Fibra óptica,Não,Sim,Sim,Não,Não,Não,Mês a mês,Sim,Cheque eletrônico,18.5,1061.99,1
Masculino,0,Não,Não,50,Sim,Sim,Fibra óptica,Sim,Não,Não,Não,Não,Sim,Mês a mês,Não,Cheque eletrônico,87.7,3927.44,0
Feminino,0,Sim,Não,17,Sim,Sim,DSL,Não,Não,Não,Não,Sim,Não,Um ano,Não,Cheque enviado pelo correio,55.17,1000.38,0
Feminino,1,Não,Não,3,Não,Sem serviço telefônico,Fibra óptica,Não,Não,Não,Sim,Sim,Não,Mês a mês,Não,Transferência bancária,95.73,311.02,1
Feminino,0,Não,Não,62,Sim,Sim,Fibra óptica,Sim,Não,Não,Não,Não,Não,Dois anos,Não,Transferência bancária,29.46,1917.82,0
Feminino,0,Não,Sim,21,Sim,Não,Fibra óptica,Sim,Não,Não,Não,Não,Não,Mês a mês,Sim,Cheque enviado pelo correio,47.06,1107.19,1
Feminino,0,Não,Não,33,Sim,Não,Não,Sem serviço de internet,Sem serviço de internet,Sem serviço de internet,Sem serviço de internet,Sem serviço de internet,Sem serviço de internet,Mês a mês,Sim,Cartão de crédito,44.94,1645.87,0
Masculino,0,Sim,Sim,1,Sim,Não,Fibra óptica,Não,Não,Não,Não,Sim,Não,Mês a mês,Sim,Cartão de crédito,19.0,21.45,1
Masculino,1,Não,Não,70,Sim,Não,Não,Sem serviço de internet,Sem serviço de internet,Sem serviço de internet,Sem serviço de internet,Sem serviço de internet,Sem serviço de internet,Mês a mês,Sim,Cheque eletrônico,65.96,4782.14,1
Masculino,0,Não,Sim,56,Sim,Sim,Fibra óptica,Sim,Não,Não,Sim,Sim,Não,Mês a mês,Não,Transferência bancária,114.37,5462.21,0
Feminino,0,Sim,Sim,4,Sim,Não,Fibra óptica,Não,Não,Sim,Não,Sim,Sim,Dois anos,Não,Cheque eletrônico,19.38,85.89,0
Masculino,0,Sim,Não,22,Sim,Não,Não,Sem serviço de internet,Sem serviço de internet,Sem serviço de internet,Sem serviço de internet,Sem serviço de internet,Sem serviço de internet,Dois anos,Sim,Cartão de crédito,80.15,1824.12,0
Masculino,0,Não,Não,58,Sim,Não,Fibra óptica,Não,Sim,Sim,Não,Não,Não,Um ano,Sim,Cheque enviado pelo correio,103.67,5915.71,0
Masculino,0,Sim,Não,44,Sim,Sim,Não,Sem serviço de internet,Sem serviço de internet,Sem serviço de internet,Sem serviço de internet,Sem serviço de internet,Sem serviço de internet,Um ano,Sim,Cheque enviado pelo correio,97.27,4543.85,0
Masculino,0,Não,Não,57,Sim,Sim,DSL,Sim,Sim,Sim,Não,Sim,Sim,Dois anos,Não,Transferência bancária,46.74,2729.08,0
Masculino,0,Não,Não,40,Sim,Não,DSL,Não,Não,Não,Não,Sim,Sim,Mês a mês,Sim,Cheque eletrônico,35.51,1332.81,0
Feminino,0,Sim,Sim,56,Sim,Sim,Não,Sem serviço de internet,Sem serviço de internet,Sem serviço de internet,Sem serviço de internet,Sem serviço de internet,Sem serviço de internet,Mês a mês,Sim,Transferência bancária,39.43,2471.56,1
Masculino,0,Sim,Não,63,Sim,Sim,Fibra óptica,Não,Não,Não,Sim,Sim,Não,Mês a mês,Não,Cheque enviado pelo correio,52.65,3082.7,1
Feminino,1,Sim,Não,39,Não,Sem serviço telefônico,Não,Sem serviço de internet,Sem serviço de internet,Sem serviço de internet,Sem serviço de internet,Sem serviço de internet,Sem serviço de internet,Mês a mês,Sim,Cartão de crédito,28.33,949.65,0
Feminino,0,Não,Sim,7,Sim,Sim,DSL,Não,Não,Não,Sim,Não,Não,Mês a mês,Não,Cheque eletrônico,45.32,284.56,0
Feminino,0,Não,Não,14,Sim,Não,DSL,Não,Não,Não,Não,Sim,Não,Dois anos,Não,Cheque eletrônico,40.88,517.16,1
Feminino,0,Não,Sim,18,Sim,Não,DSL,Sim,Sim,Não,Sim,Não,Não,Dois anos,Não,Cheque eletrônico,115.18,2376.56,0
Feminino,0,Sim,Não,55,Sim,Não,DSL,Não,Sim,Não,Não,Não,Sim,Mês a mês,Sim,Cheque enviado pelo correio,85.05,4597.34,0
Masculino,0,Não,Não,56,Não,Sem serviço telefônico,Fibra óptica,Não,Sim,Não,Sim,Não,Sim,Um ano,Sim,Cheque eletrônico,80.67,4601.08,1
Masculino,0,Não,Não,57,Sim,Não,Fibra óptica,Não,Não,Não,Não,Não,Não,Mês a mês,Sim,Cartão de crédito,106.44,6891.57,0
Feminino,0,Sim,Sim,58,Sim,Sim,Fibra óptica,Não,Não,Sim,Não,Sim,Não,Mês a mês,Sim,Cheque eletrônico,35.58,1997.02,0
Feminino,0,Não,Não,25,Sim,Não,Fibra óptica,Não,Sim,Não,Sim,Não,Não,Mês a mês,Sim,Cheque enviado pelo correio,25.18,606.71,0
Feminino,0,Sim,Não,70,Sim,Sim,DSL,Não,Sim,Sim,Não,Sim,Sim,Mês a mês,Sim,Cheque eletrônico,105.81,6431.21,0
Masculino,0,Não,Sim,3,Sim,Não,DSL,Sim,Não,Não,Não,Não,Não,Mês a mês,Sim,Cheque eletrônico,53.23,162.8,1
Feminino,0,Sim,Não,21,Não,Sem serviço telefônico,DSL,Sim,Não,Sim,Sim,Não,Não,Um ano,Não,Cartão de crédito,56.49,1210.32,0
Masculino,0,Sim,Sim,32,Sim,Não,Fibra óptica,Não,Não,Não,Não,Sim,Sim,Mês a mês,Não,Cartão de crédito,21.06,703.36,1
Feminino,0,Não,Sim,2,Sim,Não,DSL,Não,Não,Não,Sim,Sim,Sim,Mês a mês,Não,Cheque eletrônico,19.51,34.78,0
Masculino,0,Não,Sim,20,Sim,Sim,DSL,Não,Não,Sim,Não,Não,Não,Um ano,Sim,Cartão de crédito,87.88,1799.91,0
Feminino,1,Sim,Não,18,Sim,Sim,Não,Sem serviço de internet,Sem serviço de internet,Sem serviço de internet,Sem serviço de internet,Sem serviço de internet,Sem serviço de internet,Um ano,Sim,Cheque eletrônico,82.42,1268.69,0
Masculino,0,Não,Sim,54,Sim,Não,Não,Sem serviço de internet,Sem serviço de internet,Sem serviço de internet,Sem serviço de internet,Sem serviço de internet,Sem serviço de internet,Mês a mês,Sim,Cheque eletrônico,46.3,2470.94,0
Feminino,0,Não,Não,36,Sim,Sim,Fibra óptica,Não,Não,Não,Sim,Não,Não,Mês a mês,Sim,Cheque eletrônico,39.38,1472.82,0
Masculino,0,Sim,Sim,61,Sim,Não,Fibra óptica,Não,Não,Não,Sim,Sim,Sim,Mês a mês,Sim,Cartão de crédito,97.84,5721.51,1
Masculino,0,Não,Sim,60,Sim,Sim,Fibra óptica,Não,Sim,Não,Sim,Não,Não,Um ano,Sim,Transferência bancária,26.12,1713.14,0
Masculino,0,Não,Sim,36,Não,Sem serviço telefônico,Não,Sem serviço de internet,Sem serviço de internet,Sem serviço de internet,Sem serviço de internet,Sem serviço de internet,Sem serviço de internet,Um ano,Sim,Transferência bancária,80.74,2604.49,0
Masculino,0,Não,Não,44,Sim,Sim,DSL,Sim,Não,Sim,Não,Sim,Não,Dois anos,Sim,Cheque eletrônico,28.08,1321.98,0
Masculino,0,Sim,Sim,68,Sim,Não,DSL,Não,Não,Sim,Não,Sim,Não,Mês a mês,Sim,Cheque enviado pelo correio,115.84,7210.03,0
Masculino,0,Não,Sim,66,Sim,Não,DSL,Não,Não,Sim,Não,Não,Não,Mês a mês,Não,Cartão de crédito,116.32,8821.33,0
Masculino,0,Não,Não,44,Sim,Não,Fibra óptica,Não,Não,Não,Não,Sim,Sim,Um ano,Não,Cartão de crédito,45.31,2091.91,0
Feminino,0,Não,Não,29,Sim,Sim,DSL,Sim,Não,Sim,Sim,Não,Sim,Dois anos,Sim,Cartão de crédito,81.64,2089.83,0
Feminino,0,Sim,Sim,48,Sim,Sim,DSL,Não,Não,Sim,Sim,Não,Não,Dois anos,Sim,Cheque eletrônico,19.65,866.36,0
Feminino,0,Não,Não,36,Sim,Não,DSL,Sim,Sim,Sim,Não,Não,Não,Mês a mês,Sim,Cheque enviado pelo correio,51.09,2029.88,1
Feminino,0,Sim,Sim,8,Sim,Sim,DSL,Sim,Sim,Não,Não,Não,Não,Um ano,Sim,Cheque eletrônico,41.73,291.31,1
Feminino,0,Não,Não,5,Não,Sem serviço telefônico,Não,Sem serviço de internet,Sem serviço de internet,Sem serviço de internet,Sem serviço de internet,Sem serviço de internet,Sem serviço de internet,Mês a mês,Sim,Cheque eletrônico,47.3,228.26,1
Masculino,0,Não,Não,47,Sim,Não,Fibra óptica,Não,Não,Não,Não,Não,Sim,Um ano,Não,Cheque eletrônico,59.2,2432.58,0
Masculino,0,Sim,Sim,43,Sim,Não,DSL,Sim,Não,Sim,Sim,Não,Não,Mês a mês,Não,Transferência bancária,59.65,2617.4,0
Masculino,0,Sim,Sim,10,Sim,Não,DSL,Não,Sim,Sim,Sim,Não,Sim,Mês a mês,Sim,Cartão de crédito,57.23,499.95,1
Masculino,0,Não,Não,10,Sim,Sim,Fibra óptica,Não,Não,Não,Não,Não,Sim,Mês a mês,Sim,Cheque eletrônico,100.25,1072.69,1
Masculino,0,Não,Não,6,Sim,Não,DSL,Sim,Não,Sim,Não,Não,Não,Mês a mês,Sim,Cheque enviado pelo correio,23.58,158.0,1
Feminino,0,Sim,Sim,16,Não,Sem serviço telefônico,DSL,Não,Sim,Não,Sim,Sim,Não,Mês a mês,Sim,Cheque eletrônico,50.41,764.01,0
Feminino,1,Não,Sim,60,Sim,Não,Fibra óptica,Não,Sim,Não,Não,Sim,Sim,Dois anos,Não,Cheque eletrônico,20.44,1137.53,0
Feminino,1,Não,Não,26,Sim,Sim,DSL,Não,Sim,Sim,Sim,Sim,Não,Mês a mês,Não,Cheque eletrônico,26.07,724.52,0
Feminino,0,Não,Não,21,Sim,Não,Não,Sem serviço de internet,Sem serviço de internet,Sem serviço de internet,Sem serviço de internet,Sem serviço de internet,Sem serviço de internet,Mês a mês,Não,Cartão de crédito,97.16,1749.54,0
Masculino,0,Não,Sim,58,Não,Sem serviço telefônico,Fibra óptica,Sim,Não,Sim,Não,Sim,Sim,Dois anos,Sim,Cheque enviado pelo correio,34.51,1804.69,0
Masculino,0,Sim,Sim,41,Sim,Não,Não,Sem serviço de internet,Sem serviço de internet,Sem serviço de internet,Sem serviço de internet,Sem serviço de internet,Sem serviço de internet,Dois anos,Não,Cheque eletrônico,52.66,1862.63,0
Masculino,0,Não,Sim,30,Sim,Não,Fibra óptica,Não,Não,Sim,Sim,Sim,Não,Mês a mês,Não,Cheque eletrônico,101.59,3363.04,1
Feminino,0,Sim,Sim,5,Sim,Não,Fibra óptica,Não,Não,Não,Não,Não,Sim,Mês a mês,Sim,Transferência bancária,88.42,471.97,1
Masculino,0,Sim,Não,10,Sim,Não,Fibra óptica,Sim,Não,Sim,Sim,Não,Não,Mês a mês,Sim,Cheque eletrônico,38.19,425.88,1
Feminino,0,Sim,Sim,11,Sim,Não,Fibra óptica,Não,Não,Não,Não,Não,Sim,Mês a mês,Sim,Cheque eletrônico,117.16,1156.44,1
Masculino,0,Não,Não,63,Não,Sem serviço telefônico,Fibra óptica,Não,Sim,Sim,Não,Não,Sim,Mês a mês,Sim,Cheque eletrônico,44.76,2656.93,1
Masculino,0,Não,Não,7,Não,Sem serviço telefônico,DSL,Não,Não,Não,Não,Sim,Não,Um ano,Não,Cheque enviado pelo correio,46.49,284.09,0
Feminino,0,Sim,Não,59,Sim,Não,Fibra óptica,Não,Não,Não,Não,Não,Sim,Um ano,Não,Cartão de crédito,83.19,5473.77,0
Masculino,0,Não,Não,12,Sim,Não,DSL,Não,Não,Não,Não,Sim,Sim,Um ano,Não,Cheque eletrônico,89.12,985.24,0
Masculino,0,Não,Não,64,Sim,Não,DSL,Não,Não,Sim,Sim,Sim,Sim,Mês a mês,Sim,Cheque enviado pelo correio,76.47,5208.2,1
Feminino,0,Não,Não,41,Sim,Sim,Fibra óptica,Não,Não,Não,Não,Não,Não,Mês a mês,Sim,Transferência bancária,34.23,1257.82,0
Masculino,0,Não,Não,60,Sim,Não,Fibra óptica,Não,Sim,Não,Não,Sim,Não,Um ano,Sim,Cheque eletrônico,25.58,1305.09,0
Feminino,0,Sim,Não,72,Sim,Não,Fibra óptica,Não,Não,Não,Não,Não,Não,Mês a mês,Sim,Cheque eletrônico,111.3,8860.53,0
Masculino,0,Sim,Não,28,Sim,Sim,Fibra óptica,Não,Sim,Não,Não,Sim,Sim,Mês a mês,Sim,Cheque enviado pelo correio,52.79,1672.27,1
Masculino,0,Não,Sim,63,Sim,Sim,DSL,Não,Não,Não,Não,Não,Não,Mês a mês,Sim,Cartão de crédito,102.84,7246.11,0
Masculino,0,Não,Não,3,Sim,Não,Fibra óptica,Não,Não,Sim,Não,Não,Sim,Dois anos,Não,Cheque enviado pelo correio,35.17,94.75,0
Masculino,0,Sim,Não,32,Sim,Não,Fibra óptica,Sim,Sim,Não,Não,Sim,Não,Mês a mês,Sim,Cheque enviado pelo correio,68.65,2426.62,0
Masculino,1,Não,Sim,21,Sim,Sim,Fibra óptica,Não,Sim,Sim,Sim,Não,Não,Mês a mês,Não,Cheque enviado pelo correio,105.77,2320.88,1
Masculino,0,Não,Não,55,Sim,Não,DSL,Não,Não,Não,Não,Não,Não,Dois anos,Sim,Cheque enviado pelo correio,56.23,3527.99,0
Masculino,0,Não,Não,18,Sim,Sim,DSL,Não,Não,Não,Sim,Não,Não,Um ano,Não,Cartão de crédito,19.63,320.26,0
Masculino,0,Sim,Não,53,Não,Sem serviço telefônico,Fibra óptica,Sim,Não,Não,Não,Sim,Não,Mês a mês,Não,Transferência bancária,112.37,5465.01,0
Feminino,0,Não,Não,61,Sim,Sim,DSL,Não,Não,Não,Sim,Não,Não,Um ano,Não,Cheque eletrônico,81.51,5576.66,0
Feminino,0,Não,Sim,50,Sim,Não,DSL,Sim,Sim,Não,Sim,Não,Sim,Mês a mês,Sim,Cheque eletrônico,39.77,2260.22,0
Masculino,0,Sim,Sim,8,Sim,Sim,Fibra óptica,Não,Não,Não,Sim,Não,Sim,Dois anos,Não,Cartão de crédito,93.9,730.46,1
Masculino,0,Sim,Não,12,Sim,Sim,DSL,Sim,Não,Não,Não,Não,Sim,Um ano,Sim,Transferência bancária,42.47,583.27,0
Feminino,0,Sim,Não,51,Sim,Sim,Fibra óptica,Não,Não,Não,Não,Sim,Sim,Mês a mês,Não,Cheque eletrônico,25.36,1128.31,1
Masculino,0,Não,Não,66,Sim,Sim,Fibra óptica,Não,Não,Não,Sim,Não,Sim,Mês a mês,Sim,Cheque enviado pelo correio,19.45,1354.87,1
Masculino,0,Sim,Sim,41,Sim,Sim,DSL,Não,Sim,Sim,Não,Sim,Não,Mês a mês,Sim,Cheque enviado pelo correio,18.71,836.72,0
Feminino,0,Sim,Não,22,Sim,Sim,DSL,Não,Não,Não,Não,Não,Não,Dois anos,Não,Cartão de crédito,28.64,702.69,0
Masculino,0,Sim,Sim,9,Sim,Sim,Não,Sem serviço de internet,Sem serviço de internet,Sem serviço de internet,Sem serviço de internet,Sem serviço de internet,Sem serviço de internet,Mês a mês,Sim,Cartão de crédito,62.71,540.72,0
Masculino,0,Sim,Não,11,Sim,Não,DSL,Não,Não,Não,Sim,Sim,Não,Um ano,Não,Cheque eletrônico,115.05,1331.6,0
Feminino,0,Sim,Não,13,Sim,Sim,Fibra óptica,Não,Não,Sim,Não,Não,Não,Dois anos,Sim,Transferência bancária,68.68,1002.63,0
Masculino,0,Não,Sim,56,Sim,Não,Não,Sem serviço de internet,Sem serviço de internet,Sem serviço de internet,Sem serviço de internet,Sem serviço de internet,Sem serviço de internet,Dois anos,Não,Cartão de crédito,41.26,2653.22,0
Masculino,0,Não,Não,28,Sim,Sim,Fibra óptica,Sim,Não,Sim,Sim,Sim,Não,Mês a mês,Sim,Cheque eletrônico,96.62,3042.87,1
Feminino,0,Não,Não,64,Não,Sem serviço telefônico,Não,Sem serviço de internet,Sem serviço de internet,Sem serviço de internet,Sem serviço de internet,Sem serviço de internet,Sem serviço de internet,Mês a mês,Sim,Cheque enviado pelo correio,100.49,6897.88,0
Masculino,0,Sim,Não,64,Sim,Sim,Fibra óptica,Não,Não,Não,Não,Sim,Não,Dois anos,Sim,Cheque eletrônico,78.49,5226.69,0
Feminino,0,Sim,Não,70,Sim,Não,Fibra óptica,Sim,Não,Não,Sim,Não,Sim,Mês a mês,Sim,Cheque eletrônico,53.29,4003.28,0
Masculino,0,Sim,Sim,55,Sim,Sim,Fibra óptica,Não,Não,Não,Não,Não,Não,Mês a mês,Sim,Cartão de crédito,58.6,3064.94,1
Masculino,0,Sim,Sim,37,Sim,Não,Fibra óptica,Não,Sim,Sim,Não,Não,Sim,Dois anos,Sim,Transferência bancária,86.49,3416.18,0
Feminino,0,Sim,Não,33,Sim,Sim,Fibra óptica,Sim,Sim,Não,Não,Sim,Não,Dois anos,Sim,Transferência bancária,33.59,965.33,0
Feminino,0,Sim,Não,25,Não,Sem serviço telefônico,Fibra óptica,Não,Não,Não,Sim,Sim,Sim,Mês a mês,Sim,Cheque eletrônico,28.45,814.98,1
Masculino,0,Não,Não,23,Sim,Não,Fibra óptica,Não,Não,Não,Não,Sim,Não,Um ano,Não,Cheque enviado pelo correio,44.89,1115.69,1
Feminino,0,Sim,Não,60,Sim,Não,Fibra óptica,Não,Não,Não,Não,Não,Sim,Mês a mês,Não,Transferência bancária,82.65,5155.05,0
Feminino,0,Não,Sim,56,Sim,Não,Fibra óptica,Não,Não,Sim,Não,Sim,Sim,Dois anos,Não,Cheque enviado pelo correio,54.45,2973.51,0
Masculino,0,Sim,Sim,63,Sim,Não,Fibra óptica,Não,Não,Não,Não,Sim,Sim,Dois anos,Sim,Transferência bancária,34.29,1885.95,0
Masculino,0,Sim,Não,8,Sim,Sim,Fibra óptica,Não,Não,Sim,Não,Sim,Sim,Mês a mês,Sim,Cartão de crédito,77.09,586.83,1
Masculino,0,Não,Não,17,Não,Sem serviço telefônico,DSL,Sim,Não,Sim,Não,Não,Sim,Mês a mês,Não,Transferência bancária,62.43,1171.35,0
Feminino,0,Sim,Não,57,Sim,Não,DSL,Não,Não,Não,Sim,Não,Não,Um ano,Sim,Cartão de crédito,90.82,5004.65,0
Feminino,0,Sim,Não,62,Sim,Sim,DSL,Não,Não,Sim,Não,Sim,Não,Um ano,Não,Cheque enviado pelo correio,89.14,6282.21,0
Feminino,1,Não,Não,11,Sim,Não,Fibra óptica,Não,Não,Sim,Não,Sim,Não,Mês a mês,Sim,Cartão de crédito,112.1,1241.1,1
Feminino,0,Não,Não,67,Sim,Não,Fibra óptica,Sim,Não,Sim,Não,Sim,Sim,Mês a mês,Não,Cartão de crédito,86.52,6461.85,1
Masculino,0,Sim,Não,40,Sim,Sim,Não,Sem serviço de internet,Sem serviço de internet,Sem serviço de internet,Sem serviço de internet,Sem serviço de internet,Sem serviço de internet,Mês a mês,Não,Cheque enviado pelo correio,88.26,3899.95,0
Feminino,0,Sim,Sim,40,Sim,Sim,Fibra óptica,Não,Não,Sim,Sim,Não,Sim,Um ano,Sim,Cheque eletrônico,31.5,1162.8,0
Masculino,0,Não,Não,56,Não,Sem serviço telefônico,DSL,Não,Sim,Não,Não,Não,Não,Mês a mês,Não,Cheque eletrônico,33.65,1774.14,1
Feminino,0,Não,Não,53,Não,Sem serviço telefônico,DSL,Não,Não,Sim,Não,Sim,Não,Mês a mês,Não,Cheque enviado pelo correio,93.96,4533.09,1
Masculino,1,Sim,Não,28,Sim,Não,DSL,Não,Não,Não,Sim,Não,Não,Mês a mês,Não,Transferência bancária,88.72,2229.79,0
Masculino,0,Sim,Sim,42,Sim,Não,Não,Sem serviço de internet,Sem serviço de internet,Sem serviço de internet,Sem serviço de internet,Sem serviço de internet,Sem serviço de internet,Dois anos,Sim,Transferência bancária,40.48,1558.34,0
Masculino,0,Não,Sim,46,Sim,Não,Não,Sem serviço de internet,Sem serviço de internet,Sem serviço de internet,Sem serviço de internet,Sem serviço de internet,Sem serviço de internet,Mês a mês,Não,Transferência bancária,38.74,1938.91,0
Feminino,0,Sim,Sim,18,Sim,Sim,Não,Sem serviço de internet,Sem serviço de internet,Sem serviço de internet,Sem serviço de internet,Sem serviço de internet,Sem serviço de internet,Mês a mês,Sim,Transferência bancária,37.22,587.18,1
Masculino,0,Sim,Sim,23,Sim,Sim,DSL,Sim,Não,Sim,Não,Não,Não,Dois anos,Sim,Cheque enviado pelo correio,37.11,914.67,0
Masculino,0,Não,Não,26,Sim,Não,Não,Sem serviço de internet,Sem serviço de internet,Sem serviço de internet,Sem serviço de internet,Sem serviço de internet,Sem serviço de internet,Mês a mês,Sim,Cartão de crédito,22.84,548.7,0
Feminino,0,Sim,Sim,29,Não,Sem serviço telefônico,DSL,Não,Não,Sim,Não,Sim,Sim,Um ano,Sim,Transferência bancária,87.44,2536.44,0
Masculino,0,Não,Não,52,Sim,Sim,Fibra óptica,Não,Não,Não,Sim,Não,Sim,Mês a mês,Não,Transferência bancária,65.44,2933.26,0
Feminino,0,Não,Sim,46,Sim,Sim,Fibra óptica,Não,Não,Não,Não,Não,Não,Dois anos,Sim,Transferência bancária,23.51,1148.64,0
Feminino,0,Não,Sim,1,Sim,Sim,Fibra óptica,Não,Sim,Não,Não,Não,Não,Um ano,Sim,Cheque eletrônico,71.83,64.31,1
Masculino,0,Sim,Não,63,Sim,Sim,DSL,Não,Não,Não,Não,Não,Não,Dois anos,Sim,Cheque eletrônico,22.63,1553.41,0
Masculino,0,Sim,Não,16,Sim,Sim,Fibra óptica,Não,Sim,Não,Não,Não,Sim,Um ano,Sim,Cheque eletrônico,81.92,1153.78,1
Feminino,0,Sim,Sim,25,Sim,Sim,Fibra óptica,Não,Não,Não,Não,Não,Não,Um ano,Sim,Cheque eletrônico,87.33,1981.05,0
Masculino,0,Sim,Não,62,Sim,Sim,Não,Sem serviço de internet,Sem serviço de internet,Sem serviço de internet,Sem serviço de internet,Sem serviço de internet,Sem serviço de internet,Mês a mês,Sim,Cheque eletrônico,92.58,6467.48,0
Feminino,0,Não,Sim,16,Sim,Não,Não,Sem serviço de internet,Sem serviço de internet,Sem serviço de internet,Sem serviço de internet,Sem serviço de internet,Sem serviço de internet,Um ano,Sim,Transferência bancária,69.13,1169.92,0
Feminino,0,Sim,Não,69,Não,Sem serviço telefônico,DSL,Não,Não,Sim,Não,Sim,Não,Dois anos,Sim,Cheque eletrônico,88.64,5369.49,0
Feminino,0,Sim,Não,70,Sim,Não,Fibra óptica,Não,Não,Não,Sim,Sim,Não,Mês a mês,Sim,Cheque eletrônico,87.85,5654.04,0
Masculino,0,Sim,Não,34,Não,Sem serviço telefônico,Fibra óptica,Não,Sim,Sim,Não,Não,Sim,Um ano,Não,Transferência bancária,101.78,3637.79,0
Feminino,0,Sim,Não,53,Sim,Não,Fibra óptica,Não,Não,Não,Não,Não,Não,Mês a mês,Não,Cheque eletrônico,86.39,4368.66,0
Masculino,1,Não,Não,23,Sim,Sim,Fibra óptica,Não,Sim,Não,Não,Não,Não,Mês a mês,Sim,Cheque eletrônico,22.0,550.16,1
Masculino,0,Não,Não,43,Sim,Sim,DSL,Sim,Não,Não,Não,Não,Sim,Um ano,Não,Cartão de crédito,40.18,1970.82,0
Masculino,0,Não,Não,44,Sim,Não,Fibra óptica,Não,Não,Sim,Sim,Sim,Não,Mês a mês,Não,Cheque enviado pelo correio,53.33,2475.85,0
Masculino,0,Não,Não,32,Sim,Sim,Fibra óptica,Sim,Sim,Sim,Não,Sim,Não,Um ano,Sim,Cheque eletrônico,36.54,1202.64,0
Feminino,0,Não,Sim,23,Não,Sem serviço telefônico,Fibra óptica,Sim,Não,Sim,Não,Sim,Sim,Dois anos,Não,Cheque enviado pelo correio,92.74,1994.58,0
Masculino,0,Sim,Não,20,Sim,Não,Fibra óptica,Não,Sim,Não,Não,Sim,Não,Mês a mês,Sim,Cheque enviado pelo correio,45.55,1014.2,0
Feminino,1,Sim,Sim,19,Sim,Sim,DSL,Não,Não,Não,Não,Não,Não,Um ano,Sim,Cartão de crédito,70.42,1178.84,0
Feminino,0,Não,Não,72,Não,Sem serviço telefônico,Não,Sem serviço de internet,Sem serviço de internet,Sem serviço de internet,Sem serviço de internet,Sem serviço de internet,Sem serviço de internet,Mês a mês,Não,Cheque eletrônico,48.55,3274.01,0
Masculino,1,Sim,Não,29,Sim,Não,Fibra óptica,Não,Não,Não,Sim,Sim,Sim,Mês a mês,Não,Transferência bancária,85.9,2442.96,1
Feminino,0,Sim,Não,18,Sim,Sim,DSL,Sim,Não,Não,Não,Sim,Sim,Mês a mês,Não,Cartão de crédito,85.56,1359.57,1
Feminino,0,Não,Não,69,Sim,Sim,Fibra óptica,Não,Não,Não,Não,Não,Sim,Mês a mês,Sim,Transferência bancária,115.26,7222.37,1
Masculino,0,Sim,Sim,12,Sim,Sim,Não,Sem serviço de internet,Sem serviço de internet,Sem serviço de internet,Sem serviço de internet,Sem serviço de internet,Sem serviço de internet,Dois anos,Sim,Cheque enviado pelo correio,79.29,960.77,0
Feminino,0,Não,Sim,10,Sim,Não,Fibra óptica,Não,Sim,Não,Não,Sim,Não,Mês a mês,Não,Transferência bancária,101.0,890.05,1
Feminino,0,Não,Não,37,Sim,Sim,Fibra óptica,Não,Não,Não,Não,Não,Não,Mês a mês,Não,Cheque eletrônico,90.58,3226.5,1
Feminino,0,Sim,Não,55,Não,Sem serviço telefônico,DSL,Sim,Não,Não,Não,Não,Não,Um ano,Sim,Transferência bancária,19.15,1183.78,0
Feminino,0,Sim,Não,4,Sim,Sim,Fibra óptica,Não,Sim,Sim,Sim,Não,Não,Dois anos,Sim,Cartão de crédito,45.42,180.25,0
Masculino,0,Não,Sim,63,Sim,Sim,Fibra óptica,Não,Não,Não,Não,Sim,Não,Mês a mês,Sim,Cheque enviado pelo correio,23.26,1510.32,0
Feminino,0,Sim,Não,12,Sim,Não,Não,Sem serviço de internet,Sem serviço de internet,Sem serviço de internet,Sem serviço de internet,Sem serviço de internet,Sem serviço de internet,Dois anos,Não,Cheque enviado pelo correio,20.84,227.69,0
Feminino,0,Sim,Sim,18,Sim,Sim,DSL,Não,Não,Sim,Não,Sim,Não,Dois anos,Sim,Transferência bancária,76.92,1527.02,0
Feminino,0,Não,Sim,8,Sim,Não,Não,Sem serviço de internet,Sem serviço de internet,Sem serviço de internet,Sem serviço de internet,Sem serviço de internet,Sem serviço de internet,Um ano,Não,Cheque enviado pelo correio,36.9,304.55,0
Feminino,0,Sim,Não,32,Sim,Não,Fibra óptica,Não,Não,Não,Sim,Sim,Não,Mês a mês,Sim,Cheque eletrônico,77.88,2837.87,1
Masculino,0,Sim,Não,49,Sim,Não,Fibra óptica,Não,Sim,Não,Não,Não,Sim,Mês a mês,Sim,Transferência bancária,55.33,2514.96,0
Feminino,0,Sim,Sim,63,Sim,Não,DSL,Sim,Não,Não,Não,Não,Sim,Mês a mês,Não,Cheque enviado pelo correio,111.31,7221.95,1
Masculino,0,Não,Não,59,Sim,Não,Fibra óptica,Sim,Sim,Sim,Não,Não,Não,Dois anos,Sim,Cheque eletrônico,37.44,2267.06,0
Feminino,0,Sim,Sim,67,Sim,Não,Fibra óptica,Sim,Sim,Sim,Sim,Sim,Sim,Um ano,Não,Cheque eletrônico,68.51,5123.66,0
Masculino,0,Sim,Sim,39,Sim,Não,DSL,Sim,Sim,Não,Não,Não,Não,Mês a mês,Não,Cartão de crédito,64.55,2699.65,0
Masculino,1,Sim,Não,50,Sim,Não,DSL,Não,Não,Não,Sim,Não,Não,Dois anos,Sim,Transferência bancária,45.51,2046.67,0
Masculino,0,Sim,Não,71,Sim,Sim,DSL,Não,Não,Não,Não,Não,Não,Mês a mês,Sim,Cartão de crédito,55.84,4377.53,1
Masculino,0,Não,Sim,26,Sim,Não,Não,Sem serviço de internet,Sem serviço de internet,Sem serviço de internet,Sem serviço de internet,Sem serviço de internet,Sem serviço de internet,Um ano,Sim,Cheque enviado pelo correio,23.48,678.67,0
Masculino,0,Não,Sim,23,Sim,Sim,DSL,Não,Sim,Sim,Não,Não,Sim,Mês a mês,Não,Transferência bancária,22.31,518.31,0
Feminino,1,Sim,Sim,63,Sim,Sim,DSL,Não,Sim,Não,Sim,Não,Sim,Mês a mês,Sim,Cheque eletrônico,24.29,1525.32,0
Feminino,0,Sim,Não,66,Sim,Não,Não,Sem serviço de internet,Sem serviço de internet,Sem serviço de internet,Sem serviço de internet,Sem serviço de internet,Sem serviço de internet,Um ano,Sim,Cheque eletrônico,83.81,5626.54,0
Feminino,0,Sim,Não,39,Sim,Sim,DSL,Não,Não,Sim,Não,Não,Não,Dois anos,Não,Transferência bancária,28.79,971.37,0
Masculino,1,Não,Sim,66,Sim,Não,DSL,Não,Sim,Não,Não,Não,Sim,Um ano,Não,Cheque eletrônico,59.02,4060.72,0
Feminino,1,Sim,Não,46,Sim,Sim,Fibra óptica,Não,Não,Não,Sim,Sim,Não,Dois anos,Sim,Cheque eletrônico,66.67,2690.72,1
Masculino,1,Sim,Sim,15,Sim,Não,DSL,Não,Sim,Sim,Não,Sim,Não,Dois anos,Não,Cheque eletrônico,63.75,1005.62,0
Masculino,0,Não,Não,16,Sim,Não,Não,Sem serviço de internet,Sem serviço de internet,Sem serviço de internet,Sem serviço de internet,Sem serviço de internet,Sem serviço de internet,Mês a mês,Não,Cheque enviado pelo correio,21.11,382.33,0
Feminino,0,Sim,Sim,72,Sim,Não,Não,Sem serviço de internet,Sem serviço de internet,Sem serviço de internet,Sem serviço de internet,Sem serviço de internet,Sem serviço de internet,Um ano,Não,Cartão de crédito,51.92,3938.06,0
Feminino,0,Não,Não,16,Sim,Sim,Fibra óptica,Não,Não,Sim,Não,Não,Não,Mês a mês,Não,Cheque enviado pelo correio,114.78,1822.44,0
Masculino,0,Sim,Sim,39,Sim,Sim,Fibra óptica,Não,Não,Não,Sim,Sim,Não,Mês a mês,Não,Transferência bancária,75.16,3089.55,1
Masculino,0,Sim,Não,11,Sim,Não,Não,Sem serviço de internet,Sem serviço de internet,Sem serviço de internet,Sem serviço de internet,Sem serviço de internet,Sem serviço de internet,Mês a mês,Sim,Cheque enviado pelo correio,54.58,630.18,0
Feminino,0,Não,Sim,36,Sim,Sim,Fibra óptica,Não,Não,Sim,Não,Não,Não,Dois anos,Sim,Cartão de crédito,87.43,3171.53,0
Feminino,0,Sim,Não,18,Sim,Sim,Não,Sem serviço de internet,Sem serviço de internet,Sem serviço de internet,Sem serviço de internet,Sem serviço de internet,Sem serviço de internet,Mês a mês,Não,Cartão de crédito,50.33,986.32,0
Feminino,0,Sim,Não,23,Sim,Não,DSL,Não,Sim,Não,Não,Não,Não,Um ano,Sim,Cartão de crédito,95.18,2470.14,0
Feminino,0,Sim,Não,49,Sim,Não,Fibra óptica,Não,Sim,Não,Não,Sim,Não,Mês a mês,Sim,Cheque eletrônico,62.0,2623.11,0
Masculino,1,Não,Sim,42,Sim,Sim,DSL,Sim,Não,Sim,Não,Sim,Sim,Mês a mês,Não,Cheque enviado pelo correio,95.77,4524.6,0
Feminino,0,Sim,Não,44,Sim,Não,Não,Sem serviço de internet,Sem serviço de internet,Sem serviço de internet,Sem serviço de internet,Sem serviço de internet,Sem serviço de internet,Mês a mês,Sim,Transferência bancária,95.12,4046.5,0
Feminino,0,Não,Não,1,Sim,Não,Fibra óptica,Não,Não,Sim,Não,Não,Sim,Um ano,Não,Cheque enviado pelo correio,51.38,46.38,0
Feminino,0,Não,Não,7,Sim,Sim,DSL,Não,Não,Não,Sim,Não,Não,Um ano,Sim,Cheque eletrônico,55.04,334.82,0
Masculino,0,Não,Sim,48,Não,Sem serviço telefônico,Não,Sem serviço de internet,Sem serviço de internet,Sem serviço de internet,Sem serviço de internet,Sem serviço de internet,Sem serviço de internet,Um ano,Sim,Transferência bancária,66.38,3485.23,0
Masculino,1,Não,Não,16,Não,Sem serviço telefônico,Fibra óptica,Não,Não,Não,Sim,Sim,Não,Um ano,Não,Cheque eletrônico,77.86,1387.41,0
Masculino,0,Sim,Não,48,Sim,Não,DSL,Não,Sim,Sim,Não,Sim,Sim,Um ano,Não,Cartão de crédito,113.85,6210.13,0
Masculino,0,Sim,Sim,43,Sim,Sim,DSL,Não,Sim,Não,Não,Não,Não,Mês a mês,Não,Cheque eletrônico,85.22,3797.01,0
Feminino,0,Sim,Não,51,Sim,Sim,Fibra óptica,Não,Sim,Sim,Não,Não,Não,Mês a mês,Sim,Cartão de crédito,48.97,2168.67,1
Masculino,0,Sim,Não,66,Sim,Não,Fibra óptica,Não,Não,Não,Não,Não,Não,Mês a mês,Sim,Cheque eletrônico,86.62,5551.47,1
Feminino,0,Sim,Sim,31,Sim,Não,DSL,Sim,Sim,Sim,Sim,Não,Sim,Mês a mês,Sim,Transferência bancária,35.74,1000.52,0
Feminino,0,Sim,Não,39,Sim,Não,Fibra óptica,Não,Não,Não,Não,Não,Não,Mês a mês,Sim,Cheque eletrônico,70.19,2955.41,1
Feminino,0,Não,Não,9,Sim,Não,Fibra óptica,Sim,Não,Não,Sim,Sim,Sim,Mês a mês,Sim,Cheque eletrônico,68.37,686.67,0
Feminino,1,Não,Sim,41,Sim,Não,Fibra óptica,Não,Não,Não,Não,Não,Sim,Mês a mês,Sim,Cheque eletrônico,31.28,1158.94,1
Masculino,0,Sim,Não,63,Sim,Sim,Não,Sem serviço de internet,Sem serviço de internet,Sem serviço de internet,Sem serviço de internet,Sem serviço de internet,Sem serviço de internet,Um ano,Sim,Cheque eletrônico,69.46,3756.98,0
Masculino,0,Sim,Não,14,Não,Sem serviço telefônico,Não,Sem serviço de internet,Sem serviço de internet,Sem serviço de internet,Sem serviço de internet,Sem serviço de internet,Sem serviço de internet,Dois anos,Sim,Cheque eletrônico,89.6,1330.64,0
Masculino,0,Sim,Sim,58,Sim,Sim,Fibra óptica,Não,Sim,Não,Não,Não,Não,Um ano,Sim,Cheque eletrônico,67.35,3648.93,0
Feminino,0,Sim,Sim,64,Sim,Sim,Fibra óptica,Sim,Não,Não,Não,Não,Não,Mês a mês,Sim,Cheque eletrônico,58.04,3745.92,1
Feminino,0,Sim,Não,28,Sim,Não,Fibra óptica,Não,Não,Não,Sim,Sim,Sim,Dois anos,Não,Cheque enviado pelo correio,84.02,2638.99,0
Feminino,0,Não,Não,4,Sim,Não,Fibra óptica,Não,Sim,Não,Não,Não,Não,Um ano,Não,Cheque eletrônico,67.15,271.87,1
Feminino,0,Sim,Sim,34,Sim,Não,DSL,Não,Não,Não,Não,Sim,Não,Mês a mês,Não,Cheque eletrônico,51.71,1504.08,0
Feminino,0,Sim,Sim,4,Sim,Sim,DSL,Não,Não,Não,Não,Não,Não,Um ano,Sim,Cheque eletrônico,62.6,266.22,0
Masculino,0,Sim,Não,70,Sim,Sim,Fibra óptica,Não,Não,Sim,Não,Não,Não,Um ano,Não,Cartão de crédito,25.8,2059.35,1
Feminino,0,Não,Não,58,Sim,Sim,Fibra óptica,Sim,Não,Não,Não,Não,Não,Dois anos,Não,Cheque eletrônico,99.22,6449.46,0
Masculino,1,Não,Não,4,Não,Sem serviço telefônico,DSL,Não,Sim,Não,Não,Sim,Não,Mês a mês,Sim,Cheque enviado pelo correio,52.32,239.73,0
Feminino,0,Não,Não,50,Sim,Sim,DSL,Não,Sim,Sim,Sim,Não,Não,Dois anos,Sim,Cheque eletrônico,79.88,3504.95,0
Feminino,0,Sim,Não,5,Sim,Sim,Fibra óptica,Não,Não,Não,Não,Não,Sim,Dois anos,Sim,Cheque enviado pelo correio,73.65,417.7,0
Masculino,0,Sim,Não,45,Sim,Não,DSL,Sim,Não,Não,Não,Não,Não,Mês a mês,Sim,Cartão de crédito,36.78,1850.44,0
Masculino,1,Sim,Não,35,Sim,Sim,DSL,Sim,Sim,Não,Não,Não,Não,Dois anos,Não,Cheque enviado pelo correio,53.36,1715.2,0
Feminino,0,Sim,Sim,27,Sim,Sim,DSL,Não,Não,Não,Não,Não,Não,Um ano,Sim,Cheque eletrônico,114.53,2709.45,1
Feminino,0,Não,Não,2,Sim,Não,Fibra óptica,Não,Sim,Não,Não,Sim,Não,Um ano,Sim,Cheque enviado pelo correio,91.58,207.31,1
Feminino,0,Sim,Não,54,Sim,Sim,Fibra óptica,Não,Não,Sim,Não,Não,Sim,Dois anos,Não,Cheque enviado pelo correio,59.13,2954.79,0
Feminino,0,Sim,Sim,72,Sim,Sim,Fibra óptica,Sim,Não,Não,Não,Sim,Não,Mês a mês,Sim,Cartão de crédito,107.41,8025.53,0
Masculino,0,Não,Sim,48,Sim,Não,Não,Sem serviço de internet,Sem serviço de internet,Sem serviço de internet,Sem serviço de internet,Sem serviço de internet,Sem serviço de internet,Mês a mês,Não,Cartão de crédito,76.62,3463.94,0
Feminino,0,Sim,Não,49,Sim,Sim,Fibra óptica,Sim,Sim,Sim,Não,Não,Não,Mês a mês,Sim,Cartão de crédito,102.64,4941.91,0
Masculino,1,Não,Não,1,Sim,Não,Fibra óptica,Não,Sim,Não,Não,Sim,Não,Mês a mês,Sim,Cheque eletrônico,70.57,72.87,1
Feminino,0,Sim,Não,33,Sim,Não,Fibra óptica,Sim,Não,Sim,Não,Não,Não,Mês a mês,Sim,Cheque eletrônico,111.15,3275.3,1
Masculino,0,Sim,Não,35,Sim,Não,Fibra óptica,Não,Sim,Sim,Não,Não,Sim,Mês a mês,Não,Cheque eletrônico,101.59,3297.26,1
Masculino,0,Sim,Sim,54,Sim,Não,Não,Sem serviço de internet,Sem serviço de internet,Sem serviço de internet,Sem serviço de internet,Sem serviço de internet,Sem serviço de internet,Mês a mês,Sim,Cheque enviado pelo correio,26.0,1288.19,0
Feminino,0,Não,Não,56,Sim,Sim,Fibra óptica,Não,Não,Sim,Sim,Sim,Não,Mês a mês,Sim,Cheque eletrônico,86.3,5425.42,1
Masculino,0,Sim,Sim,15,Sim,Sim,DSL,Não,Sim,Não,Não,Não,Não,Dois anos,Não,Transferência bancária,62.57,823.77,0
Feminino,0,Sim,Sim,69,Sim,Sim,DSL,Sim,Não,Não,Não,Sim,Não,Um ano,Sim,Cartão de crédito,33.08,2621.45,0
Masculino,0,Sim,Sim,4,Sim,Sim,Fibra óptica,Não,Não,Sim,Sim,Não,Não,Mês a mês,Sim,Transferência bancária,98.1,401.17,0
Feminino,0,Não,Não,64,Sim,Sim,Não,Sem serviço de internet,Sem serviço de internet,Sem serviço de internet,Sem serviço de internet,Sem serviço de internet,Sem serviço de internet,Mês a mês,Sim,Transferência bancária,67.02,4566.53,0
Masculino,0,Não,Sim,22,Sim,Sim,Fibra óptica,Não,Não,Sim,Não,Sim,Não,Mês a mês,Sim,Cheque eletrônico,38.22,897.89,1
Feminino,0,Sim,Não,24,Sim,Não,Fibra óptica,Não,Não,Sim,Não,Não,Sim,Mês a mês,Sim,Cartão de crédito,50.5,1363.14,0
Feminino,0,Sim,Sim,47,Sim,Sim,Fibra óptica,Não,Não,Não,Não,Não,Sim,Dois anos,Sim,Cartão de crédito,34.8,1475.45,0
Masculino,0,Não,Não,6,Sim,Não,Fibra óptica,Não,Não,Não,Não,Sim,Não,Mês a mês,Sim,Cartão de crédito,79.31,542.99,1
Masculino,1,Não,Não,27,Sim,Sim,DSL,Não,Não,Não,Não,Não,Sim,Mês a mês,Não,Cartão de crédito,81.53,2108.02,1
Masculino,0,Não,Não,10,Sim,Não,DSL,Não,Não,Sim,Sim,Não,Não,Dois anos,Sim,Cheque eletrônico,47.46,464.58,1
Masculino,0,Sim,Não,39,Sim,Não,DSL,Sim,Sim,Não,Não,Não,Não,Dois anos,Sim,Cheque enviado pelo correio,45.76,1636.94,0
Feminino,0,Sim,Não,37,Sim,Sim,Fibra óptica,Sim,Não,Não,Não,Não,Não,Mês a mês,Sim,Cheque eletrônico,29.09,1018.07,1
Masculino,0,Não,Não,54,Sim,Sim,DSL,Não,Sim,Não,Não,Sim,Sim,Mês a mês,Sim,Cartão de crédito,115.53,5533.9,0
Feminino,0,Não,Não,51,Sim,Não,Fibra óptica,Não,Não,Sim,Sim,Sim,Não,Mês a mês,Não,Cartão de crédito,49.43,2590.82,1
Masculino,0,Não,Não,60,Sim,Sim,Não,Sem serviço de internet,Sem serviço de internet,Sem serviço de internet,Sem serviço de internet,Sem serviço de internet,Sem serviço de internet,Dois anos,Sim,Transferência bancária,77.9,5335.29,0
Feminino,1,Sim,Sim,72,Não,Sem serviço telefônico,Não,Sem serviço de internet,Sem serviço de internet,Sem serviço de internet,Sem serviço de internet,Sem serviço de internet,Sem serviço de internet,Um ano,Sim,Cheque eletrônico,36.9,2973.57,0
Feminino,0,Não,Não,51,Sim,Não,Fibra óptica,Não,Sim,Não,Não,Não,Não,Dois anos,Sim,Cheque eletrônico,90.03,4559.34,0
Feminino,0,Não,Não,62,Sim,Sim,DSL,Não,Não,Não,Não,Não,Sim,Mês a mês,Não,Cartão de crédito,84.03,5108.02,0
Feminino,0,Não,Não,49,Sim,Não,Não,Sem serviço de internet,Sem serviço de internet,Sem serviço de internet,Sem serviço de internet,Sem serviço de internet,Sem serviço de internet,Dois anos,Não,Cheque enviado pelo correio,30.32,1510.99,0
Masculino,0,Sim,Não,51,Sim,Sim,Fibra óptica,Não,Não,Sim,Não,Sim,Não,Mês a mês,Não,Transferência bancária,19.8,1036.63,0
Masculino,0,Não,Não,28,Sim,Não,Fibra óptica,Não,Sim,Não,Sim,Não,Sim,Mês a mês,Sim,Cartão de crédito,20.19,604.06,1
Feminino,0,Não,Não,36,Sim,Sim,Fibra óptica,Não,Não,Sim,Sim,Sim,Sim,Mês a mês,Sim,Transferência bancária,46.9,1450.42,1
Masculino,1,Não,Sim,25,Sim,Não,Fibra óptica,Não,Não,Sim,Sim,Não,Sim,Um ano,Sim,Cartão de crédito,59.11,1340.43,0
Masculino,0,Não,Sim,36,Sim,Sim,Não,Sem serviço de internet,Sem serviço de internet,Sem serviço de internet,Sem serviço de internet,Sem serviço de internet,Sem serviço de internet,Mês a mês,Não,Transferência bancária,117.88,3662.89,1
Feminino,0,Não,Não,60,Sim,Não,Não,Sem serviço de internet,Sem serviço de internet,Sem serviço de internet,Sem serviço de internet,Sem serviço de internet,Sem serviço de internet,Mês a mês,Não,Transferência bancária,114.01,7336.11,0
Masculino,0,Não,Sim,7,Sim,Sim,Não,Sem serviço de internet,Sem serviço de internet,Sem serviço de internet,Sem serviço de internet,Sem serviço de internet,Sem serviço de internet,Um ano,Sim,Transferência bancária,33.81,230.65,1
Masculino,0,Sim,Sim,65,Sim,Não,Fibra óptica,Não,Sim,Sim,Sim,Sim,Não,Mês a mês,Sim,Cheque enviado pelo correio,83.6,4641.83,1
Masculino,0,Não,Não,36,Sim,Sim,Fibra óptica,Não,Não,Sim,Não,Sim,Sim,Dois anos,Não,Transferência bancária,40.82,1623.87,0
Feminino,0,Não,Não,30,Sim,Não,DSL,Não,Não,Não,Sim,Não,Sim,Mês a mês,Sim,Cartão de crédito,20.64,565.82,0
Masculino,0,Sim,Não,47,Sim,Sim,Não,Sem serviço de internet,Sem serviço de internet,Sem serviço de internet,Sem serviço de internet,Sem serviço de internet,Sem serviço de internet,Dois anos,Não,Cartão de crédito,81.35,3446.37,0
Feminino,0,Sim,Não,29,Sim,Sim,DSL,Não,Não,Sim,Não,Não,Sim,Dois anos,Sim,Cheque enviado pelo correio,35.83,962.7,0
Masculino,1,Sim,Não,5,Sim,Sim,Não,Sem serviço de internet,Sem serviço de internet,Sem serviço de internet,Sem serviço de internet,Sem serviço de internet,Sem serviço de internet,Mês a mês,Não,Cartão de crédito,49.03,248.38,0
Masculino,0,Não,Sim,65,Sim,Não,Não,Sem serviço de internet,Sem serviço de internet,Sem serviço de internet,Sem serviço de internet,Sem serviço de internet,Sem serviço de internet,Mês a mês,Não,Cheque eletrônico,42.58,2778.05,1
Masculino,0,Sim,Sim,69,Sim,Sim,Fibra óptica,Não,Não,Não,Não,Sim,Sim,Dois anos,Sim,Cheque enviado pelo correio,39.08,2788.28,0
Feminino,0,Não,Sim,63,Sim,Não,Fibra óptica,Sim,Sim,Não,Não,Não,Não,Um ano,Não,Cheque enviado pelo correio,21.25,1465.84,0
Feminino,0,Não,Sim,56,Sim,Não,Fibra óptica,Não,Não,Sim,Sim,Sim,Não,Dois anos,Não,Cheque eletrônico,95.08,4753.26,0
Masculino,0,Não,Não,17,Sim,Sim,DSL,Não,Não,Não,Não,Não,Não,Mês a mês,Sim,Cartão de crédito,43.7,747.36,1
Feminino,0,Sim,Não,51,Sim,Não,Não,Sem serviço de internet,Sem serviço de internet,Sem serviço de internet,Sem serviço de internet,Sem serviço de internet,Sem serviço de internet,Mês a mês,Sim,Cartão de crédito,115.99,6679.47,0
Masculino,0,Sim,Não,37,Sim,Sim,DSL,Não,Não,Não,Não,Não,Sim,Mês a mês,Sim,Cheque eletrônico,116.82,3865.38,1
Feminino,0,Sim,Não,9,Sim,Sim,Não,Sem serviço de internet,Sem serviço de internet,Sem serviço de internet,Sem serviço de internet,Sem serviço de internet,Sem serviço de internet,Mês a mês,Sim,Cheque enviado pelo correio,105.07,1024.17,1
Feminino,0,Sim,Não,38,Sim,Não,DSL,Não,Não,Sim,Não,Sim,Não,Mês a mês,Sim,Cheque eletrônico,108.36,4604.68,0
Masculino,0,Não,Não,53,Não,Sem serviço telefônico,Fibra óptica,Não,Sim,Não,Não,Sim,Sim,Dois anos,Não,Cheque eletrônico,22.14,1014.13,0
Masculino,0,Não,Sim,13,Sim,Sim,Não,Sem serviço de internet,Sem serviço de internet,Sem serviço de internet,Sem serviço de internet,Sem serviço de internet,Sem serviço de internet,Dois anos,Sim,Cheque eletrônico,86.71,1078.17,0
Masculino,0,Sim,Não,53,Sim,Sim,DSL,Não,Não,Não,Não,Não,Não,Dois anos,Não,Cheque enviado pelo correio,28.33,1299.73,0
Masculino,0,Não,Não,49,Sim,Não,Fibra óptica,Não,Não,Não,Não,Não,Sim,Um ano,Sim,Transferência bancária,61.6,3395.26,0
Feminino,0,Sim,Sim,70,Sim,Sim,Não,Sem serviço de internet,Sem serviço de internet,Sem serviço de internet,Sem serviço de internet,Sem serviço de internet,Sem serviço de internet,Mês a mês,Não,Cheque enviado pelo correio,64.44,4288.56,0
Feminino,0,Sim,Não,35,Sim,Sim,DSL,Não,Não,Não,Não,Não,Não,Mês a mês,Sim,Cheque enviado pelo correio,22.23,680.6,1
Feminino,0,Não,Não,16,Sim,Sim,DSL,Não,Não,Não,Sim,Não,Não,Mês a mês,Não,Cheque enviado pelo correio,56.84,796.23,0
Masculino,0,Sim,Sim,13,Sim,Sim,Fibra óptica,Não,Não,Não,Não,Não,Não,Dois anos,Sim,Transferência bancária,46.27,634.23,0
Masculino,0,Não,Não,11,Sim,Sim,Fibra óptica,Não,Não,Sim,Sim,Sim,Sim,Dois anos,Não,Cheque eletrônico,77.05,973.28,0
Feminino,0,Não,Sim,2,Não,Sem serviço telefônico,Fibra óptica,Sim,Não,Sim,Sim,Sim,Não,Um ano,Sim,Cartão de crédito,62.77,129.2,0
Masculino,0,Não,Não,19,Sim,Sim,Fibra óptica,Não,Não,Sim,Não,Não,Sim,Dois anos,Não,Cheque enviado pelo correio,80.12,1295.44,1
Feminino,0,Sim,Não,45,Sim,Não,Fibra óptica,Não,Não,Sim,Não,Não,Sim,Dois anos,Não,Cheque eletrônico,18.21,769.36,0
Feminino,0,Sim,Sim,46,Sim,Sim,Fibra óptica,Não,Sim,Sim,Não,Sim,Não,Mês a mês,Sim,Cheque eletrônico,95.37,3849.77,1
Feminino,0,Sim,Sim,47,Sim,Sim,Fibra óptica,Sim,Sim,Sim,Não,Não,Sim,Mês a mês,Não,Transferência bancária,69.01,3005.16,0
Feminino,0,Não,Não,49,Sim,Sim,Não,Sem serviço de internet,Sem serviço de internet,Sem serviço de internet,Sem serviço de internet,Sem serviço de internet,Sem serviço de internet,Mês a mês,Sim,Cheque enviado pelo correio,34.56,1816.8,0
Feminino,0,Sim,Não,42,Sim,Sim,DSL,Sim,Não,Sim,Não,Não,Não,Mês a mês,Sim,Cheque eletrônico,58.07,2365.34,0
Masculino,0,Sim,Não,33,Não,Sem serviço telefônico,Fibra óptica,Não,Sim,Não,Não,Sim,Não,Mês a mês,Sim,Cartão de crédito,52.17,1590.27,1
Masculino,0,Não,Não,41,Sim,Não,Fibra óptica,Sim,Não,Não,Não,Não,Não,Um ano,Não,Transferência bancária,103.77,4113.21,0
Masculino,0,Não,Não,69,Sim,Sim,Fibra óptica,Não,Sim,Não,Não,Sim,Não,Um ano,Sim,Cheque eletrônico,100.85,6676.31,1
Feminino,0,Não,Sim,19,Sim,Sim,DSL,Não,Não,Não,Não,Não,Não,Dois anos,Não,Cheque eletrônico,33.95,592.61,0
Feminino,0,Não,Não,39,Sim,Sim,Não,Sem serviço de internet,Sem serviço de internet,Sem serviço de internet,Sem serviço de internet,Sem serviço de internet,Sem serviço de internet,Mês a mês,Sim,Cheque eletrônico,102.72,3541.76,0
Feminino,0,Sim,Não,7,Sim,Não,Fibra óptica,Não,Sim,Sim,Não,Sim,Sim,Mês a mês,Não,Cheque eletrônico,78.89,603.86,0
Feminino,1,Sim,Não,39,Sim,Sim,DSL,Sim,Não,Sim,Sim,Sim,Não,Um ano,Sim,Cartão de crédito,43.01,1760.34,0
Masculino,0,Sim,Sim,34,Sim,Sim,Fibra óptica,Sim,Não,Não,Sim,Não,Não,Um ano,Sim,Cartão de crédito,111.15,3519.47,1
Masculino,0,Sim,Sim,44,Sim,Sim,Fibra óptica,Não,Não,Não,Sim,Não,Não,Mês a mês,Sim,Cheque enviado pelo correio,55.13,2109.9,0
Feminino,0,Não,Não,69,Sim,Não,Fibra óptica,Não,Não,Não,Não,Não,Sim,Dois anos,Não,Cheque eletrônico,97.31,7138.27,0
Feminino,0,Sim,Sim,68,Sim,Não,DSL,Não,Não,Não,Não,Sim,Não,Mês a mês,Sim,Cheque enviado pelo correio,85.05,5280.28,1
Feminino,0,Não,Não,63,Sim,Não,Fibra óptica,Sim,Sim,Sim,Sim,Não,Não,Mês a mês,Sim,Cheque enviado pelo correio,97.59,6424.85,1
Masculino,0,Sim,Não,71,Sim,Não,Fibra óptica,Não,Sim,Sim,Sim,Sim,Não,Um ano,Não,Cheque eletrônico,27.44,1907.34,0
Masculino,0,Sim,Sim,48,Sim,Não,DSL,Não,Não,Não,Não,Não,Não,Um ano,Sim,Cheque eletrônico,38.85,1756.96,0
Masculino,1,Não,Não,3,Não,Sem serviço telefônico,DSL,Não,Não,Sim,Não,Não,Não,Um ano,Não,Cheque eletrônico,89.4,246.68,1
Feminino,0,Sim,Não,34,Sim,Não,Fibra óptica,Sim,Sim,Sim,Não,Não,Sim,Mês a mês,Não,Cartão de crédito,32.71,1021.89,0
Feminino,0,Não,Sim,9,Sim,Sim,Fibra óptica,Não,Sim,Não,Não,Sim,Sim,Mês a mês,Sim,Cartão de crédito,93.08,737.72,1
Masculino,0,Não,Não,61,Sim,Sim,DSL,Não,Não,Não,Não,Não,Não,Dois anos,Não,Cheque eletrônico,48.7,3363.18,0
Feminino,0,Não,Sim,20,Sim,Não,Fibra óptica,Não,Sim,Sim,Sim,Não,Sim,Dois anos,Não,Transferência bancária,78.3,1481.72,0
Masculino,0,Sim,Sim,40,Sim,Sim,DSL,Sim,Não,Não,Não,Não,Não,Mês a mês,Não,Cheque eletrônico,54.58,2491.32,0
Feminino,0,Não,Sim,12,Sim,Não,Fibra óptica,Não,Sim,Não,Sim,Não,Não,Dois anos,Não,Cheque eletrônico,77.99,893.77,1
Masculino,1,Sim,Não,28,Sim,Não,Fibra óptica,Não,Sim,Não,Não,Não,Sim,Dois anos,Não,Transferência bancária,80.03,2572.02,1
Feminino,0,Não,Não,48,Sim,Sim,Fibra óptica,Não,Sim,Não,Não,Sim,Sim,Dois anos,Não,Transferência bancária,61.41,2941.23,0
Masculino,0,Sim,Não,7,Sim,Não,DSL,Sim,Sim,Sim,Sim,Não,Sim,Um ano,Sim,Transferência bancária,110.95,672.05,0
Masculino,1,Sim,Sim,14,Sim,Sim,DSL,Não,Não,Sim,Não,Sim,Sim,Mês a mês,Sim,Cheque enviado pelo correio,115.21,1543.88,0
Masculino,0,Não,Não,19,Não,Sem serviço telefônico,DSL,Não,Não,Não,Não,Não,Sim,Mês a mês,Sim,Cheque eletrônico,108.58,2273.4,1
Masculino,0,Sim,Não,54,Sim,Não,Fibra óptica,Não,Não,Não,Não,Não,Não,Mês a mês,Não,Cheque enviado pelo correio,91.5,4471.55,0
Masculino,0,Não,Não,60,Sim,Não,DSL,Não,Não,Não,Não,Não,Não,Mês a mês,Sim,Cheque eletrônico,30.35,1824.93,0
Masculino,0,Sim,Sim,67,Não,Sem serviço telefônico,DSL,Não,Não,Não,Não,Sim,Não,Dois anos,Não,Cheque eletrônico,110.74,8206.83,0
Feminino,0,Não,Sim,34,Sim,Não,DSL,Não,Sim,Sim,Não,Não,Sim,Mês a mês,Sim,Cheque eletrônico,81.67,3093.73,1
Feminino,0,Não,Não,41,Sim,Não,Fibra óptica,Não,Sim,Sim,Não,Sim,Não,Mês a mês,Não,Cheque eletrônico,27.77,1069.46,0
Feminino,0,Sim,Sim,31,Sim,Não,Não,Sem serviço de internet,Sem serviço de internet,Sem serviço de internet,Sem serviço de internet,Sem serviço de internet,Sem serviço de internet,Um ano,Sim,Cheque eletrônico,84.23,2222.31,0
Masculino,0,Não,Sim,39,Sim,Sim,Fibra óptica,Não,Sim,Não,Não,Não,Não,Dois anos,Sim,Cheque eletrônico,53.51,2079.48,0
Masculino,0,Não,Não,52,Sim,Sim,Não,Sem serviço de internet,Sem serviço de internet,Sem serviço de internet,Sem serviço de internet,Sem serviço de internet,Sem serviço de internet,Mês a mês,Sim,Cheque enviado pelo correio,108.45,6130.97,0
Feminino,0,Não,Não,47,Não,Sem serviço telefônico,Fibra óptica,Não,Não,Não,Sim,Não,Não,Mês a mês,Sim,Cartão de crédito,89.45,3851.89,1
Masculino,1,Sim,Não,20,Sim,Não,DSL,Não,Não,Sim,Não,Não,Não,Mês a mês,Sim,Cartão de crédito,79.23,1421.03,1
Masculino,0,Não,Sim,52,Sim,Não,Fibra óptica,Não,Não,Não,Não,Sim,Não,Mês a mês,Sim,Cheque enviado pelo correio,40.83,2058.44,1
Masculino,0,Sim,Não,71,Sim,Não,Fibra óptica,Não,Não,Não,Não,Sim,Não,Dois anos,Não,Transferência bancária,102.97,6856.7,0
Masculino,0,Sim,Não,62,Sim,Sim,Não,Sem serviço de internet,Sem serviço de internet,Sem serviço de internet,Sem serviço de internet,Sem serviço de internet,Sem serviço de internet,Mês a mês,Sim,Cheque eletrônico,110.22,6314.88,1
Masculino,0,Sim,Não,5,Sim,Sim,Fibra óptica,Não,Não,Não,Sim,Não,Não,Mês a mês,Sim,Cheque enviado pelo correio,81.09,447.76,1
Feminino,0,Não,Sim,57,Sim,Sim,DSL,Sim,Sim,Não,Não,Não,Sim,Mês a mês,Sim,Cartão de crédito,107.83,5485.29,0
Feminino,0,Não,Não,4,Não,Sem serviço telefônico,DSL,Não,Não,Não,Não,Sim,Não,Mês a mês,Sim,Cheque eletrônico,36.48,127.2,1
Feminino,0,Sim,Não,11,Não,Sem serviço telefônico,Fibra óptica,Não,Sim,Não,Sim,Não,Não,Mês a mês,Sim,Cartão de crédito,66.37,651.06,1
Feminino,0,Não,Não,19,Sim,Sim,DSL,Não,Sim,Não,Sim,Não,Não,Dois anos,Sim,Cheque enviado pelo correio,30.96,587.23,0
Feminino,0,Não,Não,27,Sim,Sim,Não,Sem serviço de internet,Sem serviço de internet,Sem serviço de internet,Sem serviço de internet,Sem serviço de internet,Sem serviço de internet,Mês a mês,Não,Cheque eletrônico,93.03,2838.81,1
Masculino,0,Sim,Sim,29,Sim,Não,Fibra óptica,Não,Não,Não,Sim,Sim,Não,Mês a mês,Sim,Cheque eletrônico,60.59,1570.49,1
Masculino,0,Não,Sim,18,Sim,Sim,DSL,Não,Não,Não,Não,Sim,Não,Um ano,Sim,Cartão de crédito,108.91,2200.78,1
Masculino,0,Sim,Sim,37,Sim,Sim,Fibra óptica,Sim,Não,Não,Não,Sim,Sim,Mês a mês,Não,Cheque eletrônico,109.93,4539.04,1
Masculino,0,Sim,Não,61,Sim,Não,Não,Sem serviço de internet,Sem serviço de internet,Sem serviço de internet,Sem serviço de internet,Sem serviço de internet,Sem serviço de internet,Mês a mês,Não,Cartão de crédito,70.68,4226.79,0
Feminino,0,Sim,Não,47,Sim,Sim,Fibra óptica,Sim,Não,Não,Não,Não,Sim,Um ano,Não,Cheque enviado pelo correio,28.12,1497.08,0
Feminino,1,Não,Não,20,Sim,Sim,Não,Sem serviço de internet,Sem serviço de internet,Sem serviço de internet,Sem serviço de internet,Sem serviço de internet,Sem serviço de internet,Mês a mês,Sim,Cartão de crédito,52.98,1033.77,0
Feminino,0,Não,Sim,70,Sim,Não,Fibra óptica,Sim,Não,Sim,Não,Não,Sim,Mês a mês,Não,Cartão de crédito,108.34,6941.75,1
Masculino,0,Sim,Não,49,Sim,Sim,Não,Sem serviço de internet,Sem serviço de internet,Sem serviço de internet,Sem serviço de internet,Sem serviço de internet,Sem serviço de internet,Dois anos,Sim,Cheque eletrônico,71.21,3818.3,0
Feminino,0,Sim,Sim,15,Sim,Sim,DSL,Não,Sim,Não,Não,Sim,Não,Um ano,Sim,Cartão de crédito,30.69,464.76,0
Masculino,0,Não,Não,18,Sim,Sim,Fibra óptica,Não,Não,Não,Não,Sim,Não,Dois anos,Sim,Cheque enviado pelo correio,24.87,452.34,0
Feminino,0,Não,Sim,38,Sim,Sim,DSL,Não,Não,Não,Sim,Sim,Não,Mês a mês,Sim,Cartão de crédito,112.0,4375.23,0
Feminino,0,Não,Não,22,Sim,Não,DSL,Sim,Sim,Não,Sim,Não,Não,Um ano,Sim,Cartão de crédito,92.43,1740.55,0
Masculino,0,Não,Não,60,Sim,Não,Não,Sem serviço de internet,Sem serviço de internet,Sem serviço de internet,Sem serviço de internet,Sem serviço de internet,Sem serviço de internet,Dois anos,Não,Cheque eletrônico,77.2,4064.86,0
Masculino,0,Não,Não,66,Sim,Sim,Fibra óptica,Não,Não,Não,Não,Não,Sim,Um ano,Não,Transferência bancária,22.92,1294.78,0
Feminino,1,Não,Não,26,Sim,Não,Não,Sem serviço de internet,Sem serviço de internet,Sem serviço de internet,Sem serviço de internet,Sem serviço de internet,Sem serviço de internet,Mês a mês,Sim,Cheque eletrônico,84.66,2192.51,0
Feminino,1,Não,Sim,64,Sim,Sim,DSL,Não,Não,Não,Não,Sim,Sim,Mês a mês,Não,Transferência bancária,111.53,6927.98,1
Masculino,0,Sim,Não,58,Sim,Não,DSL,Não,Não,Sim,Não,Não,Não,Mês a mês,Sim,Cheque enviado pelo correio,56.58,3738.93,0
Feminino,0,Não,Não,3,Sim,Não,Fibra óptica,Não,Não,Não,Sim,Sim,Não,Mês a mês,Sim,Cheque eletrônico,95.21,304.17,1
Feminino,0,Sim,Não,30,Sim,Sim,DSL,Não,Não,Não,Não,Não,Não,Dois anos,Não,Cheque eletrônico,93.18,2997.42,0
Masculino,1,Sim,Sim,19,Sim,Sim,Não,Sem serviço de internet,Sem serviço de internet,Sem serviço de internet,Sem serviço de internet,Sem serviço de internet,Sem serviço de internet,Mês a mês,Sim,Cheque eletrônico,96.8,1719.51,1
Feminino,0,Sim,Não,10,Sim,Não,Não,Sem serviço de internet,Sem serviço de internet,Sem serviço de internet,Sem serviço de internet,Sem serviço de internet,Sem serviço de internet,Dois anos,Sim,Cartão de crédito,57.95,604.29,0
Masculino,0,Não,Sim,46,Sim,Não,DSL,Não,Não,Sim,Não,Não,Não,Mês a mês,Não,Transferência bancária,82.48,3372.99,1
Feminino,1,Não,Não,19,Sim,Não,Não,Sem serviço de internet,Sem serviço de internet,Sem serviço de internet,Sem serviço de internet,Sem serviço de internet,Sem serviço de internet,Dois anos,Não,Cheque eletrônico,26.43,498.97,0
Masculino,0,Não,Sim,58,Sim,Sim,Não,Sem serviço de internet,Sem serviço de internet,Sem serviço de internet,Sem serviço de internet,Sem serviço de internet,Sem serviço de internet,Mês a mês,Não,Cheque enviado pelo correio,41.43,2560.79,0
Feminino,0,Sim,Não,6,Sim,Sim,Não,Sem serviço de internet,Sem serviço de internet,Sem serviço de internet,Sem serviço de internet,Sem serviço de internet,Sem serviço de internet,Um ano,Sim,Transferência bancária,50.13,330.03,0
Masculino,0,Não,Não,51,Sim,Sim,DSL,Sim,Não,Não,Não,Não,Sim,Dois anos,Não,Cartão de crédito,97.47,5412.88,0
Feminino,1,Sim,Sim,14,Sim,Sim,Não,Sem serviço de internet,Sem serviço de internet,Sem serviço de internet,Sem serviço de internet,Sem serviço de internet,Sem serviço de internet,Mês a mês,Não,Transferência bancária,85.12,1060.23,0
Masculino,0,Não,Não,58,Não,Sem serviço telefônico,Fibra óptica,Sim,Não,Não,Não,Sim,Não,Um ano,Sim,Cheque eletrônico,60.49,3377.84,0
Feminino,0,Sim,Não,8,Sim,Não,DSL,Não,Não,Não,Não,Não,Sim,Mês a mês,Não,Cartão de crédito,58.06,441.83,1
Feminino,0,Não,Sim,2,Sim,Sim,Fibra óptica,Sim,Sim,Sim,Não,Não,Não,Mês a mês,Sim,Cheque enviado pelo correio,62.83,127.08,0
Feminino,0,Não,Sim,18,Sim,Sim,Fibra óptica,Sim,Sim,Sim,Não,Sim,Não,Mês a mês,Não,Transferência bancária,72.06,1232.42,0
Feminino,0,Não,Não,57,Sim,Sim,DSL,Sim,Não,Não,Não,Não,Sim,Mês a mês,Sim,Cheque eletrônico,72.98,4121.35,0
Feminino,0,Não,Não,35,Não,Sem serviço telefônico,Não,Sem serviço de internet,Sem serviço de internet,Sem serviço de internet,Sem serviço de internet,Sem serviço de internet,Sem serviço de internet,Um ano,Sim,Transferência bancária,67.16,2216.02,0
Feminino,1,Não,Não,66,Sim,Não,Fibra óptica,Não,Sim,Não,Sim,Não,Sim,Mês a mês,Sim,Cheque enviado pelo correio,77.48,4753.95,0
Feminino,0,Sim,Não,56,Sim,Não,Fibra óptica,Não,Não,Sim,Não,Sim,Não,Dois anos,Não,Cheque eletrônico,41.05,2067.27,0
Feminino,1,Não,Não,43,Sim,Não,Fibra óptica,Não,Sim,Não,Não,Não,Não,Mês a mês,Sim,Cartão de crédito,75.82,3124.76,0
Feminino,0,Sim,Sim,72,Sim,Sim,DSL,Sim,Não,Não,Não,Não,Não,Mês a mês,Não,Transferência bancária,115.94,7726.22,0
Masculino,0,Sim,Não,8,Sim,Não,Fibra óptica,Não,Sim,Não,Não,Sim,Sim,Mês a mês,Sim,Cheque eletrônico,55.13,414.87,1
Masculino,0,Sim,Não,5,Sim,Sim,Fibra óptica,Não,Não,Não,Sim,Sim,Não,Mês a mês,Não,Transferência bancária,25.28,120.3,1
Feminino,0,Não,Não,13,Sim,Sim,Fibra óptica,Sim,Não,Não,Sim,Sim,Sim,Um ano,Sim,Cartão de crédito,104.88,1198.16,0
Masculino,0,Sim,Não,7,Sim,Sim,Fibra óptica,Não,Não,Não,Não,Sim,Sim,Um ano,Sim,Cheque enviado pelo correio,87.99,550.22,0
Feminino,0,Sim,Não,21,Sim,Sim,DSL,Sim,Sim,Não,Sim,Sim,Não,Um ano,Sim,Cheque enviado pelo correio,108.36,2072.69,0
Feminino,0,Não,Sim,37,Sim,Não,Fibra óptica,Sim,Não,Não,Não,Não,Não,Dois anos,Sim,Transferência bancária,103.95,3925.38,0
Masculino,0,Não,Não,45,Sim,Não,DSL,Não,Não,Não,Não,Não,Sim,Mês a mês,Sim,Cheque enviado pelo correio,100.3,4411.63,1
Feminino,1,Sim,Não,52,Sim,Sim,Fibra óptica,Sim,Sim,Não,Não,Não,Não,Mês a mês,Não,Cheque enviado pelo correio,19.02,845.87,1
Feminino,0,Não,Não,48,Sim,Não,Fibra óptica,Sim,Sim,Não,Não,Não,Não,Mês a mês,Sim,Cheque enviado pelo correio,100.97,5527.87,1
Masculino,0,Sim,Sim,62,Sim,Sim,DSL,Não,Não,Não,Não,Sim,Não,Um ano,Sim,Cheque eletrônico,40.35,2405.22,0
Masculino,0,Não,Não,51,Sim,Não,Fibra óptica,Não,Não,Não,Não,Sim,Sim,Dois anos,Não,Cheque eletrônico,26.81,1348.93,0
Feminino,0,Não,Não,4,Sim,Não,Não,Sem serviço de internet,Sem serviço de internet,Sem serviço de internet,Sem serviço de internet,Sem serviço de internet,Sem serviço de internet,Dois anos,Sim,Cheque enviado pelo correio,41.47,152.22,0
Masculino,0,Não,Sim,56,Sim,Sim,Não,Sem serviço de internet,Sem serviço de internet,Sem serviço de internet,Sem serviço de internet,Sem serviço de internet,Sem serviço de internet,Dois anos,Sim,Cheque eletrônico,102.43,5542.96,0
Masculino,0,Não,Sim,34,Sim,Sim,DSL,Sim,Não,Sim,Sim,Não,Não,Um ano,Não,Transferência bancária,101.78,3364.94,0
Feminino,0,Sim,Não,45,Não,Sem serviço telefônico,DSL,Sim,Não,Não,Não,Não,Sim,Um ano,Não,Cartão de crédito,58.01,2529.78,0
Masculino,1,Sim,Sim,16,Sim,Sim,Fibra óptica,Não,Não,Não,Não,Sim,Não,Mês a mês,Não,Cheque enviado pelo correio,79.72,1111.01,1
Masculino,0,Não,Não,9,Sim,Sim,DSL,Não,Não,Sim,Sim,Não,Sim,Um ano,Sim,Cartão de crédito,85.4,853.7,0
Feminino,0,Sim,Não,16,Sim,Não,Fibra óptica,Não,Não,Não,Não,Sim,Sim,Mês a mês,Sim,Cartão de crédito,81.39,1116.85,0
Masculino,0,Não,Não,31,Sim,Não,DSL,Não,Não,Sim,Não,Sim,Não,Mês a mês,Não,Transferência bancária,76.85,2498.76,0
Masculino,0,Sim,Não,13,Sim,Não,DSL,Não,Sim,Não,Sim,Sim,Sim,Mês a mês,Não,Transferência bancária,101.47,1194.98,1
Feminino,0,Sim,Não,5,Sim,Não,Fibra óptica,Não,Não,Sim,Não,Sim,Não,Mês a mês,Não,Transferência bancária,54.21,308.54,1
Feminino,0,Não,Não,47,Sim,Não,DSL,Não,Não,Não,Sim,Não,Sim,Mês a mês,Sim,Cheque eletrônico,52.52,2303.79,0
Feminino,1,Sim,Não,39,Sim,Sim,DSL,Não,Não,Sim,Não,Não,Não,Dois anos,Sim,Transferência bancária,53.23,1965.83,0
Masculino,0,Sim,Não,18,Não,Sem serviço telefônico,Fibra óptica,Não,Sim,Sim,Sim,Sim,Não,Dois anos,Não,Cheque enviado pelo correio,44.16,804.97,0
Feminino,0,Sim,Não,20,Sim,Sim,DSL,Sim,Não,Não,Não,Não,Sim,Um ano,Não,Cheque eletrônico,109.84,2248.04,0
Feminino,1,Não,Não,2,Sim,Sim,Não,Sem serviço de internet,Sem serviço de internet,Sem serviço de internet,Sem serviço de internet,Sem serviço de internet,Sem serviço de internet,Dois anos,Sim,Transferência bancária,39.16,79.4,0
Masculino,0,Sim,Não,40,Sim,Sim,Fibra óptica,Não,Sim,Não,Não,Não,Sim,Mês a mês,Sim,Cartão de crédito,89.54,3221.31,0
Feminino,0,Sim,Não,30,Sim,Sim,Fibra óptica,Não,Não,Não,Não,Sim,Sim,Dois anos,Sim,Cheque eletrônico,86.95,2531.15,0
Feminino,0,Sim,Não,10,Não,Sem serviço telefônico,Fibra óptica,Sim,Não,Não,Não,Sim,Não,Dois anos,Sim,Cheque eletrônico,93.1,856.14,0
Feminino,0,Sim,Não,64,Sim,Sim,Fibra óptica,Não,Sim,Não,Não,Sim,Não,Mês a mês,Sim,Cheque enviado pelo correio,83.8,4685.43,0
Feminino,0,Sim,Não,42,Sim,Não,DSL,Não,Não,Não,Não,Sim,Não,Mês a mês,Sim,Cheque eletrônico,24.12,935.99,1
Masculino,0,Não,Não,53,Sim,Sim,DSL,Sim,Não,Sim,Não,Não,Não,Um ano,Não,Cheque eletrônico,39.94,2193.08,0
Feminino,0,Não,Não,53,Sim,Sim,Fibra óptica,Não,Sim,Sim,Não,Não,Sim,Mês a mês,Não,Cheque enviado pelo correio,113.66,5817.1,0
Feminino,0,Sim,Sim,40,Não,Sem serviço telefônico,Fibra óptica,Sim,Não,Não,Sim,Sim,Sim,Mês a mês,Sim,Transferência bancária,38.69,1734.93,0
Masculino,1,Não,Não,16,Sim,Não,Fibra óptica,Não,Não,Não,Sim,Não,Sim,Dois anos,Sim,Transferência bancária,51.41,852.56,0
Feminino,0,Não,Não,48,Sim,Não,Não,Sem serviço de internet,Sem serviço de internet,Sem serviço de internet,Sem serviço de internet,Sem serviço de internet,Sem serviço de internet,Mês a mês,Não,Cheque enviado pelo correio,113.35,5226.66,0
Masculino,0,Sim,Sim,61,Sim,Sim,DSL,Não,Sim,Sim,Não,Não,Sim,Um ano,Não,Cheque eletrônico,110.7,7680.27,1
Masculino,0,Sim,Não,38,Sim,Não,Fibra óptica,Sim,Sim,Não,Não,Sim,Não,Mês a mês,Sim,Cheque eletrônico,45.47,1921.37,1
Masculino,0,Não,Sim,44,Sim,Não,Não,Sem serviço de internet,Sem serviço de internet,Sem serviço de internet,Sem serviço de internet,Sem serviço de internet,Sem serviço de internet,Mês a mês,Sim,Cheque enviado pelo correio,72.55,3127.8,1
Feminino,0,Não,Não,15,Sim,Sim,Fibra óptica,Sim,Sim,Não,Não,Sim,Não,Dois anos,Sim,Transferência bancária,37.2,605.88,0
Masculino,0,Sim,Não,61,Não,Sem serviço telefônico,Não,Sem serviço de internet,Sem serviço de internet,Sem serviço de internet,Sem serviço de internet,Sem serviço de internet,Sem serviço de internet,Mês a mês,Não,Transferência bancária,74.1,4751.21,0
Masculino,0,Sim,Sim,7,Sim,Não,Não,Sem serviço de internet,Sem serviço de internet,Sem serviço de internet,Sem serviço de internet,Sem serviço de internet,Sem serviço de internet,Mês a mês,Sim,Cheque enviado pelo correio,38.38,266.97,0
Masculino,0,Sim,Sim,30,Sim,Sim,Não,Sem serviço de internet,Sem serviço de internet,Sem serviço de internet,Sem serviço de internet,Sem serviço de internet,Sem serviço de internet,Um ano,Sim,Cheque eletrônico,80.99,2502.24,0
Feminino,0,Sim,Não,36,Sim,Sim,DSL,Não,Não,Sim,Não,Sim,Sim,Mês a mês,Sim,Transferência bancária,29.11,1068.63,0
Feminino,0,Não,Sim,11,Sim,Não,DSL,Não,Não,Não,Não,Não,Sim,Mês a mês,Não,Transferência bancária,54.27,548.91,1
Feminino,0,Não,Sim,70,Sim,Sim,Fibra óptica,Não,Não,Não,Não,Não,Sim,Um ano,Sim,Cartão de crédito,95.72,6098.67,0
Feminino,0,Não,Sim,29,Não,Sem serviço telefônico,DSL,Não,Não,Não,Não,Sim,Não,Um ano,Sim,Cheque eletrônico,67.82,2054.1,0
Feminino,0,Sim,Sim,6,Sim,Sim,DSL,Não,Não,Não,Não,Não,Não,Um ano,Não,Transferência bancária,113.2,650.28,1
Feminino,0,Sim,Sim,51,Sim,Sim,Fibra óptica,Não,Não,Sim,Não,Não,Sim,Um ano,Não,Transferência bancária,56.61,2494.88,0
Feminino,0,Sim,Não,38,Sim,Não,Fibra óptica,Sim,Não,Não,Não,Sim,Sim,Dois anos,Sim,Cheque eletrônico,108.05,4423.47,0
Masculino,0,Não,Não,22,Sim,Sim,Não,Sem serviço de internet,Sem serviço de internet,Sem serviço de internet,Sem serviço de internet,Sem serviço de internet,Sem serviço de internet,Mês a mês,Não,Cheque enviado pelo correio,96.24,1977.8,1
Masculino,1,Não,Sim,54,Sim,Sim,Fibra óptica,Não,Não,Não,Não,Não,Sim,Mês a mês,Sim,Transferência bancária,93.64,5608.97,0
Masculino,1,Sim,Sim,40,Não,Sem serviço telefônico,Fibra óptica,Não,Não,Sim,Não,Não,Não,Dois anos,Não,Cartão de crédito,65.46,2273.76,0
Masculino,1,Sim,Não,7,Sim,Não,Fibra óptica,Não,Não,Não,Não,Não,Não,Um ano,Não,Transferência bancária,68.16,483.28,1
Feminino,0,Não,Sim,40,Sim,Não,Fibra óptica,Não,Sim,Não,Sim,Não,Não,Dois anos,Sim,Cartão de crédito,48.44,1757.23,0
Masculino,0,Não,Não,24,Sim,Sim,DSL,Não,Não,Não,Não,Não,Sim,Mês a mês,Não,Cartão de crédito,109.02,2558.87,0
Masculino,0,Sim,Sim,41,Sim,Não,Fibra óptica,Não,Não,Não,Não,Não,Não,Mês a mês,Não,Cheque enviado pelo correio,40.18,1585.15,0
Masculino,1,Sim,Sim,51,Sim,Não,DSL,Não,Não,Não,Não,Sim,Não,Mês a mês,Não,Cartão de crédito,58.22,2937.34,0
Masculino,0,Sim,Sim,39,Sim,Não,DSL,Não,Não,Sim,Não,Sim,Sim,Mês a mês,Não,Cheque eletrônico,74.59,2992.11,0
Feminino,0,Não,Sim,43,Sim,Sim,DSL,Não,Não,Não,Não,Sim,Não,Mês a mês,Sim,Transferência bancária,44.35,1884.77,0
Feminino,0,Não,Não,69,Sim,Não,Não,Sem serviço de internet,Sem serviço de internet,Sem serviço de internet,Sem serviço de internet,Sem serviço de internet,Sem serviço de internet,Um ano,Sim,Cheque eletrônico,44.69,3225.83,0
Feminino,0,Não,Sim,59,Sim,Não,Fibra óptica,Não,Não,Não,Não,Não,Sim,Dois anos,Sim,Cartão de crédito,54.92,2965.02,1
Masculino,0,Não,Não,25,Sim,Sim,Fibra óptica,Não,Sim,Sim,Sim,Não,Não,Mês a mês,Sim,Transferência bancária,97.81,2412.33,0
Feminino,0,Não,Não,25,Sim,Sim,Não,Sem serviço de internet,Sem serviço de internet,Sem serviço de internet,Sem serviço de internet,Sem serviço de internet,Sem serviço de internet,Mês a mês,Não,Transferência bancária,30.05,652.62,0
Masculino,0,Sim,Não,24,Sim,Não,Fibra óptica,Sim,Sim,Sim,Sim,Não,Não,Um ano,Sim,Transferência bancária,80.86,1955.81,0
Feminino,0,Sim,Sim,62,Não,Sem serviço telefônico,Não,Sem serviço de internet,Sem serviço de internet,Sem serviço de internet,Sem serviço de internet,Sem serviço de internet,Sem serviço de internet,Mês a mês,Sim,Cheque enviado pelo correio,115.16,6969.39,1
Feminino,0,Sim,Sim,43,Não,Sem serviço telefônico,Não,Sem serviço de internet,Sem serviço de internet,Sem serviço de internet,Sem serviço de internet,Sem serviço de internet,Sem serviço de internet,Um ano,Sim,Cheque enviado pelo correio,83.77,3765.16,0
Feminino,0,Sim,Não,59,Sim,Não,Não,Sem serviço de internet,Sem serviço de internet,Sem serviço de internet,Sem serviço de internet,Sem serviço de internet,Sem serviço de internet,Dois anos,Sim,Cheque eletrônico,63.09,3370.95,0
Feminino,1,Não,Sim,54,Sim,Não,Não,Sem serviço de internet,Sem serviço de internet,Sem serviço de internet,Sem serviço de internet,Sem serviço de internet,Sem serviço de internet,Um ano,Sim,Cartão de crédito,74.7,3751.18,0
Feminino,0,Não,Não,26,Sim,Sim,Fibra óptica,Não,Não,Sim,Não,Não,Não,Mês a mês,Sim,Cheque eletrônico,27.3,749.33,1
Masculino,0,Não,Não,54,Sim,Sim,Fibra óptica,Não,Não,Sim,Não,Não,Não,Um ano,Não,Cartão de crédito,60.12,3101.29,0
Feminino,0,Sim,Não,61,Sim,Não,Fibra óptica,Sim,Não,Não,Não,Não,Não,Mês a mês,Não,Transferência bancária,30.32,2069.42,1
Masculino,0,Sim,Sim,44,Sim,Sim,Não,Sem serviço de internet,Sem serviço de internet,Sem serviço de internet,Sem serviço de internet,Sem serviço de internet,Sem serviço de internet,Mês a mês,Sim,Cheque enviado pelo correio,48.11,1901.08,0
Masculino,0,Sim,Não,9,Sim,Sim,Fibra óptica,Não,Não,Não,Não,Não,Sim,Dois anos,Sim,Transferência bancária,54.76,522.99,0
Masculino,0,Não,Não,42,Sim,Sim,DSL,Não,Não,Não,Não,Sim,Não,Um ano,Não,Cartão de crédito,100.72,3776.73,0
Masculino,0,Sim,Não,29,Não,Sem serviço telefônico,Fibra óptica,Sim,Não,Não,Não,Não,Não,Dois anos,Sim,Cheque eletrônico,64.28,1782.93,0
Masculino,0,Sim,Sim,58,Sim,Sim,DSL,Não,Sim,Não,Sim,Não,Sim,Dois anos,Não,Cheque eletrônico,45.31,2335.1,0
Feminino,0,Sim,Não,63,Sim,Sim,Fibra óptica,Sim,Sim,Não,Não,Não,Não,Mês a mês,Sim,Cartão de crédito,81.42,5091.05,0
Feminino,0,Não,Não,49,Sim,Sim,DSL,Não,Não,Não,Não,Não,Sim,Mês a mês,Sim,Cheque enviado pelo correio,85.85,4444.88,1
Feminino,0,Não,Não,11,Não,Sem serviço telefônico,Não,Sem serviço de internet,Sem serviço de internet,Sem serviço de internet,Sem serviço de internet,Sem serviço de internet,Sem serviço de internet,Mês a mês,Não,Transferência bancária,54.66,550.88,0
Feminino,0,Não,Não,54,Não,Sem serviço telefônico,DSL,Sim,Não,Não,Não,Não,Não,Mês a mês,Sim,Cheque eletrônico,55.36,3431.07,0
Masculino,0,Não,Não,30,Sim,Sim,Fibra óptica,Não,Sim,Sim,Sim,Sim,Sim,Um ano,Não,Cheque enviado pelo correio,102.22,2878.31,0
Feminino,0,Não,Sim,66,Sim,Sim,Não,Sem serviço de internet,Sem serviço de internet,Sem serviço de internet,Sem serviço de internet,Sem serviço de internet,Sem serviço de internet,Dois anos,Sim,Cartão de crédito,66.85,4600.66,0
Feminino,0,Sim,Não,65,Sim,Sim,Fibra óptica,Não,Sim,Não,Sim,Não,Não,Um ano,Não,Cheque enviado pelo correio,93.8,5786.49,1
Masculino,0,Sim,Não,58,Sim,Sim,DSL,Sim,Não,Não,Não,Não,Não,Mês a mês,Não,Cartão de crédito,31.63,1719.18,0
Masculino,0,Não,Sim,57,Sim,Não,DSL,Não,Sim,Não,Não,Não,Não,Um ano,Não,Cheque eletrônico,61.94,3269.24,0
Feminino,0,Não,Não,37,Sim,Não,DSL,Sim,Sim,Não,Não,Sim,Não,Mês a mês,Sim,Cheque enviado pelo correio,33.23,1212.7,0
Feminino,0,Sim,Não,54,Sim,Não,Fibra óptica,Não,Não,Sim,Sim,Sim,Não,Mês a mês,Sim,Cartão de crédito,21.35,1298.69,0
Masculino,0,Sim,Sim,69,Sim,Não,DSL,Não,Sim,Não,Não,Não,Sim,Mês a mês,Sim,Cheque enviado pelo correio,87.77,5947.09,1
Feminino,0,Não,Sim,24,Sim,Não,Fibra óptica,Sim,Não,Sim,Não,Não,Não,Mês a mês,Sim,Cheque eletrônico,41.99,1079.29,1
Feminino,1,Sim,Não,63,Sim,Sim,DSL,Sim,Não,Não,Não,Sim,Não,Dois anos,Não,Cheque eletrônico,75.63,4644.23,0
Feminino,0,Não,Não,51,Sim,Sim,Fibra óptica,Não,Sim,Não,Não,Não,Não,Mês a mês,Não,Cheque enviado pelo correio,48.78,2607.93,0
Feminino,0,Sim,Não,15,Sim,Não,Fibra óptica,Não,Sim,Sim,Sim,Não,Sim,Mês a mês,Sim,Transferência bancária,105.33,1464.35,1
Masculino,0,Sim,Sim,47,Sim,Sim,Fibra óptica,Não,Sim,Não,Não,Não,Não,Dois anos,Sim,Cheque eletrônico,93.99,4952.97,0
Masculino,0,Sim,Sim,46,Sim,Não,Não,Sem serviço de internet,Sem serviço de internet,Sem serviço de internet,Sem serviço de internet,Sem serviço de internet,Sem serviço de internet,Mês a mês,Sim,Transferência bancária,53.19,2793.24,0
Masculino,0,Não,Não,30,Sim,Não,Fibra óptica,Não,Não,Sim,Não,Não,Não,Um ano,Sim,Cheque eletrônico,49.15,1542.54,1
Feminino,0,Não,Não,20,Sim,Não,Não,Sem serviço de internet,Sem serviço de internet,Sem serviço de internet,Sem serviço de internet,Sem serviço de internet,Sem serviço de internet,Dois anos,Sim,Cheque eletrônico,36.57,645.44,0
Feminino,0,Sim,Sim,57,Sim,Não,Fibra óptica,Não,Não,Não,Não,Não,Não,Mês a mês,Não,Cheque eletrônico,53.82,2733.21,0
Feminino,0,Não,Não,49,Sim,Sim,DSL,Não,Sim,Não,Não,Não,Sim,Mês a mês,Sim,Cheque enviado pelo correio,65.16,3323.55,0
Feminino,0,Sim,Não,56,Sim,Sim,Fibra óptica,Não,Não,Não,Não,Não,Sim,Dois anos,Sim,Transferência bancária,92.59,4463.48,0
Feminino,0,Sim,Sim,56,Sim,Sim,DSL,Sim,Não,Não,Não,Não,Sim,Um ano,Sim,Cheque eletrônico,114.15,5695.88,0
Masculino,0,Não,Sim,25,Não,Sem serviço telefônico,DSL,Sim,Não,Não,Não,Sim,Não,Mês a mês,Sim,Transferência bancária,44.21,1128.09,0
Feminino,0,Sim,Sim,9,Não,Sem serviço telefônico,Não,Sem serviço de internet,Sem serviço de internet,Sem serviço de internet,Sem serviço de internet,Sem serviço de internet,Sem serviço de internet,Um ano,Não,Transferência bancária,97.53,968.94,0
Feminino,0,Não,Não,22,Não,Sem serviço telefônico,DSL,Não,Não,Não,Não,Sim,Não,Dois anos,Sim,Cartão de crédito,50.0,1019.75,0
Masculino,0,Não,Sim,37,Sim,Não,Fibra óptica,Sim,Não,Sim,Não,Não,Sim,Dois anos,Não,Cheque eletrônico,58.37,2239.62,0
Feminino,0,Não,Não,28,Sim,Sim,Fibra óptica,Não,Não,Não,Sim,Não,Não,Dois anos,Sim,Cheque eletrônico,72.83,1929.58,0
Masculino,1,Não,Não,14,Sim,Sim,Fibra óptica,Não,Sim,Não,Não,Sim,Não,Um ano,Não,Transferência bancária,63.46,883.06,1
Masculino,0,Não,Não,30,Sim,Não,Fibra óptica,Sim,Não,Não,Não,Não,Sim,Dois anos,Sim,Cheque enviado pelo correio,48.93,1261.57,0
Masculino,0,Sim,Sim,39,Sim,Não,Não,Sem serviço de internet,Sem serviço de internet,Sem serviço de internet,Sem serviço de internet,Sem serviço de internet,Sem serviço de internet,Mês a mês,Não,Transferência bancária,20.86,896.91,0
Masculino,0,Sim,Não,57,Sim,Não,Fibra óptica,Não,Não,Sim,Não,Não,Não,Mês a mês,Sim,Cheque eletrônico,97.99,6348.56,0
Masculino,0,Sim,Não,5,Sim,Não,Fibra óptica,Não,Sim,Não,Não,Sim,Não,Dois anos,Sim,Cheque eletrônico,66.23,313.51,1
Feminino,0,Não,Não,12,Sim,Sim,DSL,Não,Não,Não,Não,Sim,Não,Dois anos,Sim,Transferência bancária,36.75,485.89,0
Masculino,0,Sim,Não,35,Sim,Não,Fibra óptica,Não,Sim,Não,Não,Não,Não,Mês a mês,Não,Cheque eletrônico,80.49,2485.03,1
Masculino,0,Sim,Não,41,Sim,Sim,Não,Sem serviço de internet,Sem serviço de internet,Sem serviço de internet,Sem serviço de internet,Sem serviço de internet,Sem serviço de internet,Dois anos,Não,Cartão de crédito,95.3,4433.66,0
Feminino,1,Não,Não,63,Sim,Sim,Não,Sem serviço de internet,Sem serviço de internet,Sem serviço de internet,Sem serviço de internet,Sem serviço de internet,Sem serviço de internet,Mês a mês,Sim,Transferência bancária,86.72,6266.55,0
Feminino,0,Não,Sim,42,Sim,Sim,Fibra óptica,Não,Sim,Não,Sim,Sim,Sim,Mês a mês,Sim,Cartão de crédito,74.09,2662.22,1
Masculino,0,Não,Não,65,Não,Sem serviço telefônico,Não,Sem serviço de internet,Sem serviço de internet,Sem serviço de internet,Sem serviço de internet,Sem serviço de internet,Sem serviço de internet,Mês a mês,Sim,Transferência bancária,37.01,2146.57,0
Feminino,1,Não,Não,65,Sim,Sim,Fibra óptica,Não,Não,Não,Não,Não,Sim,Mês a mês,Sim,Cartão de crédito,44.42,2915.88,1
Feminino,0,Sim,Não,43,Sim,Não,Fibra óptica,Não,Não,Não,Não,Sim,Não,Dois anos,Sim,Cheque enviado pelo correio,28.12,1231.49,0
Masculino,0,Não,Sim,60,Sim,Não,Não,Sem serviço de internet,Sem serviço de internet,Sem serviço de internet,Sem serviço de internet,Sem serviço de internet,Sem serviço de internet,Mês a mês,Não,Cartão de crédito,40.24,2477.43,0
Masculino,0,Sim,Sim,20,Sim,Sim,Fibra óptica,Não,Não,Não,Sim,Não,Não,Mês a mês,Sim,Cheque eletrônico,36.82,642.75,1
Feminino,1,Sim,Não,63,Sim,Sim,DSL,Não,Não,Sim,Não,Não,Sim,Mês a mês,Sim,Cheque eletrônico,109.65,7620.18,0
Masculino,0,Não,Sim,24,Não,Sem serviço telefônico,DSL,Não,Não,Não,Sim,Sim,Não,Mês a mês,Sim,Cartão de crédito,29.14,774.92,1
Masculino,0,Não,Não,72,Sim,Não,Fibra óptica,Não,Não,Sim,Sim,Sim,Não,Dois anos,Não,Cheque enviado pelo correio,112.34,8801.85,0
Feminino,0,Não,Não,35,Sim,Sim,Fibra óptica,Sim,Sim,Sim,Não,Não,Não,Mês a mês,Sim,Cheque enviado pelo correio,32.28,1205.68,1
Masculino,0,Não,Não,41,Sim,Não,DSL,Não,Não,Sim,Não,Sim,Não,Mês a mês,Sim,Cheque eletrônico,76.11,2671.96,1
Masculino,0,Não,Sim,16,Sim,Não,DSL,Não,Não,Não,Não,Não,Não,Um ano,Sim,Cartão de crédito,36.97,650.19,0
Masculino,0,Sim,Sim,6,Sim,Sim,Não,Sem serviço de internet,Sem serviço de internet,Sem serviço de internet,Sem serviço de internet,Sem serviço de internet,Sem serviço de internet,Mês a mês,Sim,Cartão de crédito,83.73,428.13,1
Masculino,0,Não,Não,20,Sim,Não,DSL,Sim,Não,Sim,Não,Não,Sim,Dois anos,Sim,Cartão de crédito,101.06,1822.02,0
Masculino,1,Não,Não,56,Sim,Não,Fibra óptica,Sim,Não,Sim,Não,Não,Não,Mês a mês,Sim,Transferência bancária,27.29,1356.38,1
Feminino,0,Não,Não,8,Sim,Sim,Fibra óptica,Não,Não,Não,Não,Não,Não,Dois anos,Sim,Cheque eletrônico,113.05,963.25,0
Feminino,1,Sim,Não,6,Sim,Não,Não,Sem serviço de internet,Sem serviço de internet,Sem serviço de internet,Sem serviço de internet,Sem serviço de internet,Sem serviço de internet,Mês a mês,Sim,Cartão de crédito,33.44,180.69,1
Masculino,0,Sim,Não,8,Sim,Não,DSL,Não,Não,Sim,Não,Não,Sim,Mês a mês,Não,Cartão de crédito,63.99,529.77,1
Feminino,0,Não,Sim,62,Sim,Sim,Fibra óptica,Sim,Não,Não,Não,Não,Sim,Mês a mês,Sim,Cheque eletrônico,111.54,6162.4,0
Masculino,0,Sim,Não,14,Sim,Sim,DSL,Não,Sim,Não,Não,Não,Não,Mês a mês,Sim,Transferência bancária,106.13,1568.4,1
Masculino,0,Não,Sim,3,Sim,Não,Fibra óptica,Não,Não,Não,Sim,Sim,Não,Mês a mês,Sim,Cheque eletrônico,28.6,96.08,1
Masculino,1,Sim,Sim,2,Sim,Sim,Fibra óptica,Não,Não,Sim,Não,Sim,Sim,Mês a mês,Sim,Cartão de crédito,79.96,172.98,0
Masculino,0,Sim,Não,22,Sim,Não,DSL,Não,Sim,Não,Não,Não,Não,Um ano,Sim,Transferência bancária,97.83,2018.49,0
Masculino,0,Não,Não,70,Sim,Sim,Não,Sem serviço de internet,Sem serviço de internet,Sem serviço de internet,Sem serviço de internet,Sem serviço de internet,Sem serviço de internet,Mês a mês,Não,Cheque eletrônico,92.83,6932.3,0
Feminino,0,Sim,Não,71,Sim,Não,DSL,Não,Sim,Sim,Não,Não,Não,Mês a mês,Não,Cheque eletrônico,42.68,3479.96,0
Feminino,0,Não,Não,6,Sim,Não,Não,Sem serviço de internet,Sem serviço de internet,Sem serviço de internet,Sem serviço de internet,Sem serviço de internet,Sem serviço de internet,Mês a mês,Não,Cheque enviado pelo correio,52.24,329.43,1
Masculino,0,Sim,Sim,50,Sim,Sim,Fibra óptica,Não,Não,Sim,Não,Não,Não,Dois anos,Sim,Transferência bancária,43.01,1910.04,0
Feminino,0,Sim,Não,44,Sim,Sim,Fibra óptica,Sim,Não,Sim,Não,Não,Sim,Um ano,Sim,Transferência bancária,83.19,3728.18,0
Masculino,0,Sim,Não,8,Sim,Não,Fibra óptica,Não,Não,Não,Não,Sim,Não,Mês a mês,Sim,Cheque eletrônico,67.25,524.06,0
Feminino,0,Não,Sim,24,Sim,Não,Fibra óptica,Não,Sim,Sim,Não,Sim,Não,Dois anos,Não,Cheque eletrônico,110.89,2416.48,1
Masculino,0,Sim,Não,27,Sim,Não,Fibra óptica,Sim,Não,Sim,Não,Sim,Sim,Mês a mês,Não,Transferência bancária,47.99,1172.35,1
Feminino,0,Não,Não,53,Sim,Não,DSL,Não,Não,Não,Não,Não,Não,Mês a mês,Não,Cheque eletrônico,93.5,5407.74,0
Masculino,0,Não,Não,51,Sim,Sim,Fibra óptica,Não,Não,Não,Sim,Sim,Não,Mês a mês,Sim,Cheque enviado pelo correio,28.59,1308.16,1
Masculino,0,Não,Não,28,Sim,Não,Fibra óptica,Não,Não,Não,Não,Não,Sim,Mês a mês,Sim,Cheque eletrônico,50.38,1601.51,1
Feminino,0,Não,Não,59,Sim,Sim,Fibra óptica,Não,Sim,Não,Não,Não,Sim,Um ano,Não,Cheque enviado pelo correio,68.36,4559.81,0
Feminino,0,Sim,Não,69,Sim,Sim,Fibra óptica,Sim,Sim,Sim,Não,Não,Sim,Um ano,Não,Cheque eletrônico,41.98,3237.08,0
Masculino,0,Sim,Não,25,Sim,Sim,DSL,Não,Sim,Não,Não,Sim,Não,Mês a mês,Não,Cartão de crédito,95.35,2157.55,0
Feminino,0,Não,Não,44,Sim,Sim,Não,Sem serviço de internet,Sem serviço de internet,Sem serviço de internet,Sem serviço de internet,Sem serviço de internet,Sem serviço de internet,Mês a mês,Sim,Cheque eletrônico,92.57,3938.35,0
Masculino,0,Sim,Não,47,Sim,Não,Não,Sem serviço de internet,Sem serviço de internet,Sem serviço de internet,Sem serviço de internet,Sem serviço de internet,Sem serviço de internet,Mês a mês,Sim,Cartão de crédito,104.06,4869.57,0
Feminino,0,Não,Não,13,Sim,Sim,Fibra óptica,Não,Não,Sim,Não,Sim,Não,Mês a mês,Sim,Cheque enviado pelo correio,74.13,1022.95,0
Feminino,0,Não,Sim,53,Sim,Não,Não,Sem serviço de internet,Sem serviço de internet,Sem serviço de internet,Sem serviço de internet,Sem serviço de internet,Sem serviço de internet,Mês a mês,Sim,Cheque eletrônico,62.2,3075.71,0
Masculino,0,Sim,Não,53,Sim,Não,DSL,Não,Sim,Não,Sim,Sim,Sim,Mês a mês,Não,Cheque eletrônico,31.32,1480.5,0
Feminino,0,Não,Não,37,Sim,Não,Fibra óptica,Não,Sim,Não,Não,Não,Sim,Dois anos,Sim,Cartão de crédito,93.37,3584.68,0
Feminino,0,Não,Sim,63,Sim,Não,DSL,Não,Não,Sim,Não,Sim,Não,Mês a mês,Sim,Cheque eletrônico,76.38,4880.07,1
Masculino,0,Sim,Não,66,Sim,Não,Não,Sem serviço de internet,Sem serviço de internet,Sem serviço de internet,Sem serviço de internet,Sem serviço de internet,Sem serviço de internet,Mês a mês,Não,Transferência bancária,21.03,1392.0,0
Feminino,0,Não,Sim,40,Sim,Sim,Fibra óptica,Sim,Não,Não,Sim,Não,Não,Mês a mês,Sim,Cheque eletrônico,32.79,1139.99,0
Masculino,0,Sim,Sim,61,Sim,Não,Fibra óptica,Não,Não,Não,Não,Sim,Não,Um ano,Sim,Cartão de crédito,40.99,2541.83,0
Masculino,0,Não,Não,6,Sim,Sim,Fibra óptica,Não,Sim,Não,Sim,Não,Sim,Um ano,Sim,Transferência bancária,95.75,526.19,1
Masculino,0,Não,Não,25,Sim,Sim,Fibra óptica,Não,Não,Não,Não,Não,Não,Mês a mês,Não,Cartão de crédito,112.92,2750.29,0
Masculino,0,Não,Não,46,Sim,Não,Fibra óptica,Não,Não,Sim,Sim,Sim,Não,Um ano,Não,Cheque eletrônico,101.92,4477.54,0
Masculino,0,Não,Sim,31,Sim,Não,DSL,Sim,Sim,Não,Não,Sim,Não,Mês a mês,Sim,Transferência bancária,94.08,2975.54,0
Feminino,0,Não,Não,63,Sim,Sim,DSL,Não,Sim,Sim,Não,Não,Sim,Dois anos,Sim,Cartão de crédito,50.72,3061.66,0
Masculino,0,Não,Sim,68,Sim,Não,Fibra óptica,Não,Não,Sim,Não,Não,Sim,Mês a mês,Não,Cheque enviado pelo correio,59.88,4087.94,0
Masculino,0,Não,Não,39,Sim,Sim,Fibra óptica,Sim,Sim,Não,Não,Não,Sim,Mês a mês,Sim,Cartão de crédito,103.52,4487.94,0
Feminino,0,Não,Não,36,Sim,Não,DSL,Sim,Não,Não,Não,Não,Sim,Um ano,Não,Cheque enviado pelo correio,68.32,2670.17,0
Feminino,1,Não,Não,7,Sim,Não,Não,Sem serviço de internet,Sem serviço de internet,Sem serviço de internet,Sem serviço de internet,Sem serviço de internet,Sem serviço de internet,Mês a mês,Não,Cartão de crédito,101.67,794.8,1
Feminino,0,Não,Sim,66,Sim,Sim,DSL,Sim,Sim,Não,Sim,Sim,Não,Dois anos,Não,Cheque eletrônico,79.23,5667.51,0
Masculino,0,Não,Não,55,Sim,Não,DSL,Sim,Não,Não,Sim,Sim,Não,Mês a mês,Sim,Cartão de crédito,64.04,3425.88,0
Masculino,0,Não,Não,72,Sim,Sim,Fibra óptica,Não,Não,Não,Não,Sim,Não,Dois anos,Sim,Transferência bancária,55.14,4085.46,0
Masculino,0,Não,Sim,42,Sim,Não,Não,Sem serviço de internet,Sem serviço de internet,Sem serviço de internet,Sem serviço de internet,Sem serviço de internet,Sem serviço de internet,Mês a mês,Não,Cartão de crédito,19.17,840.64,0
Feminino,0,Sim,Sim,27,Sim,Não,Fibra óptica,Não,Sim,Sim,Sim,Não,Não,Mês a mês,Não,Cheque eletrônico,116.94,3257.14,0
Masculino,0,Não,Não,2,Sim,Sim,Não,Sem serviço de internet,Sem serviço de internet,Sem serviço de internet,Sem serviço de internet,Sem serviço de internet,Sem serviço de internet,Dois anos,Sim,Cartão de crédito,105.67,220.06,0
Feminino,0,Não,Não,70,Sim,Não,DSL,Sim,Não,Sim,Sim,Não,Não,Um ano,Sim,Cheque enviado pelo correio,19.76,1439.03,0
Masculino,0,Não,Não,4,Sim,Sim,DSL,Não,Não,Sim,Não,Não,Sim,Mês a mês,Sim,Cheque enviado pelo correio,46.12,194.49,0
Feminino,0,Sim,Sim,21,Sim,Sim,Fibra óptica,Não,Não,Não,Não,Sim,Sim,Um ano,Não,Transferência bancária,48.36,1072.88,1
Masculino,0,Não,Não,1,Sim,Não,Não,Sem serviço de internet,Sem serviço de internet,Sem serviço de internet,Sem serviço de internet,Sem serviço de internet,Sem serviço de internet,Mês a mês,Não,Cartão de crédito,51.45,52.81,0
Masculino,1,Sim,Não,38,Sim,Sim,Fibra óptica,Sim,Sim,Não,Não,Não,Não,Dois anos,Sim,Cartão de crédito,47.21,1663.86,0
Masculino,0,Sim,Não,60,Não,Sem serviço telefônico,DSL,Não,Não,Não,Não,Não,Não,Mês a mês,Não,Cheque eletrônico,110.27,6644.77,1
Feminino,0,Não,Não,14,Sim,Não,DSL,Sim,Não,Não,Não,Sim,Não,Mês a mês,Não,Cheque eletrônico,86.91,1208.07,1
Feminino,0,Não,Não,17,Sim,Sim,Não,Sem serviço de internet,Sem serviço de internet,Sem serviço de internet,Sem serviço de internet,Sem serviço de internet,Sem serviço de internet,Mês a mês,Sim,Cheque enviado pelo correio,77.61,1401.45,1
Masculino,0,Sim,Não,47,Sim,Não,DSL,Não,Não,Não,Não,Sim,Não,Um ano,Sim,Cartão de crédito,61.21,3196.49,0
Masculino,1,Não,Não,56,Sim,Não,Fibra óptica,Sim,Sim,Sim,Não,Não,Não,Um ano,Não,Cheque enviado pelo correio,87.3,5434.35,0
Masculino,0,Sim,Não,53,Sim,Não,Não,Sem serviço de internet,Sem serviço de internet,Sem serviço de internet,Sem serviço de internet,Sem serviço de internet,Sem serviço de internet,Dois anos,Sim,Cheque eletrônico,79.96,3893.26,0
Feminino,0,Sim,Sim,18,Não,Sem serviço telefônico,DSL,Não,Não,Não,Não,Não,Não,Mês a mês,Não,Cheque enviado pelo correio,35.61,636.03,1
Masculino,0,Sim,Não,69,Sim,Sim,Fibra óptica,Não,Não,Não,Não,Sim,Não,Mês a mês,Não,Cheque enviado pelo correio,48.01,3683.31,0
Masculino,0,Não,Sim,48,Sim,Não,Não,Sem serviço de internet,Sem serviço de internet,Sem serviço de internet,Sem serviço de internet,Sem serviço de internet,Sem serviço de internet,Um ano,Sim,Cartão de crédito,114.57,5658.39,0
Masculino,0,Sim,Não,9,Sim,Não,Não,Sem serviço de internet,Sem serviço de internet,Sem serviço de internet,Sem serviço de internet,Sem serviço de internet,Sem serviço de internet,Dois anos,Não,Cartão de crédito,116.68,1114.55,0
Masculino,0,Sim,Não,54,Sim,Não,DSL,Não,Sim,Sim,Não,Sim,Não,Um ano,Sim,Cheque eletrônico,22.44,1299.99,0
Feminino,0,Não,Não,35,Sim,Não,Fibra óptica,Sim,Não,Não,Não,Não,Não,Um ano,Não,Cheque eletrônico,48.79,1490.22,0
Feminino,0,Sim,Sim,46,Sim,Não,Não,Sem serviço de internet,Sem serviço de internet,Sem serviço de internet,Sem serviço de internet,Sem serviço de internet,Sem serviço de internet,Um ano,Não,Cheque enviado pelo correio,116.61,5215.9,0
Masculino,0,Não,Sim,1,Sim,Não,Fibra óptica,Não,Não,Não,Sim,Sim,Não,Mês a mês,Não,Transferência bancária,19.67,19.67,1
Masculino,1,Não,Sim,41,Sim,Não,DSL,Não,Sim,Não,Não,Não,Não,Dois anos,Não,Cheque eletrônico,113.33,5323.97,0
Feminino,0,Não,Sim,32,Não,Sem serviço telefônico,Fibra óptica,Sim,Não,Sim,Não,Não,Sim,Um ano,Sim,Transferência bancária,86.28,3070.23,1
Feminino,0,Sim,Não,40,Sim,Sim,Não,Sem serviço de internet,Sem serviço de internet,Sem serviço de internet,Sem serviço de internet,Sem serviço de internet,Sem serviço de internet,Mês a mês,Não,Cheque eletrônico,80.79,3685.52,0
Masculino,0,Não,Não,11,Sim,Sim,Não,Sem serviço de internet,Sem serviço de internet,Sem serviço de internet,Sem serviço de internet,Sem serviço de internet,Sem serviço de internet,Um ano,Não,Cheque enviado pelo correio,100.38,1173.44,1
Feminino,0,Não,Sim,62,Sim,Não,Não,Sem serviço de internet,Sem serviço de internet,Sem serviço de internet,Sem serviço de internet,Sem serviço de internet,Sem serviço de internet,Dois anos,Não,Cheque enviado pelo correio,117.81,7265.68,0
Feminino,0,Sim,Sim,46,Sim,Não,Fibra óptica,Não,Sim,Não,Sim,Não,Não,Dois anos,Não,Cartão de crédito,53.96,2842.88,0
Masculino,0,Sim,Não,48,Sim,Não,DSL,Não,Não,Sim,Sim,Não,Não,Mês a mês,Não,Cheque eletrônico,106.28,5280.79,1
Feminino,0,Não,Não,43,Sim,Sim,DSL,Não,Não,Sim,Não,Sim,Sim,Mês a mês,Sim,Cartão de crédito,67.51,2942.81,0
Feminino,1,Sim,Não,51,Sim,Sim,Fibra óptica,Não,Não,Não,Sim,Não,Sim,Mês a mês,Sim,Cheque eletrônico,90.99,5327.4,0
Masculino,0,Não,Sim,61,Sim,Sim,Não,Sem serviço de internet,Sem serviço de internet,Sem serviço de internet,Sem serviço de internet,Sem serviço de internet,Sem serviço de internet,Um ano,Sim,Cheque eletrônico,100.39,6218.2,0
Masculino,0,Não,Não,42,Sim,Sim,Fibra óptica,Sim,Não,Não,Não,Sim,Não,Mês a mês,Não,Cheque eletrônico,46.49,1775.36,1
Feminino,1,Sim,Não,26,Sim,Sim,DSL,Não,Sim,Não,Não,Não,Sim,Mês a mês,Sim,Transferência bancária,35.96,912.17,1
Masculino,1,Sim,Sim,11,Sim,Não,Fibra óptica,Não,Não,Não,Sim,Sim,Não,Mês a mês,Não,Cheque enviado pelo correio,18.52,205.42,1
Feminino,0,Não,Sim,25,Sim,Sim,Não,Sem serviço de internet,Sem serviço de internet,Sem serviço de internet,Sem serviço de internet,Sem serviço de internet,Sem serviço de internet,Mês a mês,Sim,Cheque enviado pelo correio,49.21,1355.07,1
Masculino,0,Sim,Não,40,Sim,Não,Fibra óptica,Sim,Sim,Não,Não,Sim,Sim,Mês a mês,Não,Transferência bancária,53.83,2147.06,0
Feminino,0,Não,Não,25,Sim,Sim,DSL,Não,Não,Não,Não,Sim,Sim,Um ano,Sim,Cartão de crédito,57.98,1510.64,0
Masculino,1,Sim,Sim,52,Sim,Sim,DSL,Não,Não,Sim,Não,Sim,Não,Um ano,Sim,Cartão de crédito,107.67,6332.79,0
Feminino,1,Não,Não,3,Sim,Sim,DSL,Não,Não,Não,Sim,Não,Não,Mês a mês,Não,Cartão de crédito,33.58,109.07,1
Feminino,0,Não,Sim,39,Sim,Não,Fibra óptica,Não,Sim,Não,Não,Não,Sim,Dois anos,Sim,Cheque eletrônico,96.34,3772.89,0
Feminino,0,Sim,Não,35,Sim,Sim,Fibra óptica,Sim,Não,Sim,Não,Não,Não,Dois anos,Não,Transferência bancária,26.82,909.87,0
Masculino,0,Sim,Não,40,Sim,Sim,DSL,Não,Não,Não,Sim,Não,Sim,Mês a mês,Sim,Transferência bancária,44.92,1870.72,0
Masculino,0,Não,Não,22,Sim,Sim,Fibra óptica,Não,Sim,Sim,Não,Não,Não,Dois anos,Sim,Cheque enviado pelo correio,47.2,1189.76,0
Feminino,0,Não,Não,62,Sim,Não,Fibra óptica,Não,Não,Não,Não,Não,Não,Dois anos,Sim,Cartão de crédito,44.17,2859.65,0
Feminino,1,Sim,Não,19,Sim,Não,Não,Sem serviço de internet,Sem serviço de internet,Sem serviço de internet,Sem serviço de internet,Sem serviço de internet,Sem serviço de internet,Mês a mês,Sim,Transferência bancária,115.65,2000.92,1
Masculino,0,Não,Sim,14,Sim,Sim,Fibra óptica,Sim,Sim,Não,Sim,Não,Sim,Mês a mês,Não,Cheque enviado pelo correio,101.46,1291.21,0
Masculino,0,Sim,Não,50,Sim,Não,Fibra óptica,Não,Sim,Não,Sim,Não,Sim,Mês a mês,Não,Cheque enviado pelo correio,33.21,1460.71,1
Masculino,0,Não,Não,62,Não,Sem serviço telefônico,DSL,Não,Não,Sim,Não,Sim,Não,Mês a mês,Sim,Cheque enviado pelo correio,112.6,6301.71,1
Masculino,0,Não,Não,43,Sim,Não,DSL,Não,Não,Não,Não,Não,Não,Mês a mês,Sim,Cheque enviado pelo correio,54.96,2646.08,0
Masculino,0,Sim,Não,55,Sim,Sim,DSL,Não,Não,Sim,Não,Não,Sim,Um ano,Sim,Transferência bancária,75.6,3912.85,0
Masculino,0,Sim,Não,40,Sim,Não,Fibra óptica,Sim,Sim,Não,Não,Sim,Sim,Mês a mês,Não,Cheque eletrônico,24.61,855.64,1
Feminino,0,Sim,Não,12,Sim,Sim,DSL,Não,Sim,Não,Sim,Não,Não,Um ano,Sim,Cheque eletrônico,86.77,1101.32,0
Masculino,0,Não,Sim,65,Sim,Não,Fibra óptica,Sim,Não,Não,Não,Sim,Sim,Mês a mês,Sim,Cheque eletrônico,19.57,1097.75,1
Feminino,0,Sim,Não,34,Sim,Sim,DSL,Não,Sim,Não,Não,Não,Não,Mês a mês,Não,Cartão de crédito,80.73,2350.22,0
Masculino,0,Sim,Não,23,Sim,Sim,DSL,Não,Não,Não,Não,Não,Não,Mês a mês,Sim,Cheque enviado pelo correio,77.1,1676.23,0
Masculino,0,Não,Não,71,Sim,Sim,Não,Sem serviço de internet,Sem serviço de internet,Sem serviço de internet,Sem serviço de internet,Sem serviço de internet,Sem serviço de internet,Mês a mês,Não,Transferência bancária,80.93,4899.21,0
Feminino,0,Sim,Não,7,Sim,Sim,Fibra óptica,Sim,Sim,Sim,Não,Não,Não,Mês a mês,Não,Cheque eletrônico,23.85,167.73,1
Feminino,0,Não,Não,65,Não,Sem serviço telefônico,Fibra óptica,Não,Sim,Não,Não,Sim,Não,Mês a mês,Não,Cheque enviado pelo correio,115.1,7929.17,0
Masculino,0,Sim,Não,18,Sim,Não,Não,Sem serviço de internet,Sem serviço de internet,Sem serviço de internet,Sem serviço de internet,Sem serviço de internet,Sem serviço de internet,Dois anos,Sim,Cheque enviado pelo correio,72.93,1197.2,0
Feminino,0,Sim,Não,8,Não,Sem serviço telefônico,Não,Sem serviço de internet,Sem serviço de internet,Sem serviço de internet,Sem serviço de internet,Sem serviço de internet,Sem serviço de internet,Mês a mês,Sim,Cheque enviado pelo correio,88.02,723.65,1
Feminino,0,Sim,Não,42,Sim,Não,Não,Sem serviço de internet,Sem serviço de internet,Sem serviço de internet,Sem serviço de internet,Sem serviço de internet,Sem serviço de internet,Mês a mês,Não,Cartão de crédito,70.05,2882.21,0
Feminino,1,Não,Não,1,Sim,Sim,Fibra óptica,Não,Não,Não,Não,Não,Sim,Dois anos,Sim,Cheque eletrônico,94.14,104.31,0
Feminino,0,Não,Não,15,Sim,Sim,DSL,Não,Não,Não,Não,Não,Não,Mês a mês,Não,Cheque enviado pelo correio,37.23,559.52,0
Masculino,0,Não,Sim,28,Sim,Sim,Fibra óptica,Não,Sim,Não,Não,Não,Sim,Mês a mês,Não,Cartão de crédito,83.97,2250.37,1
Feminino,0,Sim,Não,36,Sim,Sim,Não,Sem serviço de internet,Sem serviço de internet,Sem serviço de internet,Sem serviço de internet,Sem serviço de internet,Sem serviço de internet,Dois anos,Não,Transferência bancária,81.32,2946.07,0
Masculino,0,Sim,Não,46,Sim,Sim,Fibra óptica,Não,Não,Não,Não,Sim,Sim,Um ano,Sim,Cartão de crédito,84.27,3576.01,0
Masculino,0,Não,Não,21,Sim,Não,Não,Sem serviço de internet,Sem serviço de internet,Sem serviço de internet,Sem serviço de internet,Sem serviço de internet,Sem serviço de internet,Dois anos,Sim,Transferência bancária,83.51,1699.81,0
Masculino,1,Sim,Não,49,Sim,Não,DSL,Não,Não,Não,Sim,Não,Não,Mês a mês,Não,Cheque eletrônico,21.47,1060.74,0
Masculino,0,Sim,Sim,39,Sim,Não,Não,Sem serviço de internet,Sem serviço de internet,Sem serviço de internet,Sem serviço de internet,Sem serviço de internet,Sem serviço de internet,Dois anos,Sim,Cheque enviado pelo correio,79.15,3284.02,0
Feminino,0,Sim,Não,38,Sim,Não,Fibra óptica,Não,Sim,Não,Sim,Não,Sim,Um ano,Sim,Cheque eletrônico,102.82,3529.28,0
Feminino,0,Não,Não,9,Sim,Não,Fibra óptica,Não,Não,Não,Não,Não,Sim,Mês a mês,Sim,Cheque enviado pelo correio,75.5,733.66,1
Masculino,1,Não,Não,20,Não,Sem serviço telefônico,Fibra óptica,Não,Não,Sim,Não,Sim,Não,Um ano,Sim,Transferência bancária,110.81,1942.21,0
Masculino,0,Sim,Sim,8,Sim,Não,Fibra óptica,Não,Sim,Não,Não,Não,Sim,Um ano,Sim,Cheque eletrônico,21.22,145.39,1
Masculino,0,Sim,Não,14,Sim,Não,Não,Sem serviço de internet,Sem serviço de internet,Sem serviço de internet,Sem serviço de internet,Sem serviço de internet,Sem serviço de internet,Dois anos,Não,Transferência bancária,66.41,1026.87,0
Masculino,0,Não,Não,62,Sim,Não,DSL,Sim,Não,Sim,Sim,Não,Sim,Mês a mês,Sim,Cheque eletrônico,50.4,2725.91,0
Feminino,0,Não,Não,35,Sim,Não,Fibra óptica,Não,Não,Não,Não,Não,Não,Mês a mês,Sim,Cheque eletrônico,42.42,1646.48,1
Masculino,1,Sim,Não,55,Sim,Não,Fibra óptica,Não,Não,Não,Sim,Não,Não,Mês a mês,Não,Cheque enviado pelo correio,50.57,3169.41,0
Feminino,0,Não,Não,45,Sim,Sim,DSL,Sim,Não,Sim,Não,Não,Sim,Mês a mês,Sim,Cheque enviado pelo correio,22.13,1054.51,0
Masculino,0,Sim,Não,21,Sim,Sim,DSL,Não,Não,Sim,Não,Não,Não,Dois anos,Não,Cheque enviado pelo correio,26.74,559.42,0
Masculino,1,Sim,Não,53,Sim,Não,Fibra óptica,Sim,Não,Não,Não,Não,Não,Um ano,Sim,Cheque enviado pelo correio,88.69,4757.93,0
Masculino,1,Sim,Sim,54,Sim,Sim,Fibra óptica,Não,Não,Não,Não,Não,Não,Um ano,Não,Cheque enviado pelo correio,26.15,1401.43,0
Masculino,0,Sim,Sim,43,Sim,Sim,DSL,Sim,Sim,Sim,Não,Sim,Sim,Dois anos,Sim,Transferência bancária,107.68,4445.46,0
Feminino,1,Sim,Não,6,Não,Sem serviço telefônico,Fibra óptica,Não,Não,Sim,Sim,Não,Sim,Um ano,Não,Cartão de crédito,86.33,516.18,0
Feminino,0,Não,Não,55,Não,Sem serviço telefônico,Não,Sem serviço de internet,Sem serviço de internet,Sem serviço de internet,Sem serviço de internet,Sem serviço de internet,Sem serviço de internet,Um ano,Sim,Transferência bancária,82.43,4215.62,0
Feminino,0,Sim,Não,44,Sim,Não,DSL,Não,Não,Sim,Sim,Sim,Não,Mês a mês,Não,Cartão de crédito,76.52,3054.03,0
Masculino,1,Sim,Não,68,Sim,Não,Fibra óptica,Não,Sim,Sim,Não,Não,Sim,Mês a mês,Não,Cheque enviado pelo correio,109.37,7038.86,1
Masculino,0,Sim,Não,4,Sim,Sim,Não,Sem serviço de internet,Sem serviço de internet,Sem serviço de internet,Sem serviço de internet,Sem serviço de internet,Sem serviço de internet,Dois anos,Sim,Transferência bancária,53.64,182.57,0
Feminino,0,Não,Não,63,Sim,Não,Fibra óptica,Não,Não,Sim,Não,Não,Não,Mês a mês,Não,Cheque eletrônico,42.56,2629.63,0
Feminino,0,Não,Não,58,Não,Sem serviço telefônico,Fibra óptica,Não,Sim,Não,Não,Sim,Sim,Dois anos,Sim,Cartão de crédito,84.26,4218.83,0
Masculino,0,Sim,Sim,54,Sim,Não,Não,Sem serviço de internet,Sem serviço de internet,Sem serviço de internet,Sem serviço de internet,Sem serviço de internet,Sem serviço de internet,Mês a mês,Sim,Cartão de crédito,66.59,3213.45,1
Masculino,0,Sim,Não,38,Sim,Não,DSL,Não,Não,Não,Não,Não,Não,Mês a mês,Não,Cartão de crédito,108.25,3982.81,0
Feminino,0,Sim,Sim,60,Sim,Não,Fibra óptica,Não,Não,Não,Não,Não,Sim,Mês a mês,Sim,Cheque eletrônico,24.34,1544.49,0
Masculino,0,Sim,Não,52,Sim,Não,Fibra óptica,Não,Não,Não,Não,Não,Sim,Mês a mês,Não,Cartão de crédito,81.91,4317.6,1
Masculino,0,Sim,Não,29,Sim,Sim,Fibra óptica,Não,Sim,Não,Não,Sim,Não,Dois anos,Sim,Cheque enviado pelo correio,102.68,2810.97,0
Feminino,0,Não,Sim,40,Sim,Não,DSL,Sim,Não,Não,Não,Não,Não,Dois anos,Sim,Cartão de crédito,41.2,1436.98,0
Masculino,1,Não,Não,71,Sim,Não,DSL,Não,Sim,Não,Não,Não,Sim,Dois anos,Sim,Transferência bancária,100.26,6946.57,0
Feminino,0,Não,Não,8,Sim,Sim,Fibra óptica,Sim,Sim,Sim,Sim,Sim,Sim,Mês a mês,Sim,Cartão de crédito,75.25,675.51,1
Masculino,0,Sim,Não,35,Sim,Não,Não,Sem serviço de internet,Sem serviço de internet,Sem serviço de internet,Sem serviço de internet,Sem serviço de internet,Sem serviço de internet,Dois anos,Não,Transferência bancária,110.44,3481.25,0
Feminino,0,Sim,Não,16,Sim,Não,Fibra óptica,Sim,Não,Não,Não,Não,Sim,Mês a mês,Sim,Cheque eletrônico,63.19,1120.88,0
Masculino,0,Não,Não,18,Sim,Sim,DSL,Não,Não,Não,Não,Sim,Não,Dois anos,Sim,Transferência bancária,44.22,860.37,0
Feminino,1,Não,Não,59,Sim,Não,DSL,Sim,Não,Não,Sim,Sim,Sim,Um ano,Sim,Cheque eletrônico,92.45,5554.84,0
Feminino,0,Sim,Não,34,Não,Sem serviço telefônico,Fibra óptica,Sim,Não,Sim,Não,Não,Não,Um ano,Sim,Cheque eletrônico,51.33,1722.32,0
Feminino,0,Não,Não,4,Sim,Sim,Não,Sem serviço de internet,Sem serviço de internet,Sem serviço de internet,Sem serviço de internet,Sem serviço de internet,Sem serviço de internet,Dois anos,Não,Cheque eletrônico,39.99,167.5,0
Feminino,0,Sim,Não,69,Sim,Não,DSL,Não,Não,Não,Não,Sim,Não,Um ano,Sim,Cheque eletrônico,89.25,6628.36,0
Masculino,0,Sim,Não,65,Não,Sem serviço telefônico,Fibra óptica,Não,Sim,Não,Não,Não,Não,Mês a mês,Sim,Cartão de crédito,100.62,7089.35,0
Masculino,0,Sim,Não,61,Sim,Não,DSL,Não,Sim,Sim,Não,Não,Não,Mês a mês,Não,Cheque eletrônico,112.54,7275.69,0
Feminino,0,Não,Não,46,Sim,Não,Não,Sem serviço de internet,Sem serviço de internet,Sem serviço de internet,Sem serviço de internet,Sem serviço de internet,Sem serviço de internet,Mês a mês,Sim,Cheque enviado pelo correio,47.98,2118.78,0
Masculino,0,Sim,Sim,21,Não,Sem serviço telefônico,Não,Sem serviço de internet,Sem serviço de internet,Sem serviço de internet,Sem serviço de internet,Sem serviço de internet,Sem serviço de internet,Mês a mês,Sim,Transferência bancária,64.9,1168.46,0
Masculino,0,Não,Não,38,Sim,Não,DSL,Não,Não,Não,Não,Sim,Não,Dois anos,Não,Cheque eletrônico,36.39,1376.66,0
Masculino,0,Sim,Não,60,Sim,Sim,DSL,Não,Não,Sim,Não,Sim,Sim,Mês a mês,Sim,Cheque eletrônico,111.92,5996.86,0
Masculino,0,Sim,Não,36,Sim,Sim,DSL,Não,Não,Não,Não,Não,Sim,Dois anos,Sim,Cartão de crédito,100.27,3556.14,0
Masculino,0,Não,Não,6,Sim,Sim,Fibra óptica,Não,Não,Não,Não,Sim,Sim,Mês a mês,Não,Cheque eletrônico,74.53,441.65,1
Feminino,0,Sim,Sim,39,Sim,Não,DSL,Sim,Sim,Não,Não,Sim,Sim,Dois anos,Não,Cheque eletrônico,109.63,4288.83,0
Feminino,0,Sim,Não,29,Sim,Não,Não,Sem serviço de internet,Sem serviço de internet,Sem serviço de internet,Sem serviço de internet,Sem serviço de internet,Sem serviço de internet,Mês a mês,Não,Cartão de crédito,100.01,3282.57,0
Feminino,0,Sim,Não,27,Sim,Sim,Fibra óptica,Não,Sim,Não,Sim,Não,Sim,Mês a mês,Não,Transferência bancária,21.09,591.52,1
Feminino,0,Não,Não,69,Sim,Sim,DSL,Não,Sim,Sim,Não,Não,Sim,Mês a mês,Não,Cartão de crédito,95.88,5701.54,0
Masculino,0,Não,Sim,9,Sim,Não,Não,Sem serviço de internet,Sem serviço de internet,Sem serviço de internet,Sem serviço de internet,Sem serviço de internet,Sem serviço de internet,Um ano,Sim,Cheque eletrônico,30.17,290.59,0
Masculino,0,Sim,Sim,24,Sim,Não,Fibra óptica,Não,Sim,Não,Não,Não,Sim,Dois anos,Não,Cheque eletrônico,51.13,1296.8,0
Feminino,0,Sim,Não,63,Sim,Sim,Fibra óptica,Não,Sim,Sim,Não,Sim,Sim,Mês a mês,Sim,Transferência bancária,29.86,2041.29,1
Masculino,0,Não,Sim,19,Não,Sem serviço telefônico,Fibra óptica,Não,Não,Sim,Não,Não,Não,Dois anos,Não,Transferência bancária,24.39,446.19,0
Masculino,0,Sim,Não,30,Sim,Não,DSL,Não,Não,Não,Não,Não,Não,Mês a mês,Não,Cheque eletrônico,78.59,2648.89,0
Feminino,0,Sim,Sim,58,Sim,Sim,Não,Sem serviço de internet,Sem serviço de internet,Sem serviço de internet,Sem serviço de internet,Sem serviço de internet,Sem serviço de internet,Mês a mês,Sim,Cheque eletrônico,113.25,6923.06,0
Masculino,0,Sim,Não,40,Não,Sem serviço telefônico,Fibra óptica,Sim,Não,Não,Sim,Não,Sim,Mês a mês,Sim,Cartão de crédito,25.19,906.07,0
Feminino,0,Não,Não,68,Sim,Não,Fibra óptica,Não,Não,Sim,Não,Não,Sim,Dois anos,Sim,Cheque enviado pelo correio,92.91,6686.64,0
Feminino,0,Sim,Não,32,Sim,Não,Fibra óptica,Não,Não,Não,Não,Não,Sim,Um ano,Sim,Transferência bancária,45.93,1436.63,0
Masculino,1,Não,Não,65,Sim,Não,Não,Sem serviço de internet,Sem serviço de internet,Sem serviço de internet,Sem serviço de internet,Sem serviço de internet,Sem serviço de internet,Mês a mês,Sim,Cheque enviado pelo correio,27.03,1704.1,0
Masculino,0,Não,Não,34,Sim,Sim,DSL,Sim,Sim,Não,Não,Não,Não,Um ano,Não,Cheque eletrônico,110.23,3269.58,0
Feminino,0,Não,Sim,31,Sim,Não,Não,Sem serviço de internet,Sem serviço de internet,Sem serviço de internet,Sem serviço de internet,Sem serviço de internet,Sem serviço de internet,Dois anos,Sim,Cartão de crédito,23.41,763.25,0
Feminino,0,Não,Não,59,Não,Sem serviço telefônico,Não,Sem serviço de internet,Sem serviço de internet,Sem serviço de internet,Sem serviço de internet,Sem serviço de internet,Sem serviço de internet,Mês a mês,Não,Cheque enviado pelo correio,28.57,1607.1,0
Masculino,0,Sim,Não,26,Não,Sem serviço telefônico,Fibra óptica,Sim,Sim,Sim,Não,Sim,Sim,Um ano,Sim,Cheque enviado pelo correio,40.67,1078.65,0
Feminino,0,Não,Sim,22,Sim,Não,DSL,Não,Não,Não,Sim,Não,Sim,Mês a mês,Não,Transferência bancária,111.07,2730.67,1
Feminino,1,Não,Sim,34,Sim,Sim,DSL,Sim,Não,Não,Não,Não,Sim,Mês a mês,Não,Transferência bancária,48.35,1579.66,1
Feminino,0,Não,Sim,13,Sim,Sim,DSL,Não,Sim,Não,Não,Não,Não,Dois anos,Sim,Transferência bancária,20.93,247.9,0
Masculino,0,Sim,Não,55,Sim,Sim,Fibra óptica,Não,Não,Não,Não,Não,Não,Dois anos,Sim,Cartão de crédito,36.76,2050.58,0
Feminino,0,Sim,Não,8,Não,Sem serviço telefônico,Fibra óptica,Sim,Não,Não,Não,Sim,Não,Dois anos,Sim,Cheque eletrônico,62.5,574.26,0
Masculino,1,Não,Sim,62,Sim,Sim,DSL,Não,Sim,Não,Não,Não,Sim,Mês a mês,Sim,Cheque eletrônico,106.26,6477.25,0
Feminino,0,Sim,Sim,22,Sim,Sim,Não,Sem serviço de internet,Sem serviço de internet,Sem serviço de internet,Sem serviço de internet,Sem serviço de internet,Sem serviço de internet,Mês a mês,Sim,Cheque enviado pelo correio,44.03,960.78,0
Masculino,0,Sim,Não,56,Sim,Não,Fibra óptica,Não,Sim,Sim,Sim,Não,Não,Dois anos,Sim,Cheque eletrônico,69.06,3308.72,0
Feminino,0,Não,Não,21,Sim,Não,Fibra óptica,Não,Não,Sim,Não,Não,Sim,Um ano,Sim,Cheque eletrônico,48.2,971.3,0
Masculino,1,Não,Não,49,Sim,Não,Não,Sem serviço de internet,Sem serviço de internet,Sem serviço de internet,Sem serviço de internet,Sem serviço de internet,Sem serviço de internet,Mês a mês,Sim,Cheque eletrônico,75.44,4228.75,0
Masculino,0,Sim,Não,6,Sim,Não,DSL,Não,Não,Sim,Não,Sim,Sim,Mês a mês,Sim,Transferência bancária,26.85,158.84,1
Masculino,0,Não,Não,35,Sim,Não,Fibra óptica,Sim,Não,Não,Não,Não,Não,Mês a mês,Sim,Cartão de crédito,68.01,2074.94,0
Feminino,0,Não,Não,27,Sim,Sim,DSL,Sim,Não,Não,Não,Sim,Não,Mês a mês,Não,Cheque eletrônico,25.12,734.76,0
Feminino,0,Sim,Não,40,Sim,Não,Não,Sem serviço de internet,Sem serviço de internet,Sem serviço de internet,Sem serviço de internet,Sem serviço de internet,Sem serviço de internet,Dois anos,Sim,Cheque eletrônico,115.97,5155.32,0
Feminino,0,Não,Sim,14,Sim,Não,DSL,Não,Sim,Não,Não,Não,Sim,Mês a mês,Sim,Transferência bancária,109.78,1631.08,1
Masculino,0,Não,Não,52,Sim,Sim,Fibra óptica,Não,Não,Sim,Não,Não,Sim,Mês a mês,Sim,Cheque eletrônico,82.66,4033.14,1
Feminino,0,Não,Não,40,Sim,Não,Fibra óptica,Sim,Não,Sim,Não,Não,Sim,Mês a mês,Não,Cheque enviado pelo correio,109.94,4157.36,0
Masculino,0,Não,Não,43,Sim,Sim,Fibra óptica,Sim,Não,Não,Sim,Não,Não,Mês a mês,Não,Cheque enviado pelo correio,76.81,3428.47,0
Feminino,0,Não,Não,58,Sim,Não,Não,Sem serviço de internet,Sem serviço de internet,Sem serviço de internet,Sem serviço de internet,Sem serviço de internet,Sem serviço de internet,Dois anos,Sim,Cheque eletrônico,48.64,3002.17,0
Masculino,0,Sim,Não,3,Sim,Não,DSL,Sim,Não,Não,Não,Não,Não,Mês a mês,Sim,Cheque eletrônico,32.58,105.0,1
Masculino,0,Sim,Não,15,Sim,Sim,Não,Sem serviço de internet,Sem serviço de internet,Sem serviço de internet,Sem serviço de internet,Sem serviço de internet,Sem serviço de internet,Mês a mês,Não,Cheque eletrônico,117.35,1958.92,1
Masculino,0,Sim,Não,45,Sim,Sim,Fibra óptica,Não,Não,Não,Não,Não,Sim,Mês a mês,Sim,Transferência bancária,42.49,1993.0,0
Feminino,0,Não,Não,11,Sim,Não,Fibra óptica,Sim,Não,Não,Não,Não,Não,Um ano,Sim,Cheque eletrônico,104.67,1178.83,0
Feminino,0,Não,Não,39,Sim,Não,DSL,Não,Não,Sim,Não,Não,Não,Um ano,Sim,Transferência bancária,61.2,2355.9,0
Feminino,0,Sim,Não,19,Sim,Sim,Fibra óptica,Sim,Não,Sim,Não,Sim,Não,Um ano,Não,Cheque enviado pelo correio,50.46,1068.88,0
Masculino,1,Sim,Sim,20,Sim,Não,DSL,Não,Sim,Sim,Não,Não,Não,Mês a mês,Sim,Cheque eletrônico,42.83,822.73,0
Masculino,0,Sim,Não,71,Sim,Sim,DSL,Não,Não,Não,Não,Sim,Sim,Mês a mês,Sim,Cheque eletrônico,104.25,6941.66,0
Feminino,0,Sim,Não,56,Sim,Sim,Fibra óptica,Sim,Não,Não,Sim,Sim,Sim,Um ano,Sim,Cheque eletrônico,102.11,6301.18,0
Feminino,0,Sim,Não,4,Sim,Não,Não,Sem serviço de internet,Sem serviço de internet,Sem serviço de internet,Sem serviço de internet,Sem serviço de internet,Sem serviço de internet,Dois anos,Sim,Cartão de crédito,105.24,407.26,0
Feminino,0,Sim,Sim,9,Sim,Não,DSL,Não,Não,Não,Não,Não,Sim,Mês a mês,Sim,Cartão de crédito,91.46,921.33,1
Masculino,0,Não,Não,25,Sim,Não,Fibra óptica,Sim,Sim,Não,Não,Sim,Sim,Dois anos,Não,Cheque eletrônico,24.31,639.34,0
Masculino,0,Sim,Sim,47,Sim,Não,Fibra óptica,Sim,Não,Não,Não,Sim,Sim,Dois anos,Não,Cheque enviado pelo correio,53.36,2834.25,0
Masculino,0,Não,Não,49,Não,Sem serviço telefônico,DSL,Não,Não,Não,Não,Sim,Sim,Um ano,Sim,Transferência bancária,99.47,4341.71,0
Masculino,0,Não,Não,27,Sim,Não,Fibra óptica,Não,Não,Sim,Sim,Não,Não,Mês a mês,Sim,Cheque enviado pelo correio,115.31,2813.54,1
Masculino,0,Não,Não,28,Sim,Não,Fibra óptica,Não,Não,Não,Não,Não,Não,Um ano,Não,Transferência bancária,104.08,3306.58,0
Feminino,0,Sim,Sim,62,Sim,Sim,DSL,Não,Não,Não,Sim,Não,Não,Mês a mês,Sim,Cheque eletrônico,84.87,5730.49,1
Masculino,0,Não,Não,16,Sim,Não,Fibra óptica,Não,Não,Não,Não,Não,Não,Mês a mês,Sim,Cartão de crédito,100.35,1638.77,0
Masculino,0,Não,Sim,46,Sim,Sim,Não,Sem serviço de internet,Sem serviço de internet,Sem serviço de internet,Sem serviço de internet,Sem serviço de internet,Sem serviço de internet,Um ano,Sim,Cheque eletrônico,54.73,2783.35,0
Masculino,1,Sim,Não,46,Sim,Sim,Fibra óptica,Sim,Não,Sim,Não,Não,Sim,Mês a mês,Sim,Transferência bancária,85.0,4154.03,0
Masculino,0,Sim,Não,40,Sim,Sim,Fibra óptica,Sim,Não,Sim,Não,Não,Não,Um ano,Sim,Cartão de crédito,93.85,3737.16,0
Masculino,0,Sim,Não,34,Sim,Não,Fibra óptica,Não,Sim,Sim,Não,Não,Sim,Um ano,Sim,Transferência bancária,68.26,2465.0,0
Feminino,0,Não,Não,10,Sim,Sim,DSL,Sim,Não,Sim,Sim,Não,Não,Mês a mês,Sim,Transferência bancária,44.08,429.4,0
Masculino,0,Não,Não,1,Sim,Sim,Fibra óptica,Não,Não,Não,Não,Sim,Não,Um ano,Não,Cartão de crédito,110.79,125.88,0
Masculino,0,Sim,Não,66,Sim,Não,Não,Sem serviço de internet,Sem serviço de internet,Sem serviço de internet,Sem serviço de internet,Sem serviço de internet,Sem serviço de internet,Dois anos,Sim,Transferência bancária,97.97,6451.74,0
Masculino,0,Sim,Não,17,Sim,Não,Fibra óptica,Não,Não,Não,Não,Sim,Não,Mês a mês,Não,Cheque enviado pelo correio,42.7,645.6,0
Feminino,0,Não,Não,47,Sim,Não,Não,Sem serviço de internet,Sem serviço de internet,Sem serviço de internet,Sem serviço de internet,Sem serviço de internet,Sem serviço de internet,Dois anos,Sim,Cheque enviado pelo correio,30.0,1353.2,0
Feminino,0,Não,Não,24,Sim,Não,Fibra óptica,Não,Sim,Não,Não,Sim,Sim,Mês a mês,Sim,Cheque eletrônico,91.86,2277.95,1
Feminino,1,Não,Sim,50,Sim,Não,DSL,Sim,Sim,Não,Não,Sim,Sim,Dois anos,Não,Cheque eletrônico,83.99,4085.15,0
Masculino,0,Não,Não,29,Sim,Não,DSL,Sim,Não,Sim,Não,Sim,Sim,Mês a mês,Sim,Transferência bancária,77.17,2544.29,1
Feminino,1,Não,Não,72,Sim,Sim,DSL,Não,Não,Não,Não,Não,Sim,Um ano,Sim,Cheque enviado pelo correio,113.82,9317.68,0
Masculino,0,Não,Não,13,Sim,Não,DSL,Sim,Não,Não,Não,Sim,Sim,Um ano,Sim,Cheque enviado pelo correio,52.07,699.41,0
Masculino,0,Sim,Não,64,Sim,Sim,Não,Sem serviço de internet,Sem serviço de internet,Sem serviço de internet,Sem serviço de internet,Sem serviço de internet,Sem serviço de internet,Um ano,Sim,Cheque eletrônico,30.25,1651.7,0
Feminino,0,Sim,Não,28,Sim,Não,DSL,Não,Não,Sim,Não,Não,Não,Um ano,Não,Cartão de crédito,38.61,1058.91,0
Masculino,0,Não,Não,5,Não,Sem serviço telefônico,Fibra óptica,Sim,Não,Sim,Não,Não,Não,Dois anos,Não,Cartão de crédito,90.19,470.32,0
Masculino,1,Sim,Não,9,Não,Sem serviço telefônico,DSL,Não,Não,Não,Não,Não,Não,Mês a mês,Sim,Cheque eletrônico,109.12,1100.54,1
Masculino,0,Sim,Não,14,Sim,Não,Não,Sem serviço de internet,Sem serviço de internet,Sem serviço de internet,Sem serviço de internet,Sem serviço de internet,Sem serviço de internet,Dois anos,Não,Cheque enviado pelo correio,86.7,1106.49,0
Feminino,0,Não,Não,10,Sim,Não,DSL,Não,Não,Não,Não,Não,Não,Mês a mês,Sim,Cheque enviado pelo correio,32.59,285.38,1
Masculino,1,Não,Não,33,Sim,Não,Fibra óptica,Sim,Não,Sim,Não,Não,Não,Dois anos,Não,Cheque eletrônico,88.66,3099.7,1
Masculino,0,Não,Não,40,Não,Sem serviço telefônico,DSL,Não,Não,Sim,Sim,Não,Sim,Mês a mês,Não,Cheque eletrônico,49.66,1837.27,0
Feminino,0,Não,Não,6,Sim,Não,DSL,Não,Não,Sim,Não,Sim,Não,Mês a mês,Não,Cartão de crédito,57.88,387.07,0
Masculino,0,Não,Não,17,Sim,Sim,Fibra óptica,Não,Não,Sim,Não,Sim,Não,Mês a mês,Sim,Transferência bancária,82.31,1552.72,0
Masculino,0,Sim,Não,36,Sim,Sim,Fibra óptica,Sim,Sim,Não,Não,Não,Sim,Mês a mês,Sim,Cartão de crédito,60.71,2223.11,1
Feminino,0,Não,Não,70,Sim,Não,Fibra óptica,Não,Não,Não,Não,Não,Sim,Mês a mês,Não,Transferência bancária,114.13,7957.21,0
Masculino,0,Sim,Não,61,Sim,Não,Fibra óptica,Não,Sim,Não,Não,Sim,Sim,Dois anos,Sim,Cartão de crédito,97.43,5130.02,0
Masculino,0,Sim,Não,49,Não,Sem serviço telefônico,Não,Sem serviço de internet,Sem serviço de internet,Sem serviço de internet,Sem serviço de internet,Sem serviço de internet,Sem serviço de internet,Mês a mês,Sim,Cheque enviado pelo correio,72.4,4075.18,0
Masculino,0,Sim,Não,69,Sim,Não,Fibra óptica,Não,Sim,Sim,Não,Não,Sim,Mês a mês,Não,Transferência bancária,61.3,3898.4,1
Masculino,0,Não,Não,71,Sim,Não,Fibra óptica,Não,Sim,Não,Sim,Não,Não,Mês a mês,Não,Cheque enviado pelo correio,51.03,3520.14,1
Masculino,1,Sim,Não,24,Sim,Não,Fibra óptica,Sim,Não,Não,Sim,Não,Não,Mês a mês,Não,Cartão de crédito,51.17,1271.3,1
Feminino,0,Não,Não,51,Sim,Sim,Fibra óptica,Não,Não,Sim,Não,Não,Não,Mês a mês,Não,Transferência bancária,82.49,4093.09,1
Feminino,0,Sim,Sim,42,Sim,Não,Não,Sem serviço de internet,Sem serviço de internet,Sem serviço de internet,Sem serviço de internet,Sem serviço de internet,Sem serviço de internet,Dois anos,Não,Cartão de crédito,101.28,4659.18,0
Feminino,0,Sim,Não,19,Sim,Não,Fibra óptica,Não,Não,Não,Não,Sim,Não,Mês a mês,Não,Cheque eletrônico,37.17,615.85,1
Feminino,0,Não,Sim,62,Sim,Sim,Fibra óptica,Não,Não,Não,Não,Não,Não,Um ano,Sim,Cartão de crédito,110.6,7391.15,0
Masculino,0,Não,Não,67,Sim,Não,Não,Sem serviço de internet,Sem serviço de internet,Sem serviço de internet,Sem serviço de internet,Sem serviço de internet,Sem serviço de internet,Mês a mês,Sim,Cartão de crédito,48.07,2956.08,0
Masculino,0,Sim,Não,30,Sim,Sim,DSL,Não,Não,Não,Sim,Sim,Não,Mês a mês,Sim,Cartão de crédito,88.69,2796.79,1
Masculino,1,Não,Não,38,Sim,Sim,DSL,Sim,Sim,Não,Sim,Não,Não,Mês a mês,Sim,Cheque enviado pelo correio,94.25,3887.45,0
Masculino,0,Não,Não,6,Sim,Sim,Fibra óptica,Não,Sim,Não,Não,Sim,Não,Mês a mês,Sim,Cheque eletrônico,100.15,658.3,1
Masculino,0,Não,Não,22,Sim,Sim,Fibra óptica,Sim,Não,Não,Não,Não,Não,Um ano,Não,Cheque eletrônico,57.1,1303.5,0
Feminino,0,Não,Sim,11,Sim,Não,Não,Sem serviço de internet,Sem serviço de internet,Sem serviço de internet,Sem serviço de internet,Sem serviço de internet,Sem serviço de internet,Dois anos,Não,Cheque enviado pelo correio,59.07,697.65,0
Feminino,0,Sim,Não,72,Sim,Não,DSL,Não,Não,Sim,Não,Não,Sim,Mês a mês,Sim,Cheque eletrônico,85.51,6594.14,0
Masculino,0,Não,Não,29,Sim,Não,Fibra óptica,Não,Não,Não,Não,Não,Não,Mês a mês,Sim,Cheque enviado pelo correio,113.19,2805.64,0
Masculino,0,Sim,Não,8,Sim,Sim,Fibra óptica,Não,Não,Sim,Não,Sim,Não,Mês a mês,Sim,Cheque eletrônico,110.93,914.37,1
Masculino,0,Sim,Não,35,Sim,Sim,Não,Sem serviço de internet,Sem serviço de internet,Sem serviço de internet,Sem serviço de internet,Sem serviço de internet,Sem serviço de internet,Dois anos,Não,Cheque eletrônico,92.66,3056.54,0
Feminino,1,Não,Não,72,Sim,Sim,Não,Sem serviço de internet,Sem serviço de internet,Sem serviço de internet,Sem serviço de internet,Sem serviço de internet,Sem serviço de internet,Mês a mês,Sim,Cartão de crédito,37.24,2660.64,1
Masculino,0,Sim,Não,72,Sim,Sim,DSL,Não,Sim,Sim,Sim,Sim,Não,Um ano,Sim,Cheque eletrônico,84.94,6383.8,0
Masculino,0,Sim,Não,45,Sim,Não,DSL,Sim,Não,Sim,Não,Não,Sim,Mês a mês,Sim,Cheque eletrônico,99.95,5067.92,0
Masculino,0,Não,Sim,33,Não,Sem serviço telefônico,DSL,Não,Não,Não,Não,Não,Sim,Um ano,Sim,Transferência bancária,116.67,4042.51,0
Feminino,0,Não,Não,5,Sim,Sim,Não,Sem serviço de internet,Sem serviço de internet,Sem serviço de internet,Sem serviço de internet,Sem serviço de internet,Sem serviço de internet,Um ano,Sim,Cartão de crédito,72.82,354.14,0
Masculino,0,Não,Sim,62,Sim,Não,DSL,Sim,Sim,Não,Não,Sim,Sim,Dois anos,Sim,Cheque eletrônico,76.88,4608.47,0
Feminino,0,Não,Não,37,Sim,Não,Fibra óptica,Não,Não,Não,Não,Não,Sim,Mês a mês,Sim,Cartão de crédito,116.4,4054.38,1
Feminino,0,Sim,Não,17,Sim,Sim,Fibra óptica,Não,Sim,Não,Sim,Não,Não,Um ano,Sim,Cheque eletrônico,102.6,1808.78,0
Feminino,0,Não,Sim,22,Sim,Não,Não,Sem serviço de internet,Sem serviço de internet,Sem serviço de internet,Sem serviço de internet,Sem serviço de internet,Sem serviço de internet,Mês a mês,Sim,Cartão de crédito,25.15,582.4,0
Feminino,0,Não,Não,32,Sim,Sim,Não,Sem serviço de internet,Sem serviço de internet,Sem serviço de internet,Sem serviço de internet,Sem serviço de internet,Sem serviço de internet,Mês a mês,Sim,Cartão de crédito,114.42,4128.75,0
Feminino,0,Sim,Não,14,Sim,Não,DSL,Sim,Sim,Sim,Não,Não,Não,Um ano,Sim,Transferência bancária,42.57,527.29,0
Feminino,0,Sim,Sim,20,Sim,Não,Fibra óptica,Não,Sim,Não,Não,Não,Sim,Um ano,Sim,Transferência bancária,103.24,2341.67,1
Masculino,0,Sim,Sim,22,Sim,Não,DSL,Não,Sim,Não,Sim,Sim,Sim,Mês a mês,Sim,Cartão de crédito,57.01,1258.62,0
Masculino,0,Não,Sim,30,Sim,Não,DSL,Sim,Sim,Não,Não,Sim,Sim,Dois anos,Sim,Cheque eletrônico,33.26,1049.77,0
Masculino,0,Sim,Sim,54,Sim,Sim,Fibra óptica,Não,Sim,Não,Sim,Não,Não,Um ano,Sim,Cheque enviado pelo correio,103.67,5903.05,0
Feminino,0,Não,Sim,33,Sim,Não,Não,Sem serviço de internet,Sem serviço de internet,Sem serviço de internet,Sem serviço de internet,Sem serviço de internet,Sem serviço de internet,Mês a mês,Sim,Cheque eletrônico,20.46,606.33,0
Masculino,0,Sim,Não,5,Sim,Sim,DSL,Não,Sim,Sim,Não,Não,Sim,Um ano,Sim,Cheque eletrônico,76.36,403.71,1
Feminino,0,Sim,Não,18,Sim,Sim,DSL,Sim,Não,Não,Não,Não,Não,Mês a mês,Sim,Cartão de crédito,41.37,679.55,0
Feminino,0,Sim,Não,63,Sim,Não,Fibra óptica,Não,Sim,Não,Não,Sim,Não,Mês a mês,Sim,Transferência bancária,35.55,2133.29,1
Feminino,0,Sim,Não,46,Sim,Sim,DSL,Não,Sim,Sim,Sim,Não,Não,Mês a mês,Não,Cheque enviado pelo correio,72.54,3709.67,0
Masculino,0,Sim,Não,7,Sim,Não,Fibra óptica,Não,Sim,Não,Não,Não,Sim,Mês a mês,Não,Cheque enviado pelo correio,109.32,843.63,1
Feminino,0,Sim,Não,29,Sim,Não,DSL,Não,Não,Não,Não,Não,Sim,Mês a mês,Não,Transferência bancária,114.46,3512.34,0
Feminino,0,Sim,Não,57,Sim,Sim,Fibra óptica,Sim,Não,Não,Sim,Sim,Sim,Um ano,Sim,Transferência bancária,32.4,1659.12,0
Masculino,0,Não,Não,47,Sim,Sim,Não,Sem serviço de internet,Sem serviço de internet,Sem serviço de internet,Sem serviço de internet,Sem serviço de internet,Sem serviço de internet,Mês a mês,Sim,Cheque enviado pelo correio,93.49,4004.95,1
Masculino,0,Não,Não,9,Sim,Não,Não,Sem serviço de internet,Sem serviço de internet,Sem serviço de internet,Sem serviço de internet,Sem serviço de internet,Sem serviço de internet,Um ano,Sim,Transferência bancária,86.82,822.72,1
Feminino,0,Não,Não,59,Sim,Sim,Fibra óptica,Sim,Não,Sim,Não,Sim,Não,Mês a mês,Sim,Cheque eletrônico,57.84,3187.27,0
Feminino,0,Não,Não,71,Sim,Não,Fibra óptica,Não,Não,Sim,Sim,Sim,Não,Um ano,Não,Cheque eletrônico,27.71,1844.43,0
Masculino,0,Não,Sim,71,Sim,Sim,DSL,Não,Não,Não,Não,Não,Não,Mês a mês,Sim,Cheque eletrônico,69.86,4487.96,0
Masculino,0,Não,Não,43,Sim,Sim,DSL,Não,Não,Não,Não,Não,Sim,Mês a mês,Sim,Transferência bancária,96.31,4015.61,1
Masculino,0,Sim,Não,59,Sim,Não,Não,Sem serviço de internet,Sem serviço de internet,Sem serviço de internet,Sem serviço de internet,Sem serviço de internet,Sem serviço de internet,Mês a mês,Sim,Transferência bancária,18.61,973.88,0
Feminino,0,Não,Não,6,Sim,Não,Fibra óptica,Não,Não,Não,Não,Não,Não,Dois anos,Sim,Cheque enviado pelo correio,55.78,354.86,0
Masculino,0,Não,Sim,53,Sim,Não,Não,Sem serviço de internet,Sem serviço de internet,Sem serviço de internet,Sem serviço de internet,Sem serviço de internet,Sem serviço de internet,Mês a mês,Não,Cheque enviado pelo correio,25.26,1139.64,0
Masculino,0,Não,Sim,64,Sim,Não,Fibra óptica,Não,Sim,Não,Não,Não,Não,Um ano,Não,Cheque eletrônico,23.6,1299.88,0
Masculino,0,Não,Não,4,Sim,Sim,DSL,Não,Não,Sim,Não,Não,Sim,Mês a mês,Não,Transferência bancária,41.03,178.55,0
Feminino,0,Sim,Sim,1,Sim,Sim,DSL,Não,Sim,Não,Não,Sim,Sim,Mês a mês,Não,Cheque eletrônico,106.76,95.09,1
Masculino,0,Não,Não,70,Sim,Sim,DSL,Não,Sim,Não,Não,Não,Não,Um ano,Sim,Cheque enviado pelo correio,61.92,4757.95,1
Masculino,0,Sim,Não,31,Sim,Sim,Não,Sem serviço de internet,Sem serviço de internet,Sem serviço de internet,Sem serviço de internet,Sem serviço de internet,Sem serviço de internet,Dois anos,Não,Cheque eletrônico,90.8,2407.96,0
Masculino,0,Sim,Não,65,Sim,Não,Não,Sem serviço de internet,Sem serviço de internet,Sem serviço de internet,Sem serviço de internet,Sem serviço de internet,Sem serviço de internet,Um ano,Não,Cheque eletrônico,113.82,6640.9,0
Masculino,0,Sim,Sim,69,Sim,Sim,Não,Sem serviço de internet,Sem serviço de internet,Sem serviço de internet,Sem serviço de internet,Sem serviço de internet,Sem serviço de internet,Mês a mês,Sim,Cartão de crédito,18.53,1274.2,0
Masculino,0,Sim,Não,19,Sim,Não,DSL,Sim,Sim,Não,Não,Sim,Sim,Mês a mês,Não,Cheque eletrônico,97.79,1803.87,0
Feminino,0,Sim,Sim,69,Sim,Não,DSL,Sim,Não,Sim,Não,Sim,Não,Mês a mês,Sim,Cartão de crédito,30.32,2078.17,1
Feminino,0,Sim,Não,69,Sim,Não,Fibra óptica,Não,Sim,Sim,Não,Não,Não,Mês a mês,Não,Cartão de crédito,23.5,1858.12,1
Feminino,0,Não,Não,49,Sim,Sim,Fibra óptica,Não,Não,Sim,Sim,Sim,Sim,Mês a mês,Sim,Transferência bancária,83.94,4253.95,0
Masculino,1,Sim,Não,31,Sim,Não,DSL,Não,Não,Sim,Não,Não,Sim,Mês a mês,Sim,Cartão de crédito,89.22,2471.83,0
Feminino,1,Não,Não,60,Sim,Não,Fibra óptica,Não,Sim,Não,Não,Não,Não,Um ano,Sim,Transferência bancária,89.64,4862.77,0
Feminino,0,Não,Não,71,Sim,Não,Fibra óptica,Sim,Não,Não,Sim,Não,Sim,Um ano,Não,Cheque eletrônico,43.93,3381.92,0
Feminino,1,Não,Não,55,Sim,Sim,Fibra óptica,Não,Sim,Sim,Sim,Sim,Sim,Mês a mês,Não,Cheque enviado pelo correio,33.28,1733.69,0
Masculino,0,Sim,Sim,38,Sim,Sim,Fibra óptica,Sim,Sim,Não,Sim,Sim,Sim,Mês a mês,Não,Transferência bancária,30.41,1196.39,0
Masculino,0,Não,Não,33,Sim,Não,DSL,Não,Sim,Sim,Não,Não,Não,Mês a mês,Não,Transferência bancária,45.28,1453.41,0
Feminino,0,Sim,Sim,6,Sim,Não,DSL,Não,Não,Não,Não,Sim,Não,Mês a mês,Não,Cheque enviado pelo correio,59.17,310.88,0
Feminino,0,Sim,Não,13,Sim,Não,DSL,Sim,Não,Não,Não,Não,Não,Mês a mês,Sim,Cheque eletrônico,108.12,1614.81,0
Masculino,0,Não,Não,20,Sim,Sim,DSL,Não,Não,Não,Não,Sim,Sim,Mês a mês,Sim,Cartão de crédito,114.87,2238.12,1
Masculino,1,Não,Sim,37,Sim,Sim,DSL,Sim,Não,Sim,Não,Não,Não,Um ano,Não,Cartão de crédito,21.22,699.8,0
Feminino,0,Não,Não,45,Sim,Não,DSL,Não,Não,Não,Não,Sim,Não,Um ano,Sim,Cartão de crédito,20.04,990.27,0
Masculino,0,Sim,Sim,59,Sim,Não,Fibra óptica,Sim,Não,Não,Sim,Não,Sim,Mês a mês,Sim,Cheque enviado pelo correio,76.34,4468.41,0
Feminino,0,Sim,Sim,52,Sim,Sim,DSL,Não,Não,Sim,Não,Sim,Não,Um ano,Sim,Cheque enviado pelo correio,64.47,2973.93,0
Masculino,0,Sim,Não,18,Não,Sem serviço telefônico,DSL,Sim,Sim,Não,Não,Sim,Não,Mês a mês,Sim,Cartão de crédito,68.78,1266.98,0
Feminino,0,Não,Não,25,Não,Sem serviço telefônico,Fibra óptica,Não,Não,Sim,Não,Não,Sim,Dois anos,Não,Cartão de crédito,115.73,3105.07,0
Feminino,0,Sim,Sim,1,Sim,Não,DSL,Não,Não,Sim,Sim,Sim,Não,Mês a mês,Sim,Transferência bancária,90.32,85.7,0
Masculino,0,Não,Não,41,Sim,Não,Não,Sem serviço de internet,Sem serviço de internet,Sem serviço de internet,Sem serviço de internet,Sem serviço de internet,Sem serviço de internet,Mês a mês,Sim,Cheque eletrônico,33.3,1366.31,0
Feminino,0,Sim,Não,18,Sim,Sim,DSL,Sim,Não,Sim,Não,Não,Não,Mês a mês,Sim,Cheque enviado pelo correio,116.57,2338.46,1
Feminino,0,Sim,Não,1,Sim,Sim,Fibra óptica,Não,Sim,Não,Não,Sim,Não,Um ano,Sim,Transferência bancária,68.46,65.9,1
Feminino,0,Sim,Não,39,Sim,Não,Fibra óptica,Não,Sim,Não,Sim,Não,Não,Mês a mês,Não,Cheque eletrônico,75.04,3303.85,0
Masculino,1,Sim,Sim,31,Sim,Não,Fibra óptica,Não,Não,Não,Não,Sim,Não,Dois anos,Sim,Cartão de crédito,115.96,3337.41,1
Masculino,0,Não,Sim,71,Não,Sem serviço telefônico,Fibra óptica,Não,Não,Sim,Sim,Não,Não,Um ano,Sim,Cheque eletrônico,28.15,1988.68,0
Masculino,0,Não,Sim,38,Sim,Sim,Fibra óptica,Sim,Não,Não,Não,Sim,Sim,Mês a mês,Sim,Cheque eletrônico,26.61,1092.42,0
Feminino,0,Sim,Sim,8,Sim,Não,DSL,Sim,Não,Não,Não,Não,Não,Dois anos,Sim,Cheque eletrônico,34.38,259.59,0
Masculino,0,Sim,Sim,34,Sim,Não,Fibra óptica,Sim,Sim,Não,Não,Sim,Não,Dois anos,Sim,Transferência bancária,39.67,1284.93,0
Feminino,1,Não,Não,27,Sim,Não,DSL,Não,Não,Não,Não,Não,Não,Mês a mês,Não,Cheque enviado pelo correio,69.55,1967.04,0
Feminino,0,Não,Não,41,Sim,Sim,Fibra óptica,Não,Não,Não,Não,Não,Não,Mês a mês,Sim,Cheque enviado pelo correio,60.03,2454.38,0
Masculino,0,Não,Não,7,Sim,Sim,Fibra óptica,Sim,Não,Não,Não,Não,Não,Mês a mês,Não,Cheque enviado pelo correio,81.89,541.91,1
Masculino,0,Sim,Não,32,Sim,Sim,Fibra óptica,Sim,Não,Sim,Sim,Não,Sim,Dois anos,Sim,Cheque eletrônico,64.91,2062.88,1
Feminino,1,Sim,Sim,16,Sim,Sim,DSL,Não,Sim,Sim,Sim,Não,Não,Um ano,Não,Cheque enviado pelo correio,85.98,1282.49,0
Feminino,0,Sim,Sim,2,Sim,Não,DSL,Não,Sim,Não,Sim,Não,Sim,Dois anos,Não,Cheque eletrônico,42.22,80.77,0
Masculino,0,Sim,Não,43,Sim,Sim,Fibra óptica,Não,Sim,Não,Não,Não,Não,Mês a mês,Não,Cheque eletrônico,90.92,4286.32,1
Masculino,0,Não,Sim,31,Não,Sem serviço telefônico,Fibra óptica,Sim,Não,Não,Sim,Não,Sim,Dois anos,Sim,Cartão de crédito,114.58,3597.02,0
Masculino,0,Sim,Não,47,Sim,Não,Fibra óptica,Sim,Sim,Não,Não,Sim,Sim,Mês a mês,Não,Cartão de crédito,21.96,1011.04,0
Feminino,0,Não,Não,33,Sim,Sim,DSL,Não,Não,Não,Sim,Não,Não,Dois anos,Sim,Transferência bancária,57.73,1792.85,0
Feminino,0,Sim,Não,17,Sim,Não,DSL,Sim,Não,Não,Sim,Sim,Sim,Mês a mês,Sim,Cartão de crédito,89.37,1634.45,1
Feminino,0,Não,Não,54,Sim,Sim,DSL,Sim,Sim,Não,Sim,Sim,Sim,Mês a mês,Não,Cheque enviado pelo correio,37.43,2233.9,0
Feminino,0,Sim,Sim,54,Sim,Sim,Não,Sem serviço de internet,Sem serviço de internet,Sem serviço de internet,Sem serviço de internet,Sem serviço de internet,Sem serviço de internet,Dois anos,Não,Cheque eletrônico,44.98,2254.77,0
Feminino,0,Sim,Não,51,Sim,Sim,Não,Sem serviço de internet,Sem serviço de internet,Sem serviço de internet,Sem serviço de internet,Sem serviço de internet,Sem serviço de internet,Dois anos,Não,Cheque enviado pelo correio,113.46,6649.57,0
Masculino,0,Não,Não,52,Sim,Não,Fibra óptica,Não,Não,Sim,Não,Sim,Não,Dois anos,Sim,Cartão de crédito,92.47,4994.86,0
Masculino,0,Sim,Não,7,Sim,Não,DSL,Não,Sim,Sim,Sim,Não,Sim,Mês a mês,Não,Cheque eletrônico,112.72,879.31,0
Feminino,0,Sim,Não,54,Sim,Não,Fibra óptica,Sim,Não,Sim,Não,Não,Sim,Um ano,Sim,Transferência bancária,117.01,6269.66,0
Feminino,0,Sim,Sim,11,Sim,Sim,Fibra óptica,Não,Não,Não,Sim,Não,Sim,Mês a mês,Não,Transferência bancária,46.96,549.23,1
Masculino,0,Não,Não,62,Sim,Não,DSL,Não,Não,Não,Sim,Não,Sim,Mês a mês,Sim,Cheque eletrônico,103.11,7325.24,0
Masculino,0,Não,Não,30,Sim,Não,DSL,Sim,Não,Não,Não,Não,Sim,Dois anos,Sim,Cartão de crédito,43.47,1477.89,0
Masculino,0,Não,Não,57,Sim,Não,Fibra óptica,Sim,Não,Sim,Sim,Não,Sim,Mês a mês,Não,Transferência bancária,96.05,5012.92,1
Masculino,0,Não,Não,46,Sim,Não,DSL,Não,Não,Não,Não,Não,Não,Mês a mês,Sim,Cheque eletrônico,97.63,4811.75,1
Feminino,0,Não,Sim,70,Sim,Não,Não,Sem serviço de internet,Sem serviço de internet,Sem serviço de internet,Sem serviço de internet,Sem serviço de internet,Sem serviço de internet,Mês a mês,Sim,Transferência bancária,114.82,7434.57,0
Masculino,0,Não,Sim,66,Sim,Não,Fibra óptica,Não,Sim,Não,Não,Não,Sim,Dois anos,Sim,Cartão de crédito,117.61,8859.58,0
Feminino,0,Não,Não,55,Sim,Sim,DSL,Não,Sim,Não,Não,Não,Não,Mês a mês,Sim,Cartão de crédito,81.7,4885.66,1
Masculino,0,Não,Não,58,Sim,Sim,Não,Sem serviço de internet,Sem serviço de internet,Sem serviço de internet,Sem serviço de internet,Sem serviço de internet,Sem serviço de internet,Dois anos,Não,Cartão de crédito,91.54,5811.17,0
Masculino,0,Sim,Não,10,Sim,Não,Fibra óptica,Não,Não,Não,Sim,Sim,Sim,Mês a mês,Sim,Cheque eletrônico,99.34,1123.55,1
Masculino,1,Não,Não,4,Sim,Sim,Fibra óptica,Sim,Sim,Sim,Não,Sim,Não,Mês a mês,Sim,Cheque eletrônico,101.38,433.83,1
Feminino,0,Não,Não,62,Sim,Sim,DSL,Não,Sim,Não,Não,Sim,Sim,Um ano,Sim,Cheque eletrônico,69.04,4041.99,0
Feminino,0,Sim,Não,43,Sim,Sim,Fibra óptica,Não,Não,Não,Sim,Sim,Não,Mês a mês,Não,Cheque eletrônico,40.21,1812.64,0
Masculino,0,Sim,Não,42,Sim,Não,Não,Sem serviço de internet,Sem serviço de internet,Sem serviço de internet,Sem serviço de internet,Sem serviço de internet,Sem serviço de internet,Dois anos,Não,Transferência bancária,100.39,4262.38,0
Feminino,0,Sim,Não,24,Sim,Não,DSL,Não,Não,Não,Não,Não,Não,Mês a mês,Sim,Cheque enviado pelo correio,80.23,2058.76,1
Feminino,0,Sim,Sim,5,Sim,Sim,DSL,Não,Não,Não,Não,Sim,Sim,Mês a mês,Sim,Cheque eletrônico,84.15,390.85,1
Masculino,1,Sim,Não,68,Sim,Sim,Fibra óptica,Não,Não,Sim,Sim,Não,Sim,Dois anos,Não,Cartão de crédito,59.04,4074.88,0
Masculino,0,Sim,Não,45,Sim,Não,Fibra óptica,Não,Não,Não,Não,Sim,Não,Mês a mês,Sim,Cheque eletrônico,110.43,4638.32,1
Feminino,0,Sim,Sim,59,Sim,Não,DSL,Não,Não,Não,Sim,Não,Sim,Um ano,Sim,Cartão de crédito,106.32,6697.6,0
Feminino,0,Não,Não,65,Sim,Sim,DSL,Sim,Sim,Sim,Não,Sim,Não,Mês a mês,Não,Cheque eletrônico,32.39,2295.33,0
Feminino,0,Sim,Não,63,Sim,Não,Fibra óptica,Não,Sim,Não,Não,Não,Não,Mês a mês,Não,Cheque eletrônico,36.62,2084.29,0
Masculino,0,Sim,Não,67,Sim,Sim,Não,Sem serviço de internet,Sem serviço de internet,Sem serviço de internet,Sem serviço de internet,Sem serviço de internet,Sem serviço de internet,Mês a mês,Sim,Cheque eletrônico,65.18,4969.59,0
Masculino,0,Sim,Não,49,Sim,Sim,DSL,Sim,Não,Não,Não,Sim,Não,Mês a mês,Sim,Cheque enviado pelo correio,83.21,4135.19,1
Feminino,0,Não,Não,32,Sim,Sim,Fibra óptica,Sim,Não,Não,Não,Não,Não,Mês a mês,Não,Cheque enviado pelo correio,46.62,1662.86,0
Masculino,1,Sim,Não,50,Sim,Sim,Não,Sem serviço de internet,Sem serviço de internet,Sem serviço de internet,Sem serviço de internet,Sem serviço de internet,Sem serviço de internet,Um ano,Sim,Cheque enviado pelo correio,61.21,2834.84,0
Masculino,0,Sim,Não,58,Sim,Não,DSL,Sim,Não,Não,Sim,Sim,Sim,Mês a mês,Sim,Transferência bancária,34.13,1797.71,1
Feminino,0,Não,Sim,52,Sim,Não,Não,Sem serviço de internet,Sem serviço de internet,Sem serviço de internet,Sem serviço de internet,Sem serviço de internet,Sem serviço de internet,Mês a mês,Não,Cheque eletrônico,49.1,2897.28,1
Feminino,1,Sim,Não,23,Sim,Sim,Fibra óptica,Sim,Não,Não,Não,Sim,Não,Um ano,Não,Cheque eletrônico,78.39,2069.83,1
Masculino,0,Sim,Não,30,Sim,Sim,Fibra óptica,Não,Não,Não,Não,Sim,Não,Mês a mês,Sim,Cheque enviado pelo correio,39.24,1071.3,0
Masculino,0,Sim,Não,70,Sim,Sim,DSL,Sim,Não,Sim,Não,Sim,Sim,Mês a mês,Não,Cheque eletrônico,112.34,8010.59,1
Feminino,0,Não,Sim,71,Sim,Sim,DSL,Não,Não,Não,Não,Não,Não,Mês a mês,Não,Cartão de crédito,112.98,8540.29,1
Masculino,0,Não,Não,30,Sim,Sim,Não,Sem serviço de internet,Sem serviço de internet,Sem serviço de internet,Sem serviço de internet,Sem serviço de internet,Sem serviço de internet,Mês a mês,Não,Cartão de crédito,79.23,2266.16,0
Masculino,0,Não,Não,37,Sim,Sim,Fibra óptica,Não,Não,Não,Não,Não,Não,Dois anos,Não,Cheque eletrônico,30.78,1107.9,0
Feminino,0,Sim,Não,48,Não,Sem serviço telefônico,Fibra óptica,Não,Não,Sim,Não,Não,Não,Mês a mês,Não,Cartão de crédito,56.72,2722.55,1
Feminino,0,Não,Não,32,Sim,Não,DSL,Sim,Não,Não,Sim,Sim,Sim,Mês a mês,Não,Cheque enviado pelo correio,91.31,2540.84,1
Masculino,0,Sim,Sim,70,Sim,Sim,Fibra óptica,Sim,Não,Não,Sim,Não,Não,Mês a mês,Não,Cheque enviado pelo correio,42.03,3015.91,0
Masculino,1,Sim,Não,35,Sim,Não,Fibra óptica,Sim,Não,Sim,Não,Sim,Não,Um ano,Sim,Transferência bancária,98.36,3323.51,1
Masculino,0,Sim,Não,68,Sim,Sim,Fibra óptica,Não,Não,Não,Sim,Sim,Sim,Um ano,Sim,Cheque eletrônico,18.78,1364.61,0
Feminino,0,Não,Não,32,Sim,Não,Fibra óptica,Sim,Não,Não,Não,Não,Sim,Mês a mês,Sim,Cheque eletrônico,37.02,1090.41,1
Masculino,0,Sim,Não,59,Sim,Sim,Fibra óptica,Não,Sim,Não,Sim,Não,Sim,Um ano,Não,Transferência bancária,49.46,3165.33,0
Masculino,0,Não,Não,35,Sim,Sim,Não,Sem serviço de internet,Sem serviço de internet,Sem serviço de internet,Sem serviço de internet,Sem serviço de internet,Sem serviço de internet,Mês a mês,Sim,Cartão de crédito,114.61,3508.42,0
Feminino,0,Não,Sim,16,Sim,Sim,DSL,Sim,Sim,Não,Não,Sim,Não,Mês a mês,Sim,Transferência bancária,93.51,1408.27,1
Feminino,0,Sim,Não,52,Sim,Não,DSL,Sim,Não,Sim,Não,Não,Sim,Mês a mês,Sim,Transferência bancária,19.93,1053.18,0
Masculino,0,Sim,Não,66,Sim,Não,Fibra óptica,Não,Não,Não,Não,Não,Sim,Mês a mês,Não,Cartão de crédito,64.31,3795.93,0
Feminino,0,Sim,Sim,6,Não,Sem serviço telefônico,DSL,Não,Não,Não,Não,Não,Não,Mês a mês,Sim,Cartão de crédito,87.17,479.06,0
Feminino,0,Sim,Não,14,Sim,Sim,Não,Sem serviço de internet,Sem serviço de internet,Sem serviço de internet,Sem serviço de internet,Sem serviço de internet,Sem serviço de internet,Mês a mês,Não,Cheque eletrônico,79.8,1003.09,1
Masculino,0,Sim,Não,29,Sim,Sim,DSL,Não,Não,Não,Sim,Não,Sim,Mês a mês,Não,Cheque eletrônico,64.33,2071.14,0
Feminino,0,Não,Não,26,Sim,Não,Fibra óptica,Não,Não,Não,Não,Sim,Sim,Um ano,Sim,Transferência bancária,44.0,1117.66,1
Feminino,0,Sim,Sim,18,Não,Sem serviço telefônico,Não,Sem serviço de internet,Sem serviço de internet,Sem serviço de internet,Sem serviço de internet,Sem serviço de internet,Sem serviço de internet,Mês a mês,Não,Cheque eletrônico,55.29,1060.03,1
Masculino,0,Não,Não,4,Sim,Sim,DSL,Não,Sim,Sim,Não,Não,Não,Mês a mês,Não,Cheque enviado pelo correio,89.06,365.73,1
Feminino,0,Sim,Não,57,Sim,Sim,Fibra óptica,Não,Não,Não,Sim,Não,Não,Dois anos,Sim,Cheque eletrônico,93.78,5527.89,0
Masculino,0,Não,Não,53,Sim,Não,DSL,Não,Não,Sim,Não,Não,Não,Um ano,Sim,Cartão de crédito,67.14,4024.11,0
Masculino,1,Não,Não,25,Sim,Não,DSL,Sim,Não,Não,Não,Não,Não,Mês a mês,Não,Cheque enviado pelo correio,109.48,2603.27,0
Feminino,0,Não,Sim,47,Sim,Sim,Fibra óptica,Não,Não,Não,Não,Sim,Não,Um ano,Sim,Cheque eletrônico,113.88,4980.76,0
Feminino,0,Não,Não,52,Sim,Sim,Fibra óptica,Não,Não,Sim,Não,Não,Não,Mês a mês,Sim,Transferência bancária,96.26,4908.35,1
Feminino,0,Sim,Não,34,Sim,Sim,DSL,Sim,Não,Não,Não,Sim,Sim,Dois anos,Sim,Cheque eletrônico,38.31,1281.08,0
Masculino,1,Sim,Não,16,Sim,Não,Não,Sem serviço de internet,Sem serviço de internet,Sem serviço de internet,Sem serviço de internet,Sem serviço de internet,Sem serviço de internet,Mês a mês,Sim,Cartão de crédito,105.92,1898.84,1
Feminino,0,Não,Não,36,Sim,Não,Não,Sem serviço de internet,Sem serviço de internet,Sem serviço de internet,Sem serviço de internet,Sem serviço de internet,Sem serviço de internet,Mês a mês,Sim,Cartão de crédito,63.39,2528.47,1
Masculino,0,Não,Não,28,Sim,Não,Fibra óptica,Sim,Não,Não,Não,Não,Não,Mês a mês,Sim,Cheque eletrônico,40.17,1097.08,1
Feminino,0,Não,Não,65,Não,Sem serviço telefônico,DSL,Sim,Não,Sim,Não,Não,Não,Mês a mês,Não,Cheque eletrônico,96.55,6805.77,0
Feminino,0,Sim,Não,72,Sim,Não,Não,Sem serviço de internet,Sem serviço de internet,Sem serviço de internet,Sem serviço de internet,Sem serviço de internet,Sem serviço de internet,Mês a mês,Sim,Cheque eletrônico,58.13,4171.89,1
Feminino,0,Sim,Não,53,Sim,Sim,DSL,Sim,Não,Não,Não,Não,Sim,Dois anos,Sim,Cheque eletrônico,41.87,2456.98,0
Masculino,0,Sim,Não,42,Sim,Sim,DSL,Não,Não,Não,Não,Não,Sim,Mês a mês,Não,Cheque eletrônico,76.77,2890.9,0
Feminino,0,Não,Não,19,Sim,Sim,Fibra óptica,Não,Não,Não,Não,Sim,Sim,Mês a mês,Não,Cheque eletrônico,29.8,644.72,1
Feminino,0,Não,Não,44,Sim,Não,Não,Sem serviço de internet,Sem serviço de internet,Sem serviço de internet,Sem serviço de internet,Sem serviço de internet,Sem serviço de internet,Dois anos,Sim,Cartão de crédito,55.86,2275.42,0
Masculino,0,Não,Sim,30,Sim,Não,DSL,Não,Não,Não,Não,Não,Não,Mês a mês,Sim,Cartão de crédito,52.62,1482.85,1
Masculino,1,Não,Não,44,Sim,Não,Fibra óptica,Não,Sim,Não,Não,Não,Não,Mês a mês,Sim,Transferência bancária,58.14,2175.44,1
Feminino,0,Não,Sim,27,Sim,Não,Não,Sem serviço de internet,Sem serviço de internet,Sem serviço de internet,Sem serviço de internet,Sem serviço de internet,Sem serviço de internet,Dois anos,Sim,Cheque enviado pelo correio,62.39,1596.75,0
Feminino,0,Não,Não,34,Sim,Sim,Não,Sem serviço de internet,Sem serviço de internet,Sem serviço de internet,Sem serviço de internet,Sem serviço de internet,Sem serviço de internet,Dois anos,Não,Cheque enviado pelo correio,81.76,3011.25,0
Feminino,0,Sim,Não,24,Não,Sem serviço telefônico,DSL,Sim,Sim,Não,Não,Não,Não,Mês a mês,Não,Transferência bancária,23.8,587.36,0
Masculino,1,Não,Sim,56,Sim,Não,DSL,Não,Não,Sim,Não,Sim,Não,Dois anos,Sim,Cheque eletrônico,64.3,4078.43,0
Masculino,1,Sim,Não,7,Sim,Sim,DSL,Não,Sim,Não,Sim,Não,Sim,Mês a mês,Sim,Transferência bancária,67.7,521.04,0
Masculino,0,Não,Não,68,Sim,Não,Fibra óptica,Sim,Sim,Não,Sim,Não,Não,Dois anos,Sim,Cheque eletrônico,51.7,3120.05,0
Masculino,0,Sim,Sim,51,Sim,Sim,Fibra óptica,Não,Não,Não,Não,Sim,Não,Dois anos,Não,Transferência bancária,92.43,5225.04,0
Feminino,0,Não,Não,8,Sim,Sim,Não,Sem serviço de internet,Sem serviço de internet,Sem serviço de internet,Sem serviço de internet,Sem serviço de internet,Sem serviço de internet,Um ano,Sim,Cheque enviado pelo correio,89.64,716.67,0
Masculino,1,Não,Não,56,Sim,Sim,Fibra óptica,Não,Sim,Sim,Não,Sim,Sim,Dois anos,Sim,Transferência bancária,70.15,3946.68,0
Masculino,0,Não,Não,58,Sim,Não,DSL,Não,Não,Não,Sim,Sim,Sim,Um ano,Sim,Transferência bancária,103.76,6775.15,0
Masculino,0,Não,Não,69,Sim,Sim,Fibra óptica,Não,Sim,Não,Sim,Não,Sim,Mês a mês,Sim,Cheque eletrônico,29.75,1755.29,0
Feminino,0,Não,Sim,8,Sim,Sim,Fibra óptica,Não,Não,Sim,Sim,Sim,Não,Um ano,Sim,Cheque enviado pelo correio,55.54,418.77,1
Feminino,1,Não,Sim,66,Sim,Sim,Fibra óptica,Sim,Sim,Não,Sim,Sim,Sim,Um ano,Sim,Transferência bancária,85.96,4832.16,0
Masculino,0,Sim,Não,24,Sim,Sim,Não,Sem serviço de internet,Sem serviço de internet,Sem serviço de internet,Sem serviço de internet,Sem serviço de internet,Sem serviço de internet,Um ano,Não,Cheque eletrônico,110.32,2375.04,1
Masculino,0,Não,Não,42,Não,Sem serviço telefônico,Fibra óptica,Sim,Não,Não,Não,Não,Não,Dois anos,Não,Cartão de crédito,104.02,4866.73,0
Feminino,0,Sim,Não,54,Sim,Não,DSL,Não,Sim,Não,Não,Sim,Sim,Mês a mês,Não,Cheque enviado pelo correio,34.35,1815.08,0
Feminino,0,Não,Não,16,Sim,Não,DSL,Não,Sim,Sim,Não,Não,Sim,Um ano,Não,Cheque eletrônico,24.21,429.12,0
Feminino,0,Não,Não,4,Sim,Sim,DSL,Não,Não,Não,Não,Sim,Não,Um ano,Não,Transferência bancária,73.6,254.7,0
Feminino,1,Não,Não,59,Sim,Não,Não,Sem serviço de internet,Sem serviço de internet,Sem serviço de internet,Sem serviço de internet,Sem serviço de internet,Sem serviço de internet,Mês a mês,Não,Cartão de crédito,67.6,3649.9,1
Feminino,1,Não,Não,46,Sim,Sim,Não,Sem serviço de internet,Sem serviço de internet,Sem serviço de internet,Sem serviço de internet,Sem serviço de internet,Sem serviço de internet,Mês a mês,Sim,Cheque enviado pelo correio,54.3,2736.93,0
Feminino,1,Não,Sim,13,Sim,Sim,Fibra óptica,Sim,Sim,Não,Não,Não,Sim,Mês a mês,Sim,Transferência bancária,38.74,558.19,1
Feminino,0,Não,Sim,37,Sim,Não,Não,Sem serviço de internet,Sem serviço de internet,Sem serviço de internet,Sem serviço de internet,Sem serviço de internet,Sem serviço de internet,Mês a mês,Sim,Cheque eletrônico,57.99,2178.8,0
Feminino,0,Não,Não,54,Sim,Sim,DSL,Não,Não,Não,Não,Não,Sim,Dois anos,Sim,Transferência bancária,65.65,3076.66,0
Masculino,1,Não,Não,49,Sim,Não,Não,Sem serviço de internet,Sem serviço de internet,Sem serviço de internet,Sem serviço de internet,Sem serviço de internet,Sem serviço de internet,Mês a mês,Não,Cheque enviado pelo correio,47.47,2401.49,0
Masculino,0,Não,Sim,58,Não,Sem serviço telefônico,Não,Sem serviço de internet,Sem serviço de internet,Sem serviço de internet,Sem serviço de internet,Sem serviço de internet,Sem serviço de internet,Dois anos,Sim,Cheque eletrônico,19.22,1234.22,0
Masculino,0,Sim,Não,19,Sim,Sim,Fibra óptica,Não,Sim,Não,Sim,Não,Não,Dois anos,Sim,Cartão de crédito,73.81,1352.33,0
Masculino,1,Não,Não,18,Sim,Não,DSL,Não,Sim,Não,Não,Não,Sim,Dois anos,Não,Cartão de crédito,113.68,1821.19,0
Masculino,0,Não,Sim,60,Sim,Não,Não,Sem serviço de internet,Sem serviço de internet,Sem serviço de internet,Sem serviço de internet,Sem serviço de internet,Sem serviço de internet,Um ano,Não,Cheque enviado pelo correio,52.73,3113.81,0
Masculino,0,Não,Não,17,Sim,Sim,Fibra óptica,Não,Não,Não,Sim,Não,Sim,Um ano,Sim,Cheque enviado pelo correio,94.91,1660.59,1
Feminino,0,Não,Sim,11,Sim,Sim,Fibra óptica,Não,Sim,Não,Não,Sim,Não,Mês a mês,Não,Transferência bancária,107.5,1297.42,1
Feminino,0,Sim,Não,15,Sim,Sim,Fibra óptica,Não,Não,Não,Não,Sim,Não,Um ano,Sim,Cartão de crédito,61.34,1029.01,0
Masculino,0,Sim,Sim,72,Sim,Não,Fibra óptica,Sim,Sim,Não,Não,Não,Não,Dois anos,Não,Cheque enviado pelo correio,54.12,4036.61,0
Masculino,0,Não,Não,17,Sim,Não,Não,Sem serviço de internet,Sem serviço de internet,Sem serviço de internet,Sem serviço de internet,Sem serviço de internet,Sem serviço de internet,Mês a mês,Não,Cartão de crédito,107.12,1575.74,0
Feminino,0,Não,Sim,5,Sim,Não,Fibra óptica,Não,Não,Não,Sim,Sim,Não,Dois anos,Sim,Cheque eletrônico,28.52,158.8,1
Feminino,0,Não,Não,61,Não,Sem serviço telefônico,Não,Sem serviço de internet,Sem serviço de internet,Sem serviço de internet,Sem serviço de internet,Sem serviço de internet,Sem serviço de internet,Mês a mês,Não,Cheque eletrônico,67.02,4224.15,0
Feminino,0,Sim,Não,4,Sim,Não,DSL,Não,Não,Sim,Sim,Não,Não,Dois anos,Não,Cartão de crédito,82.45,317.32,0
Masculino,0,Não,Não,56,Sim,Não,DSL,Não,Não,Sim,Sim,Não,Não,Mês a mês,Sim,Transferência bancária,85.34,4321.25,0
Feminino,1,Não,Não,48,Sim,Sim,Não,Sem serviço de internet,Sem serviço de internet,Sem serviço de internet,Sem serviço de internet,Sem serviço de internet,Sem serviço de internet,Dois anos,Não,Transferência bancária,29.31,1366.31,0
Masculino,0,Sim,Não,48,Sim,Não,Fibra óptica,Sim,Sim,Não,Não,Sim,Sim,Dois anos,Não,Transferência bancária,29.15,1401.91,0
Masculino,0,Sim,Sim,35,Não,Sem serviço telefônico,Fibra óptica,Não,Sim,Não,Não,Sim,Sim,Um ano,Não,Cheque eletrônico,46.69,1712.72,0
Feminino,0,Sim,Não,33,Sim,Não,Fibra óptica,Não,Não,Não,Sim,Sim,Não,Mês a mês,Sim,Cartão de crédito,96.13,3013.37,1
Feminino,1,Sim,Não,21,Sim,Não,Fibra óptica,Não,Não,Não,Não,Não,Sim,Mês a mês,Sim,Cheque eletrônico,116.17,2556.23,1
Masculino,0,Sim,Não,5,Sim,Não,DSL,Não,Sim,Sim,Não,Sim,Não,Mês a mês,Sim,Cheque eletrônico,77.08,375.19,0
Feminino,0,Sim,Não,64,Sim,Não,Fibra óptica,Não,Não,Não,Sim,Sim,Sim,Mês a mês,Não,Transferência bancária,84.3,5451.99,1
Feminino,1,Não,Não,69,Sim,Não,Não,Sem serviço de internet,Sem serviço de internet,Sem serviço de internet,Sem serviço de internet,Sem serviço de internet,Sem serviço de internet,Dois anos,Sim,Cheque eletrônico,116.25,8869.46,0
Masculino,0,Sim,Não,21,Não,Sem serviço telefônico,Não,Sem serviço de internet,Sem serviço de internet,Sem serviço de internet,Sem serviço de internet,Sem serviço de internet,Sem serviço de internet,Mês a mês,Não,Cartão de crédito,41.1,864.16,0
Feminino,1,Sim,Não,32,Sim,Não,Fibra óptica,Não,Não,Sim,Sim,Não,Não,Mês a mês,Sim,Transferência bancária,27.28,994.65,0
Masculino,1,Sim,Não,18,Sim,Sim,Fibra óptica,Não,Não,Não,Não,Sim,Não,Mês a mês,Não,Transferência bancária,35.17,636.3,0
Masculino,1,Sim,Não,58,Sim,Não,DSL,Não,Não,Sim,Sim,Sim,Sim,Mês a mês,Sim,Cheque enviado pelo correio,48.72,3222.26,0
Feminino,0,Não,Não,24,Sim,Não,Não,Sem serviço de internet,Sem serviço de internet,Sem serviço de internet,Sem serviço de internet,Sem serviço de internet,Sem serviço de internet,Mês a mês,Não,Cheque enviado pelo correio,86.11,1917.38,0
Masculino,0,Sim,Não,5,Não,Sem serviço telefônico,DSL,Não,Não,Não,Sim,Sim,Sim,Mês a mês,Sim,Cheque enviado pelo correio,48.2,248.52,1
Masculino,1,Não,Não,53,Sim,Não,Fibra óptica,Sim,Não,Não,Sim,Não,Sim,Um ano,Não,Transferência bancária,67.9,3104.55,0
Feminino,0,Não,Não,55,Sim,Não,Fibra óptica,Sim,Sim,Sim,Não,Sim,Sim,Dois anos,Sim,Cheque eletrônico,20.73,1100.32,1
Feminino,0,Sim,Não,5,Sim,Sim,Fibra óptica,Não,Não,Sim,Não,Não,Não,Um ano,Não,Cheque enviado pelo correio,111.9,533.31,1
Feminino,0,Não,Não,69,Sim,Sim,Fibra óptica,Não,Não,Não,Não,Não,Sim,Mês a mês,Sim,Cartão de crédito,76.99,5811.05,1
Masculino,0,Não,Não,41,Sim,Não,DSL,Sim,Não,Sim,Sim,Não,Não,Mês a mês,Não,Cheque eletrônico,72.63,3421.31,0
Masculino,0,Sim,Sim,7,Sim,Sim,Não,Sem serviço de internet,Sem serviço de internet,Sem serviço de internet,Sem serviço de internet,Sem serviço de internet,Sem serviço de internet,Um ano,Sim,Cheque enviado pelo correio,92.5,705.89,0
Feminino,0,Não,Sim,1,Sim,Sim,Fibra óptica,Não,Não,Sim,Não,Não,Não,Um ano,Não,Cheque eletrônico,112.87,99.89,1
Masculino,0,Não,Não,52,Sim,Não,Fibra óptica,Sim,Não,Não,Não,Não,Não,Um ano,Sim,Cheque enviado pelo correio,79.14,4199.43,0
Feminino,0,Não,Não,26,Sim,Não,Não,Sem serviço de internet,Sem serviço de internet,Sem serviço de internet,Sem serviço de internet,Sem serviço de internet,Sem serviço de internet,Dois anos,Sim,Cheque eletrônico,85.9,2156.41,0
Feminino,0,Sim,Não,63,Sim,Não,Não,Sem serviço de internet,Sem serviço de internet,Sem serviço de internet,Sem serviço de internet,Sem serviço de internet,Sem serviço de internet,Mês a mês,Sim,Cheque enviado pelo correio,45.86,2473.81,0
Masculino,0,Não,Não,12,Não,Sem serviço telefônico,DSL,Não,Sim,Não,Não,Não,Não,Mês a mês,Não,Cheque enviado pelo correio,100.4,1228.82,0
Feminino,0,Sim,Não,70,Sim,Sim,Não,Sem serviço de internet,Sem serviço de internet,Sem serviço de internet,Sem serviço de internet,Sem serviço de internet,Sem serviço de internet,Um ano,Não,Cartão de crédito,96.8,6780.38,0
Masculino,0,Sim,Não,19,Sim,Não,Fibra óptica,Não,Sim,Sim,Não,Sim,Não,Mês a mês,Sim,Cheque eletrônico,20.16,420.79,1
Masculino,0,Sim,Não,4,Sim,Sim,Não,Sem serviço de internet,Sem serviço de internet,Sem serviço de internet,Sem serviço de internet,Sem serviço de internet,Sem serviço de internet,Mês a mês,Não,Cheque eletrônico,95.77,361.95,1
Feminino,0,Não,Sim,5,Sim,Não,Não,Sem serviço de internet,Sem serviço de internet,Sem serviço de internet,Sem serviço de internet,Sem serviço de internet,Sem serviço de internet,Mês a mês,Sim,Cheque eletrônico,37.29,210.78,0
Masculino,0,Não,Não,54,Sim,Sim,Não,Sem serviço de internet,Sem serviço de internet,Sem serviço de internet,Sem serviço de internet,Sem serviço de internet,Sem serviço de internet,Mês a mês,Não,Cheque eletrônico,35.88,1677.85,0
Feminino,0,Sim,Não,70,Não,Sem serviço telefônico,Fibra óptica,Não,Não,Sim,Sim,Sim,Sim,Um ano,Sim,Cartão de crédito,50.88,3071.66,0
Masculino,0,Sim,Não,57,Sim,Sim,DSL,Não,Não,Sim,Não,Não,Não,Mês a mês,Sim,Transferência bancária,112.99,6196.29,0
Masculino,0,Não,Não,52,Sim,Sim,Fibra óptica,Não,Não,Não,Sim,Não,Não,Dois anos,Não,Cheque eletrônico,77.06,3712.81,0
Masculino,0,Não,Não,18,Sim,Sim,DSL,Não,Não,Não,Não,Não,Sim,Um ano,Sim,Cheque eletrônico,112.59,2170.55,0
Feminino,0,Sim,Sim,64,Sim,Sim,Fibra óptica,Sim,Não,Não,Sim,Sim,Sim,Mês a mês,Sim,Cheque eletrônico,25.84,1858.99,0
Masculino,1,Não,Sim,10,Sim,Sim,DSL,Não,Não,Não,Não,Sim,Não,Mês a mês,Sim,Cheque eletrônico,71.22,719.49,0
Feminino,0,Sim,Sim,23,Sim,Não,Fibra óptica,Não,Não,Não,Não,Não,Sim,Mês a mês,Sim,Cheque eletrônico,68.51,1402.7,1
Masculino,1,Não,Não,68,Sim,Sim,DSL,Não,Não,Sim,Sim,Sim,Não,Mês a mês,Sim,Cheque eletrônico,62.24,4288.08,0
Masculino,0,Não,Sim,52,Sim,Não,DSL,Não,Sim,Não,Não,Sim,Sim,Mês a mês,Sim,Cheque enviado pelo correio,117.15,6083.23,1
Feminino,0,Sim,Sim,47,Sim,Sim,Fibra óptica,Sim,Não,Não,Não,Sim,Não,Dois anos,Sim,Cheque eletrônico,65.32,2754.33,0
Feminino,0,Não,Não,70,Sim,Não,Não,Sem serviço de internet,Sem serviço de internet,Sem serviço de internet,Sem serviço de internet,Sem serviço de internet,Sem serviço de internet,Um ano,Não,Cheque eletrônico,41.87,2511.33,0
Feminino,0,Não,Não,26,Sim,Sim,Fibra óptica,Não,Sim,Sim,Não,Não,Não,Mês a mês,Não,Transferência bancária,82.37,2053.95,0
Feminino,0,Sim,Não,70,Sim,Não,Fibra óptica,Não,Não,Não,Não,Não,Não,Mês a mês,Sim,Transferência bancária,42.68,3426.73,0
Feminino,0,Sim,Não,43,Sim,Não,DSL,Não,Sim,Não,Sim,Sim,Não,Dois anos,Não,Cartão de crédito,31.17,1500.32,0
Masculino,0,Sim,Não,69,Sim,Sim,DSL,Não,Não,Não,Não,Sim,Não,Um ano,Sim,Cheque enviado pelo correio,76.31,5999.6,0
Masculino,0,Sim,Sim,63,Sim,Não,Fibra óptica,Não,Não,Sim,Não,Não,Sim,Mês a mês,Não,Transferência bancária,90.44,5198.63,1
Feminino,0,Não,Não,66,Não,Sem serviço telefônico,Fibra óptica,Não,Sim,Não,Não,Não,Não,Mês a mês,Sim,Transferência bancária,63.14,4626.47,0
Masculino,0,Sim,Não,63,Sim,Não,Fibra óptica,Não,Sim,Não,Não,Não,Sim,Um ano,Sim,Transferência bancária,50.21,3156.87,0
Masculino,1,Não,Não,13,Não,Sem serviço telefônico,Não,Sem serviço de internet,Sem serviço de internet,Sem serviço de internet,Sem serviço de internet,Sem serviço de internet,Sem serviço de internet,Mês a mês,Não,Cheque enviado pelo correio,33.31,485.88,0
Masculino,0,Sim,Não,51,Sim,Não,Fibra óptica,Sim,Não,Não,Sim,Não,Sim,Mês a mês,Sim,Cartão de crédito,98.17,4600.0,1
Feminino,0,Não,Não,5,Sim,Não,Fibra óptica,Não,Não,Não,Não,Não,Não,Um ano,Sim,Cheque enviado pelo correio,107.13,524.16,1
Masculino,0,Sim,Não,47,Sim,Não,DSL,Sim,Não,Não,Sim,Não,Não,Mês a mês,Não,Cheque eletrônico,43.31,1889.39,0
Masculino,0,Sim,Não,36,Sim,Não,DSL,Não,Não,Sim,Sim,Não,Sim,Mês a mês,Não,Transferência bancária,60.82,1899.74,0
Masculino,0,Sim,Não,36,Sim,Sim,Fibra óptica,Não,Não,Não,Sim,Sim,Não,Mês a mês,Não,Cheque enviado pelo correio,48.66,1721.71,0
Feminino,0,Não,Não,50,Sim,Não,Fibra óptica,Não,Sim,Não,Não,Não,Não,Um ano,Sim,Transferência bancária,101.08,4359.76,0
Masculino,0,Sim,Não,56,Sim,Não,Fibra óptica,Sim,Não,Não,Sim,Não,Não,Um ano,Sim,Cheque enviado pelo correio,110.22,6563.77,0
Masculino,1,Sim,Não,19,Sim,Sim,DSL,Não,Não,Sim,Não,Sim,Sim,Mês a mês,Sim,Transferência bancária,33.14,625.52,0
Feminino,0,Não,Sim,20,Sim,Sim,Fibra óptica,Não,Sim,Não,Sim,Não,Não,Dois anos,Sim,Cheque enviado pelo correio,21.65,464.85,0
Feminino,1,Não,Não,22,Sim,Não,Fibra óptica,Sim,Não,Não,Não,Sim,Sim,Mês a mês,Não,Cheque enviado pelo correio,26.56,611.19,1
Masculino,1,Não,Sim,31,Sim,Sim,Fibra óptica,Não,Não,Sim,Não,Não,Não,Mês a mês,Não,Cheque eletrônico,47.05,1514.6,1
Masculino,1,Sim,Não,62,Sim,Não,DSL,Não,Não,Não,Não,Não,Não,Mês a mês,Não,Cheque eletrônico,90.43,6374.63,0
Feminino,0,Sim,Não,44,Sim,Não,Fibra óptica,Não,Não,Não,Sim,Não,Sim,Dois anos,Não,Cheque eletrônico,50.65,2013.39,0
Feminino,0,Não,Não,68,Sim,Sim,Não,Sem serviço de internet,Sem serviço de internet,Sem serviço de internet,Sem serviço de internet,Sem serviço de internet,Sem serviço de internet,Um ano,Não,Cheque enviado pelo correio,116.42,8749.58,0
Feminino,0,Não,Não,67,Sim,Não,DSL,Não,Sim,Não,Não,Não,Não,Mês a mês,Sim,Cheque enviado pelo correio,26.56,1914.41,0
Feminino,0,Sim,Não,49,Sim,Não,DSL,Não,Não,Não,Não,Sim,Não,Mês a mês,Não,Cheque eletrônico,85.14,4151.75,1
Feminino,0,Sim,Não,59,Sim,Sim,DSL,Não,Não,Não,Não,Não,Sim,Mês a mês,Não,Transferência bancária,64.21,3463.3,0
Feminino,0,Não,Não,4,Sim,Não,DSL,Não,Não,Sim,Não,Não,Sim,Mês a mês,Sim,Cartão de crédito,48.95,180.74,1
Feminino,0,Sim,Não,39,Sim,Sim,Fibra óptica,Sim,Não,Não,Não,Não,Não,Mês a mês,Não,Cheque enviado pelo correio,74.09,2551.19,0
Masculino,0,Não,Sim,7,Sim,Sim,Não,Sem serviço de internet,Sem serviço de internet,Sem serviço de internet,Sem serviço de internet,Sem serviço de internet,Sem serviço de internet,Um ano,Sim,Cheque eletrônico,42.77,297.18,1
Feminino,0,Sim,Não,71,Sim,Não,Não,Sem serviço de internet,Sem serviço de internet,Sem serviço de internet,Sem serviço de internet,Sem serviço de internet,Sem serviço de internet,Dois anos,Sim,Cheque enviado pelo correio,79.43,6044.54,0
Feminino,0,Não,Não,49,Sim,Sim,DSL,Não,Sim,Sim,Sim,Não,Não,Mês a mês,Sim,Cartão de crédito,117.5,6453.36,0
Masculino,0,Não,Sim,15,Sim,Não,Fibra óptica,Não,Não,Sim,Sim,Não,Sim,Um ano,Sim,Cartão de crédito,49.21,769.18,0
Feminino,0,Sim,Não,7,Não,Sem serviço telefônico,DSL,Não,Não,Sim,Não,Sim,Sim,Um ano,Sim,Cartão de crédito,55.21,415.84,0
Feminino,0,Sim,Sim,47,Não,Sem serviço telefônico,Fibra óptica,Não,Não,Não,Sim,Não,Não,Mês a mês,Não,Cheque enviado pelo correio,104.9,5635.46,1
Masculino,0,Não,Não,68,Sim,Sim,Fibra óptica,Não,Não,Sim,Não,Sim,Não,Dois anos,Sim,Cheque enviado pelo correio,53.89,4179.1,0
Feminino,0,Sim,Sim,45,Sim,Sim,Não,Sem serviço de internet,Sem serviço de internet,Sem serviço de internet,Sem serviço de internet,Sem serviço de internet,Sem serviço de internet,Mês a mês,Não,Cheque eletrônico,109.1,5642.05,0
Masculino,0,Não,Não,19,Sim,Não,DSL,Sim,Sim,Não,Não,Não,Não,Mês a mês,Não,Cheque eletrônico,87.84,1646.96,0
Masculino,0,Não,Não,47,Sim,Não,Não,Sem serviço de internet,Sem serviço de internet,Sem serviço de internet,Sem serviço de internet,Sem serviço de internet,Sem serviço de internet,Um ano,Sim,Cartão de crédito,19.93,864.12,0
Masculino,0,Não,Não,53,Sim,Não,Não,Sem serviço de internet,Sem serviço de internet,Sem serviço de internet,Sem serviço de internet,Sem serviço de internet,Sem serviço de internet,Um ano,Não,Transferência bancária,55.75,3246.56,0
Masculino,0,Sim,Não,27,Sim,Não,Fibra óptica,Não,Não,Não,Não,Não,Sim,Dois anos,Não,Cartão de crédito,56.56,1339.98,0
Feminino,0,Sim,Não,5,Sim,Sim,DSL,Não,Não,Não,Não,Não,Sim,Mês a mês,Sim,Cheque eletrônico,42.45,192.53,1
Masculino,0,Não,Não,60,Sim,Sim,Fibra óptica,Não,Sim,Sim,Não,Não,Sim,Um ano,Sim,Cheque eletrônico,76.78,4481.0,0
Masculino,0,Sim,Não,62,Sim,Sim,DSL,Não,Não,Não,Sim,Não,Sim,Um ano,Sim,Cheque eletrônico,22.07,1264.89,0
Feminino,0,Não,Não,59,Sim,Não,DSL,Sim,Não,Não,Não,Não,Sim,Mês a mês,Sim,Cheque enviado pelo correio,77.65,4452.53,1
Masculino,1,Não,Sim,61,Sim,Não,DSL,Sim,Não,Não,Sim,Sim,Não,Dois anos,Não,Cheque enviado pelo correio,73.74,4145.47,0
Masculino,0,Sim,Sim,56,Sim,Sim,Fibra óptica,Não,Não,Sim,Sim,Não,Não,Mês a mês,Não,Cartão de crédito,87.08,5558.24,0
Masculino,0,Sim,Não,47,Sim,Sim,DSL,Não,Não,Não,Não,Sim,Não,Um ano,Não,Cheque eletrônico,71.85,3802.01,0
Masculino,0,Sim,Não,48,Sim,Não,DSL,Sim,Não,Não,Não,Não,Sim,Mês a mês,Não,Cheque enviado pelo correio,51.34,2284.14,0
Feminino,0,Não,Sim,10,Não,Sem serviço telefônico,DSL,Não,Não,Sim,Sim,Não,Não,Dois anos,Não,Transferência bancária,115.02,991.27,0
Masculino,0,Sim,Sim,32,Sim,Sim,Fibra óptica,Não,Não,Sim,Não,Sim,Não,Dois anos,Sim,Transferência bancária,31.29,977.76,0
Feminino,0,Sim,Não,65,Sim,Sim,DSL,Não,Sim,Sim,Sim,Não,Não,Um ano,Não,Cartão de crédito,92.3,5723.81,0
Feminino,0,Não,Não,24,Sim,Sim,Não,Sem serviço de internet,Sem serviço de internet,Sem serviço de internet,Sem serviço de internet,Sem serviço de internet,Sem serviço de internet,Dois anos,Sim,Cartão de crédito,38.56,847.87,0
Masculino,0,Sim,Não,29,Sim,Não,Fibra óptica,Não,Sim,Não,Não,Não,Não,Mês a mês,Sim,Cheque eletrônico,24.21,770.95,1
Masculino,0,Sim,Não,7,Sim,Sim,Não,Sem serviço de internet,Sem serviço de internet,Sem serviço de internet,Sem serviço de internet,Sem serviço de internet,Sem serviço de internet,Dois anos,Sim,Cheque enviado pelo correio,94.62,659.02,1
Masculino,0,Sim,Sim,17,Sim,Não,Fibra óptica,Sim,Não,Sim,Não,Não,Sim,Dois anos,Sim,Transferência bancária,103.78,1937.1,0
Masculino,0,Não,Não,25,Não,Sem serviço telefônico,Não,Sem serviço de internet,Sem serviço de internet,Sem serviço de internet,Sem serviço de internet,Sem serviço de internet,Sem serviço de internet,Mês a mês,Não,Cheque enviado pelo correio,30.15,778.78,0
Feminino,0,Sim,Não,36,Sim,Não,Não,Sem serviço de internet,Sem serviço de internet,Sem serviço de internet,Sem serviço de internet,Sem serviço de internet,Sem serviço de internet,Um ano,Não,Cheque enviado pelo correio,70.61,2563.62,0
Feminino,0,Não,Não,61,Sim,Não,DSL,Sim,Não,Sim,Sim,Sim,Não,Dois anos,Sim,Cheque eletrônico,90.85,5311.74,0
Feminino,0,Não,Não,71,Sim,Sim,Fibra óptica,Sim,Não,Não,Não,Sim,Sim,Um ano,Não,Cheque eletrônico,56.15,3831.36,0
Masculino,0,Não,Não,35,Sim,Sim,Fibra óptica,Sim,Sim,Sim,Sim,Não,Não,Dois anos,Sim,Transferência bancária,62.23,2010.1,0
Feminino,0,Não,Não,50,Sim,Sim,Fibra óptica,Não,Sim,Sim,Sim,Não,Não,Um ano,Sim,Cartão de crédito,115.74,5546.48,0
Masculino,1,Sim,Sim,56,Sim,Sim,Não,Sem serviço de internet,Sem serviço de internet,Sem serviço de internet,Sem serviço de internet,Sem serviço de internet,Sem serviço de internet,Mês a mês,Sim,Cartão de crédito,90.91,4561.44,0
Masculino,1,Sim,Sim,65,Sim,Não,Fibra óptica,Não,Não,Sim,Sim,Não,Não,Dois anos,Não,Cartão de crédito,110.16,7463.28,0
Masculino,0,Sim,Sim,41,Sim,Sim,DSL,Não,Sim,Não,Não,Sim,Sim,Dois anos,Sim,Cartão de crédito,61.23,2298.82,0
Masculino,0,Não,Não,25,Sim,Sim,DSL,Não,Não,Sim,Não,Sim,Sim,Mês a mês,Sim,Cheque eletrônico,65.59,1840.15,0
Masculino,0,Sim,Não,34,Sim,Não,DSL,Não,Não,Não,Não,Não,Sim,Mês a mês,Não,Cheque enviado pelo correio,114.98,3830.42,1
Feminino,0,Sim,Não,8,Sim,Não,Não,Sem serviço de internet,Sem serviço de internet,Sem serviço de internet,Sem serviço de internet,Sem serviço de internet,Sem serviço de internet,Um ano,Sim,Cheque eletrônico,60.74,522.05,0
Feminino,1,Sim,Não,56,Sim,Sim,DSL,Não,Não,Não,Não,Não,Sim,Um ano,Sim,Cheque enviado pelo correio,59.2,3564.36,0
Masculino,0,Sim,Não,30,Sim,Sim,DSL,Não,Não,Sim,Sim,Sim,Não,Dois anos,Não,Cheque eletrônico,87.73,2414.12,0
Feminino,0,Não,Sim,68,Sim,Sim,DSL,Sim,Não,Não,Sim,Não,Não,Mês a mês,Não,Transferência bancária,22.43,1591.25,1
Masculino,0,Não,Sim,21,Sim,Sim,Não,Sem serviço de internet,Sem serviço de internet,Sem serviço de internet,Sem serviço de internet,Sem serviço de internet,Sem serviço de internet,Mês a mês,Sim,Cheque enviado pelo correio,62.42,1356.61,0
Masculino,0,Sim,Sim,10,Sim,Sim,Fibra óptica,Sim,Não,Não,Não,Não,Não,Dois anos,Sim,Cartão de crédito,111.94,1223.19,1
Masculino,1,Não,Não,33,Sim,Não,Fibra óptica,Não,Não,Não,Não,Sim,Não,Dois anos,Não,Cheque eletrônico,107.66,3763.22,0
Feminino,0,Não,Sim,4,Sim,Sim,Não,Sem serviço de internet,Sem serviço de internet,Sem serviço de internet,Sem serviço de internet,Sem serviço de internet,Sem serviço de internet,Dois anos,Não,Cheque enviado pelo correio,84.04,353.47,1
Masculino,0,Não,Não,23,Sim,Não,Fibra óptica,Não,Sim,Não,Não,Sim,Não,Mês a mês,Sim,Cheque eletrônico,62.35,1626.24,1
Masculino,0,Não,Não,69,Sim,Sim,Fibra óptica,Não,Não,Não,Não,Não,Não,Mês a mês,Sim,Cheque enviado pelo correio,69.05,4914.91,1
Feminino,0,Sim,Sim,53,Sim,Não,DSL,Não,Sim,Sim,Não,Não,Não,Mês a mês,Sim,Cheque eletrônico,44.6,2423.33,0
Feminino,0,Sim,Sim,5,Sim,Sim,Não,Sem serviço de internet,Sem serviço de internet,Sem serviço de internet,Sem serviço de internet,Sem serviço de internet,Sem serviço de internet,Dois anos,Sim,Cartão de crédito,38.47,173.71,1
Feminino,0,Não,Não,18,Sim,Não,Fibra óptica,Não,Não,Não,Não,Não,Não,Mês a mês,Sim,Cartão de crédito,44.89,723.63,0
Masculino,0,Não,Sim,17,Sim,Sim,Fibra óptica,Sim,Não,Sim,Não,Não,Não,Mês a mês,Sim,Cheque enviado pelo correio,108.22,1953.22,0
Masculino,0,Não,Sim,58,Sim,Sim,DSL,Não,Não,Sim,Não,Sim,Sim,Um ano,Não,Cheque enviado pelo correio,43.73,2801.21,0
Feminino,0,Não,Não,67,Sim,Não,DSL,Não,Não,Não,Não,Sim,Não,Dois anos,Sim,Cheque enviado pelo correio,64.93,4733.62,0
Masculino,0,Não,Não,72,Sim,Sim,Fibra óptica,Não,Sim,Não,Não,Não,Não,Mês a mês,Sim,Cheque enviado pelo correio,89.66,7291.6,1
Feminino,0,Não,Sim,56,Sim,Não,Não,Sem serviço de internet,Sem serviço de internet,Sem serviço de internet,Sem serviço de internet,Sem serviço de internet,Sem serviço de internet,Mês a mês,Sim,Cheque enviado pelo correio,92.19,4619.21,1
Feminino,0,Não,Não,40,Sim,Não,DSL,Não,Não,Não,Não,Não,Não,Dois anos,Não,Cheque enviado pelo correio,49.03,2174.51,0
Masculino,0,Sim,Sim,2,Não,Sem serviço telefônico,DSL,Não,Sim,Não,Não,Sim,Não,Mês a mês,Não,Cartão de crédito,43.88,89.18,0
Masculino,0,Não,Não,21,Sim,Não,Fibra óptica,Não,Não,Não,Não,Sim,Sim,Mês a mês,Não,Cheque enviado pelo correio,55.03,1230.12,0
Feminino,0,Não,Não,52,Sim,Sim,Não,Sem serviço de internet,Sem serviço de internet,Sem serviço de internet,Sem serviço de internet,Sem serviço de internet,Sem serviço de internet,Mês a mês,Não,Transferência bancária,28.09,1371.95,0
Feminino,0,Não,Não,24,Não,Sem serviço telefônico,Fibra óptica,Sim,Sim,Não,Não,Não,Não,Mês a mês,Não,Transferência bancária,72.56,1491.0,1
Feminino,0,Sim,Não,53,Sim,Não,DSL,Não,Sim,Não,Não,Sim,Não,Um ano,Sim,Cartão de crédito,91.13,4114.12,0
Feminino,0,Sim,Não,38,Sim,Não,Fibra óptica,Não,Não,Não,Não,Não,Não,Mês a mês,Não,Cheque eletrônico,41.51,1435.78,0
Masculino,0,Não,Não,20,Sim,Sim,DSL,Não,Não,Não,Não,Não,Sim,Dois anos,Não,Cheque eletrônico,27.01,502.79,0
Feminino,0,Não,Sim,50,Sim,Não,DSL,Sim,Sim,Não,Não,Não,Sim,Dois anos,Sim,Transferência bancária,102.42,5249.69,0
Feminino,1,Não,Não,39,Sim,Sim,Fibra óptica,Não,Sim,Não,Não,Não,Não,Um ano,Sim,Cheque enviado pelo correio,106.28,4588.94,0
Feminino,0,Sim,Não,60,Sim,Não,Fibra óptica,Não,Não,Sim,Sim,Sim,Não,Um ano,Sim,Transferência bancária,104.07,5933.34,1
Masculino,0,Sim,Não,39,Sim,Sim,Fibra óptica,Não,Sim,Não,Não,Sim,Não,Dois anos,Sim,Cheque enviado pelo correio,60.39,2588.12,0
Masculino,0,Sim,Não,71,Sim,Sim,Não,Sem serviço de internet,Sem serviço de internet,Sem serviço de internet,Sem serviço de internet,Sem serviço de internet,Sem serviço de internet,Um ano,Não,Transferência bancária,32.2,2102.94,0
Feminino,0,Não,Não,33,Sim,Sim,DSL,Sim,Não,Não,Sim,Não,Não,Mês a mês,Sim,Cartão de crédito,86.91,2807.33,0
Masculino,0,Sim,Sim,29,Sim,Sim,DSL,Sim,Não,Não,Não,Não,Sim,Mês a mês,Sim,Cheque enviado pelo correio,28.09,715.42,1
Masculino,0,Não,Não,10,Sim,Não,DSL,Não,Sim,Não,Não,Não,Não,Mês a mês,Não,Cheque eletrônico,87.18,855.56,1
Masculino,0,Sim,Sim,67,Não,Sem serviço telefônico,Fibra óptica,Não,Sim,Não,Não,Não,Sim,Um ano,Não,Cheque eletrônico,39.76,2822.25,1
Feminino,0,Não,Sim,3,Sim,Não,Fibra óptica,Não,Não,Não,Não,Não,Não,Mês a mês,Não,Cheque eletrônico,28.8,94.74,1
Feminino,0,Não,Sim,31,Sim,Não,DSL,Sim,Sim,Não,Não,Não,Não,Dois anos,Não,Cartão de crédito,18.18,555.17,0
Masculino,0,Não,Não,27,Sim,Sim,Fibra óptica,Não,Sim,Não,Não,Sim,Não,Um ano,Sim,Transferência bancária,68.93,1714.61,0
Feminino,0,Sim,Sim,70,Sim,Sim,Fibra óptica,Não,Não,Não,Não,Sim,Não,Mês a mês,Sim,Cheque enviado pelo correio,104.39,6271.49,1
Feminino,0,Não,Não,27,Sim,Sim,Não,Sem serviço de internet,Sem serviço de internet,Sem serviço de internet,Sem serviço de internet,Sem serviço de internet,Sem serviço de internet,Dois anos,Sim,Cheque enviado pelo correio,92.8,2665.9,0
Masculino,0,Sim,Não,9,Sim,Sim,Fibra óptica,Sim,Não,Não,Não,Não,Sim,Mês a mês,Sim,Cheque eletrônico,44.13,374.61,1
Masculino,0,Sim,Sim,6,Sim,Sim,DSL,Não,Não,Sim,Não,Sim,Não,Mês a mês,Sim,Cheque eletrônico,32.84,207.59,1
Feminino,1,Sim,Sim,6,Não,Sem serviço telefônico,DSL,Não,Sim,Sim,Sim,Não,Não,Mês a mês,Não,Cheque enviado pelo correio,113.88,712.47,0
Masculino,1,Não,Sim,26,Sim,Não,DSL,Não,Sim,Não,Não,Não,Sim,Mês a mês,Não,Cheque eletrônico,100.73,2343.43,1
Feminino,0,Sim,Não,43,Sim,Não,DSL,Sim,Não,Não,Não,Não,Sim,Mês a mês,Sim,Cheque enviado pelo correio,80.35,3833.32,0
Feminino,0,Não,Sim,19,Sim,Sim,Fibra óptica,Sim,Não,Sim,Não,Sim,Não,Dois anos,Não,Cheque enviado pelo correio,53.03,930.41,1
Masculino,0,Sim,Não,16,Não,Sem serviço telefônico,Fibra óptica,Não,Não,Não,Sim,Não,Não,Mês a mês,Sim,Cartão de crédito,96.79,1614.12,1
Feminino,0,Sim,Não,23,Sim,Não,DSL,Sim,Não,Não,Não,Não,Não,Mês a mês,Não,Cheque enviado pelo correio,55.58,1297.26,0
Feminino,1,Sim,Não,29,Não,Sem serviço telefônico,Fibra óptica,Não,Não,Sim,Sim,Sim,Não,Mês a mês,Não,Transferência bancária,87.92,2615.07,1
Masculino,0,Não,Não,38,Sim,Não,DSL,Não,Sim,Sim,Não,Sim,Sim,Mês a mês,Sim,Cartão de crédito,72.45,2714.75,1
Masculino,0,Sim,Não,59,Sim,Sim,DSL,Não,Não,Não,Sim,Não,Sim,Mês a mês,Sim,Cartão de crédito,73.06,4346.99,0
Masculino,0,Não,Não,48,Sim,Não,Não,Sem serviço de internet,Sem serviço de internet,Sem serviço de internet,Sem serviço de internet,Sem serviço de internet,Sem serviço de internet,Um ano,Não,Transferência bancária,71.16,3681.32,0
Feminino,0,Não,Não,20,Sim,Sim,Fibra óptica,Não,Sim,Sim,Não,Não,Não,Um ano,Sim,Cheque enviado pelo correio,115.44,2220.77,1
Masculino,0,Não,Sim,21,Sim,Sim,Não,Sem serviço de internet,Sem serviço de internet,Sem serviço de internet,Sem serviço de internet,Sem serviço de internet,Sem serviço de internet,Dois anos,Sim,Cheque eletrônico,108.0,2435.46,0
Masculino,0,Sim,Não,28,Sim,Não,Não,Sem serviço de internet,Sem serviço de internet,Sem serviço de internet,Sem serviço de internet,Sem serviço de internet,Sem serviço de internet,Dois anos,Não,Cheque enviado pelo correio,62.47,1542.09,0
Masculino,0,Sim,Não,50,Sim,Não,Fibra óptica,Não,Não,Não,Não,Não,Sim,Um ano,Sim,Cheque eletrônico,112.26,5754.11,0
Masculino,0,Não,Sim,33,Sim,Sim,Fibra óptica,Não,Sim,Não,Sim,Não,Não,Um ano,Sim,Cheque eletrônico,83.4,2747.9,1
Feminino,0,Não,Não,40,Não,Sem serviço telefônico,Fibra óptica,Não,Não,Sim,Não,Sim,Não,Mês a mês,Sim,Cheque enviado pelo correio,102.15,4349.24,0
Feminino,0,Sim,Não,54,Sim,Sim,Fibra óptica,Não,Não,Não,Não,Não,Não,Dois anos,Sim,Cheque eletrônico,99.45,5280.08,1
Masculino,0,Não,Não,10,Sim,Sim,DSL,Sim,Não,Não,Sim,Não,Não,Um ano,Sim,Transferência bancária,114.12,1205.58,0
Feminino,0,Sim,Não,34,Sim,Não,DSL,Sim,Não,Não,Não,Não,Não,Mês a mês,Sim,Transferência bancária,37.91,1415.58,1
Masculino,1,Não,Não,36,Sim,Não,Fibra óptica,Não,Não,Sim,Sim,Não,Sim,Mês a mês,Sim,Cartão de crédito,88.33,2972.32,1
Masculino,0,Sim,Sim,7,Sim,Sim,DSL,Não,Não,Não,Não,Não,Não,Mês a mês,Não,Cheque eletrônico,112.42,761.84,1
Feminino,0,Sim,Não,16,Sim,Sim,Não,Sem serviço de internet,Sem serviço de internet,Sem serviço de internet,Sem serviço de internet,Sem serviço de internet,Sem serviço de internet,Mês a mês,Não,Cartão de crédito,24.33,365.12,0
Feminino,0,Sim,Sim,51,Sim,Não,DSL,Não,Não,Não,Não,Sim,Não,Um ano,Não,Cartão de crédito,110.33,5146.34,0
Masculino,0,Não,Não,61,Não,Sem serviço telefônico,Fibra óptica,Sim,Não,Não,Não,Não,Sim,Mês a mês,Não,Cheque enviado pelo correio,111.32,6950.9,0
Masculino,0,Não,Não,31,Não,Sem serviço telefônico,Fibra óptica,Não,Sim,Não,Não,Não,Não,Mês a mês,Não,Cheque enviado pelo correio,68.74,2441.27,0
Feminino,0,Sim,Sim,32,Sim,Sim,DSL,Sim,Não,Não,Sim,Sim,Não,Mês a mês,Sim,Cartão de crédito,87.15,2394.21,0
Masculino,1,Não,Não,45,Sim,Sim,DSL,Sim,Não,Sim,Sim,Sim,Não,Mês a mês,Não,Cartão de crédito,19.47,812.19,1
Feminino,0,Não,Sim,27,Sim,Sim,DSL,Não,Não,Não,Não,Sim,Não,Mês a mês,Não,Cheque eletrônico,20.23,626.41,1
Masculino,1,Não,Sim,22,Sim,Sim,Fibra óptica,Não,Não,Não,Não,Não,Não,Mês a mês,Sim,Transferência bancária,19.74,408.84,1
Masculino,1,Sim,Não,15,Sim,Não,DSL,Não,Sim,Não,Sim,Sim,Não,Mês a mês,Não,Cheque enviado pelo correio,63.09,804.6,0
Feminino,1,Não,Sim,8,Sim,Não,Fibra óptica,Não,Sim,Não,Não,Não,Não,Mês a mês,Sim,Cheque enviado pelo correio,29.47,270.43,1
Feminino,0,Sim,Não,68,Sim,Não,DSL,Não,Não,Sim,Não,Não,Não,Mês a mês,Não,Cheque eletrônico,96.88,7104.16,1
Feminino,0,Sim,Sim,8,Sim,Não,DSL,Sim,Não,Não,Não,Sim,Não,Dois anos,Não,Cheque enviado pelo correio,41.43,297.69,1
Feminino,0,Não,Sim,16,Sim,Não,Não,Sem serviço de internet,Sem serviço de internet,Sem serviço de internet,Sem serviço de internet,Sem serviço de internet,Sem serviço de internet,Mês a mês,Não,Cheque eletrônico,33.93,482.91,0
Feminino,0,Não,Sim,48,Sim,Sim,Não,Sem serviço de internet,Sem serviço de internet,Sem serviço de internet,Sem serviço de internet,Sem serviço de internet,Sem serviço de internet,Um ano,Sim,Cartão de crédito,52.42,2546.57,0
Feminino,0,Não,Não,34,Sim,Não,DSL,Sim,Não,Sim,Não,Sim,Sim,Um ano,Não,Cheque enviado pelo correio,40.28,1168.83,0
Feminino,0,Não,Sim,57,Não,Sem serviço telefônico,Não,Sem serviço de internet,Sem serviço de internet,Sem serviço de internet,Sem serviço de internet,Sem serviço de internet,Sem serviço de internet,Mês a mês,Não,Cartão de crédito,90.51,5548.57,0
Masculino,0,Não,Não,5,Sim,Não,Fibra óptica,Não,Não,Não,Não,Não,Não,Dois anos,Sim,Cheque eletrônico,53.93,256.33,0
Masculino,1,Sim,Não,44,Sim,Sim,Fibra óptica,Não,Sim,Não,Não,Sim,Sim,Um ano,Não,Cartão de crédito,95.78,4813.64,1
Masculino,0,Sim,Sim,71,Sim,Sim,Fibra óptica,Não,Sim,Não,Não,Não,Sim,Um ano,Sim,Cheque eletrônico,99.61,6052.64,0
Feminino,0,Não,Sim,37,Sim,Não,Fibra óptica,Não,Não,Sim,Não,Sim,Não,Um ano,Sim,Cheque eletrônico,76.93,3164.64,1
Feminino,0,Não,Não,28,Sim,Não,DSL,Sim,Não,Sim,Não,Sim,Sim,Mês a mês,Não,Cartão de crédito,80.32,2154.84,1
Feminino,0,Não,Não,68,Sim,Sim,Fibra óptica,Sim,Não,Não,Sim,Sim,Sim,Mês a mês,Sim,Cheque eletrônico,46.49,3320.18,0
Masculino,0,Não,Não,38,Sim,Sim,Não,Sem serviço de internet,Sem serviço de internet,Sem serviço de internet,Sem serviço de internet,Sem serviço de internet,Sem serviço de internet,Dois anos,Sim,Cheque eletrônico,82.52,3605.33,0
Feminino,1,Não,Não,46,Sim,Não,DSL,Sim,Não,Sim,Sim,Não,Não,Dois anos,Sim,Cheque eletrônico,68.75,3422.55,0
Feminino,0,Não,Não,26,Sim,Sim,Não,Sem serviço de internet,Sem serviço de internet,Sem serviço de internet,Sem serviço de internet,Sem serviço de internet,Sem serviço de internet,Dois anos,Sim,Cheque eletrônico,88.09,2377.81,0
Masculino,0,Sim,Não,53,Sim,Sim,Fibra óptica,Não,Sim,Não,Não,Não,Não,Mês a mês,Não,Cheque eletrônico,84.89,4282.06,0
Feminino,0,Sim,Não,63,Sim,Não,DSL,Sim,Sim,Não,Não,Sim,Não,Dois anos,Não,Cartão de crédito,87.39,5532.65,0
Masculino,0,Não,Sim,63,Sim,Sim,DSL,Não,Não,Não,Não,Sim,Sim,Mês a mês,Não,Cheque eletrônico,103.36,6579.25,1
Masculino,0,Não,Sim,38,Sim,Sim,Fibra óptica,Não,Sim,Sim,Sim,Não,Sim,Mês a mês,Não,Cartão de crédito,77.06,3075.94,1
Feminino,0,Não,Não,15,Sim,Não,Não,Sem serviço de internet,Sem serviço de internet,Sem serviço de internet,Sem serviço de internet,Sem serviço de internet,Sem serviço de internet,Mês a mês,Sim,Cartão de crédito,95.94,1569.92,0
Feminino,0,Sim,Não,9,Sim,Sim,DSL,Não,Sim,Não,Não,Não,Não,Mês a mês,Não,Transferência bancária,50.68,505.46,0
Feminino,0,Não,Sim,22,Sim,Sim,Fibra óptica,Não,Não,Não,Não,Não,Sim,Mês a mês,Sim,Cheque eletrônico,97.28,2232.12,1
Masculino,0,Não,Não,70,Não,Sem serviço telefônico,Fibra óptica,Não,Sim,Sim,Não,Não,Não,Um ano,Sim,Transferência bancária,49.49,3352.8,0
Masculino,0,Não,Não,56,Sim,Sim,Fibra óptica,Não,Não,Não,Não,Não,Não,Mês a mês,Não,Cheque enviado pelo correio,54.34,3399.46,1
Masculino,1,Sim,Não,37,Sim,Sim,Não,Sem serviço de internet,Sem serviço de internet,Sem serviço de internet,Sem serviço de internet,Sem serviço de internet,Sem serviço de internet,Dois anos,Não,Cartão de crédito,105.46,4100.87,0
Feminino,0,Não,Sim,57,Não,Sem serviço telefônico,Fibra óptica,Sim,Sim,Não,Não,Sim,Não,Dois anos,Sim,Cheque enviado pelo correio,43.11,2173.9,0
Feminino,0,Não,Não,60,Sim,Sim,DSL,Sim,Não,Não,Sim,Não,Não,Mês a mês,Não,Cheque eletrônico,91.81,4766.29,0
Feminino,0,Não,Sim,12,Sim,Não,Fibra óptica,Sim,Não,Sim,Não,Sim,Não,Mês a mês,Não,Transferência bancária,41.36,440.57,0
Feminino,1,Não,Sim,7,Sim,Não,DSL,Sim,Não,Sim,Sim,Sim,Não,Mês a mês,Sim,Cheque enviado pelo correio,42.18,320.45,1
Masculino,1,Não,Sim,66,Sim,Sim,Fibra óptica,Não,Sim,Não,Sim,Sim,Não,Mês a mês,Sim,Transferência bancária,78.36,5882.14,1
Masculino,0,Sim,Não,41,Não,Sem serviço telefônico,DSL,Não,Sim,Sim,Sim,Sim,Não,Dois anos,Sim,Cheque eletrônico,21.52,939.35,0
Masculino,0,Sim,Não,24,Sim,Sim,Fibra óptica,Não,Não,Não,Não,Não,Não,Mês a mês,Sim,Cartão de crédito,82.95,1734.42,0
Masculino,0,Não,Não,25,Sim,Sim,DSL,Não,Sim,Sim,Não,Sim,Não,Um ano,Sim,Transferência bancária,91.67,2409.16,0
Feminino,0,Sim,Não,62,Sim,Não,Fibra óptica,Não,Não,Não,Sim,Não,Não,Um ano,Não,Cheque enviado pelo correio,109.45,6039.44,0
Feminino,0,Não,Não,44,Sim,Não,Não,Sem serviço de internet,Sem serviço de internet,Sem serviço de internet,Sem serviço de internet,Sem serviço de internet,Sem serviço de internet,Mês a mês,Não,Transferência bancária,93.3,4049.15,1
Feminino,0,Sim,Sim,2,Não,Sem serviço telefônico,DSL,Não,Sim,Não,Não,Não,Não,Mês a mês,Sim,Cheque enviado pelo correio,102.35,184.94,1
Masculino,0,Sim,Sim,42,Sim,Sim,Não,Sem serviço de internet,Sem serviço de internet,Sem serviço de internet,Sem serviço de internet,Sem serviço de internet,Sem serviço de internet,Um ano,Sim,Cartão de crédito,41.43,1816.81,0
Masculino,1,Não,Não,33,Sim,Sim,Fibra óptica,Não,Sim,Não,Não,Não,Não,Mês a mês,Não,Cartão de crédito,49.22,1694.97,1
Feminino,0,Sim,Não,17,Sim,Não,Fibra óptica,Não,Sim,Sim,Não,Não,Sim,Um ano,Não,Cartão de crédito,112.53,2149.89,0
Feminino,0,Não,Não,63,Sim,Sim,DSL,Não,Sim,Não,Não,Não,Não,Dois anos,Sim,Cheque enviado pelo correio,79.86,4591.58,0
Masculino,0,Não,Não,22,Sim,Sim,Não,Sem serviço de internet,Sem serviço de internet,Sem serviço de internet,Sem serviço de internet,Sem serviço de internet,Sem serviço de internet,Dois anos,Sim,Cheque eletrônico,85.04,2114.24,0
Feminino,0,Sim,Não,1,Sim,Não,Fibra óptica,Não,Não,Sim,Não,Não,Não,Dois anos,Sim,Transferência bancária,85.22,92.43,1
Masculino,0,Não,Não,70,Sim,Não,Fibra óptica,Sim,Não,Não,Sim,Não,Sim,Mês a mês,Sim,Transferência bancária,117.55,7264.19,1
Masculino,0,Sim,Não,54,Sim,Sim,DSL,Não,Não,Sim,Não,Não,Não,Dois anos,Sim,Cheque eletrônico,89.07,4583.54,0
Masculino,0,Não,Não,14,Sim,Sim,DSL,Não,Não,Não,Sim,Sim,Sim,Mês a mês,Sim,Cartão de crédito,94.24,1456.02,0
Feminino,0,Sim,Não,53,Sim,Sim,DSL,Sim,Não,Não,Sim,Não,Sim,Mês a mês,Sim,Cheque eletrônico,109.35,5151.68,0
Feminino,0,Sim,Não,6,Sim,Sim,DSL,Não,Sim,Sim,Sim,Sim,Não,Mês a mês,Sim,Cheque eletrônico,49.26,266.34,0
Masculino,0,Não,Não,64,Sim,Não,Fibra óptica,Não,Não,Sim,Sim,Não,Não,Mês a mês,Não,Transferência bancária,100.27,6951.69,0
Feminino,0,Não,Não,33,Sim,Não,DSL,Não,Não,Sim,Não,Não,Não,Dois anos,Sim,Cartão de crédito,20.59,680.77,0
Masculino,0,Sim,Não,72,Sim,Não,Não,Sem serviço de internet,Sem serviço de internet,Sem serviço de internet,Sem serviço de internet,Sem serviço de internet,Sem serviço de internet,Um ano,Não,Transferência bancária,29.93,2277.87,0
Masculino,0,Não,Não,44,Sim,Sim,Não,Sem serviço de internet,Sem serviço de internet,Sem serviço de internet,Sem serviço de internet,Sem serviço de internet,Sem serviço de internet,Um ano,Sim,Cartão de crédito,31.26,1435.2,0
Masculino,0,Não,Não,34,Sim,Não,Fibra óptica,Sim,Sim,Não,Não,Não,Não,Dois anos,Sim,Cartão de crédito,18.55,570.11,1
Masculino,0,Não,Não,34,Sim,Não,DSL,Não,Não,Não,Não,Não,Sim,Dois anos,Sim,Cheque eletrônico,61.6,2388.46,1
Feminino,0,Sim,Não,24,Sim,Sim,Fibra óptica,Sim,Sim,Sim,Não,Sim,Não,Mês a mês,Sim,Transferência bancária,116.67,3077.26,1
Masculino,0,Não,Não,2,Sim,Não,Não,Sem serviço de internet,Sem serviço de internet,Sem serviço de internet,Sem serviço de internet,Sem serviço de internet,Sem serviço de internet,Mês a mês,Sim,Cheque enviado pelo correio,45.77,84.82,0
Masculino,0,Não,Não,8,Não,Sem serviço telefônico,Fibra óptica,Sim,Não,Sim,Não,Não,Sim,Dois anos,Sim,Cartão de crédito,35.99,301.98,0
Feminino,1,Não,Sim,25,Sim,Sim,Não,Sem serviço de internet,Sem serviço de internet,Sem serviço de internet,Sem serviço de internet,Sem serviço de internet,Sem serviço de internet,Um ano,Não,Cartão de crédito,63.08,1345.0,0
Masculino,0,Não,Não,32,Sim,Sim,Fibra óptica,Sim,Sim,Não,Não,Não,Sim,Um ano,Sim,Cheque enviado pelo correio,91.78,2504.53,0
Masculino,0,Sim,Não,56,Sim,Sim,Fibra óptica,Sim,Não,Não,Não,Não,Não,Um ano,Sim,Transferência bancária,22.99,1110.42,0
Feminino,0,Sim,Não,7,Sim,Sim,Não,Sem serviço de internet,Sem serviço de internet,Sem serviço de internet,Sem serviço de internet,Sem serviço de internet,Sem serviço de internet,Um ano,Não,Cheque enviado pelo correio,71.46,499.76,0
Feminino,0,Sim,Não,48,Não,Sem serviço telefônico,Não,Sem serviço de internet,Sem serviço de internet,Sem serviço de internet,Sem serviço de internet,Sem serviço de internet,Sem serviço de internet,Um ano,Não,Transferência bancária,65.31,3242.17,0
Feminino,0,Sim,Não,54,Sim,Não,DSL,Sim,Não,Não,Não,Sim,Sim,Mês a mês,Não,Cheque eletrônico,74.81,3618.59,0
Masculino,0,Sim,Não,63,Sim,Não,Fibra óptica,Sim,Sim,Sim,Não,Sim,Sim,Mês a mês,Sim,Cheque eletrônico,78.42,4944.53,1
Feminino,0,Não,Sim,2,Não,Sem serviço telefônico,Fibra óptica,Não,Não,Não,Não,Não,Sim,Dois anos,Sim,Cartão de crédito,46.98,97.52,0
Feminino,0,Sim,Não,35,Sim,Não,DSL,Não,Sim,Sim,Sim,Não,Sim,Dois anos,Sim,Cheque eletrônico,49.34,1811.3,0
Masculino,1,Sim,Não,22,Sim,Sim,DSL,Não,Não,Sim,Sim,Não,Não,Mês a mês,Sim,Cheque enviado pelo correio,61.17,1482.51,0
Masculino,0,Sim,Sim,64,Sim,Não,Não,Sem serviço de internet,Sem serviço de internet,Sem serviço de internet,Sem serviço de internet,Sem serviço de internet,Sem serviço de internet,Um ano,Sim,Cartão de crédito,115.51,7307.71,0
Masculino,0,Sim,Não,59,Sim,Sim,Fibra óptica,Sim,Não,Não,Sim,Sim,Sim,Mês a mês,Sim,Cheque eletrônico,77.9,5245.81,0
Masculino,0,Sim,Não,49,Sim,Sim,Fibra óptica,Não,Não,Não,Não,Não,Sim,Mês a mês,Sim,Cartão de crédito,34.36,1907.63,1
Masculino,1,Não,Não,52,Sim,Não,DSL,Não,Não,Sim,Sim,Não,Sim,Dois anos,Não,Cheque eletrônico,34.38,2047.81,0
Feminino,0,Sim,Sim,21,Sim,Não,Fibra óptica,Sim,Não,Não,Não,Sim,Sim,Mês a mês,Sim,Transferência bancária,86.83,2071.74,1
Feminino,0,Não,Sim,12,Sim,Sim,DSL,Não,Não,Não,Não,Não,Sim,Mês a mês,Não,Cheque enviado pelo correio,64.39,799.85,1
Feminino,1,Sim,Não,11,Sim,Sim,DSL,Sim,Não,Não,Não,Sim,Não,Um ano,Sim,Cheque eletrônico,103.46,1135.57,0
Masculino,0,Não,Sim,54,Sim,Não,DSL,Não,Sim,Sim,Não,Não,Não,Um ano,Sim,Transferência bancária,65.1,3435.55,0
Masculino,0,Sim,Não,70,Sim,Não,Fibra óptica,Sim,Não,Sim,Não,Não,Não,Dois anos,Sim,Cheque eletrônico,20.25,1383.81,0
Masculino,0,Não,Não,14,Sim,Não,Não,Sem serviço de internet,Sem serviço de internet,Sem serviço de internet,Sem serviço de internet,Sem serviço de internet,Sem serviço de internet,Mês a mês,Não,Transferência bancária,82.17,1153.01,1
Feminino,0,Não,Não,33,Sim,Sim,Fibra óptica,Não,Não,Não,Não,Não,Não,Mês a mês,Sim,Cheque enviado pelo correio,44.67,1524.17,0
Feminino,1,Não,Sim,26,Sim,Sim,Fibra óptica,Não,Sim,Não,Não,Sim,Sim,Mês a mês,Não,Cheque eletrônico,116.6,2877.82,1
Masculino,0,Não,Não,14,Sim,Sim,Fibra óptica,Não,Sim,Não,Não,Sim,Não,Mês a mês,Sim,Cheque enviado pelo correio,18.59,259.89,1
Feminino,1,Não,Não,48,Sim,Não,Não,Sem serviço de internet,Sem serviço de internet,Sem serviço de internet,Sem serviço de internet,Sem serviço de internet,Sem serviço de internet,Mês a mês,Não,Transferência bancária,38.89,1767.32,0
Masculino,1,Não,Não,65,Sim,Sim,DSL,Não,Não,Não,Sim,Sim,Sim,Mês a mês,Não,Cheque eletrônico,82.87,5128.08,1
Feminino,0,Não,Sim,46,Sim,Sim,DSL,Sim,Não,Não,Não,Não,Não,Mês a mês,Não,Cartão de crédito,35.44,1605.23,1
Feminino,0,Não,Sim,55,Sim,Não,Não,Sem serviço de internet,Sem serviço de internet,Sem serviço de internet,Sem serviço de internet,Sem serviço de internet,Sem serviço de internet,Um ano,Não,Transferência bancária,88.37,4649.93,0
Feminino,0,Não,Não,68,Não,Sem serviço telefônico,DSL,Não,Não,Não,Sim,Sim,Não,Dois anos,Sim,Cartão de crédito,69.52,5006.82,0
Masculino,0,Não,Não,12,Sim,Não,Fibra óptica,Não,Não,Não,Não,Não,Sim,Mês a mês,Sim,Cartão de crédito,31.84,378.42,0
Feminino,0,Sim,Não,54,Sim,Não,Fibra óptica,Não,Não,Sim,Não,Sim,Não,Dois anos,Não,Cartão de crédito,58.06,3318.44,0
Feminino,0,Não,Sim,64,Sim,Não,Não,Sem serviço de internet,Sem serviço de internet,Sem serviço de internet,Sem serviço de internet,Sem serviço de internet,Sem serviço de internet,Dois anos,Sim,Cheque enviado pelo correio,73.09,5020.85,0
Masculino,0,Não,Não,47,Sim,Sim,DSL,Não,Não,Sim,Não,Não,Não,Mês a mês,Sim,Cheque eletrônico,73.61,3071.31,1
Feminino,0,Não,Não,37,Sim,Não,DSL,Sim,Sim,Sim,Sim,Sim,Não,Mês a mês,Sim,Cartão de crédito,67.01,2467.32,0
Masculino,0,Sim,Sim,41,Não,Sem serviço telefônico,Não,Sem serviço de internet,Sem serviço de internet,Sem serviço de internet,Sem serviço de internet,Sem serviço de internet,Sem serviço de internet,Dois anos,Não,Transferência bancária,91.34,3650.92,0
Masculino,1,Não,Não,27,Sim,Sim,Fibra óptica,Sim,Não,Sim,Não,Não,Sim,Um ano,Sim,Cheque enviado pelo correio,54.02,1315.31,0
Masculino,0,Não,Não,42,Sim,Não,DSL,Sim,Não,Sim,Não,Não,Não,Mês a mês,Sim,Cartão de crédito,80.03,3129.5,1
Masculino,1,Não,Não,68,Sim,Sim,DSL,Não,Não,Não,Não,Não,Não,Dois anos,Sim,Cheque eletrônico,36.92,2472.94,0
Masculino,0,Sim,Não,29,Sim,Sim,DSL,Não,Não,Não,Sim,Não,Não,Mês a mês,Sim,Cartão de crédito,115.16,3048.67,1
Feminino,0,Sim,Não,36,Não,Sem serviço telefônico,DSL,Sim,Sim,Não,Sim,Sim,Sim,Um ano,Não,Cartão de crédito,41.86,1380.14,0
Masculino,0,Sim,Não,57,Sim,Não,Fibra óptica,Sim,Não,Sim,Não,Sim,Sim,Mês a mês,Sim,Cheque enviado pelo correio,104.18,6718.17,0
Masculino,0,Não,Não,12,Sim,Não,Não,Sem serviço de internet,Sem serviço de internet,Sem serviço de internet,Sem serviço de internet,Sem serviço de internet,Sem serviço de internet,Dois anos,Não,Cheque enviado pelo correio,35.47,373.62,0
Masculino,0,Sim,Não,45,Sim,Sim,Não,Sem serviço de internet,Sem serviço de internet,Sem serviço de internet,Sem serviço de internet,Sem serviço de internet,Sem serviço de internet,Mês a mês,Sim,Cartão de crédito,114.44,4906.2,0
Masculino,0,Não,Não,20,Sim,Sim,DSL,Não,Não,Não,Não,Não,Não,Um ano,Sim,Cheque enviado pelo correio,116.5,2086.0,0
Feminino,0,Não,Não,45,Sim,Sim,DSL,Não,Não,Não,Não,Não,Não,Dois anos,Não,Transferência bancária,44.82,1841.98,0
Masculino,0,Não,Sim,23,Sim,Sim,Fibra óptica,Não,Não,Sim,Não,Sim,Não,Um ano,Não,Transferência bancária,39.54,1002.65,0
Feminino,0,Sim,Não,62,Sim,Sim,Não,Sem serviço de internet,Sem serviço de internet,Sem serviço de internet,Sem serviço de internet,Sem serviço de internet,Sem serviço de internet,Dois anos,Sim,Cheque eletrônico,92.66,5428.9,0
Masculino,0,Sim,Não,34,Sim,Não,DSL,Sim,Não,Não,Não,Não,Não,Dois anos,Sim,Cartão de crédito,86.09,2558.19,0
Feminino,0,Não,Sim,21,Sim,Não,DSL,Sim,Sim,Sim,Não,Não,Não,Mês a mês,Sim,Transferência bancária,88.9,1836.9,1
Masculino,0,Não,Não,51,Sim,Não,DSL,Não,Não,Não,Não,Sim,Não,Dois anos,Sim,Cheque eletrônico,26.9,1251.91,0
Masculino,1,Sim,Sim,9,Sim,Sim,Fibra óptica,Não,Não,Não,Não,Não,Sim,Um ano,Não,Cheque enviado pelo correio,73.92,698.45,1
Feminino,1,Não,Sim,10,Sim,Sim,Fibra óptica,Não,Sim,Não,Não,Não,Não,Dois anos,Sim,Cheque eletrônico,85.63,785.33,1
Masculino,1,Não,Sim,52,Sim,Sim,Fibra óptica,Não,Não,Sim,Não,Não,Não,Mês a mês,Sim,Transferência bancária,49.67,2965.66,0
Feminino,0,Sim,Não,45,Não,Sem serviço telefônico,DSL,Não,Não,Sim,Não,Não,Não,Mês a mês,Não,Cheque eletrônico,87.02,3471.37,0
Masculino,0,Sim,Não,52,Sim,Não,Fibra óptica,Sim,Não,Não,Sim,Sim,Sim,Um ano,Não,Cheque enviado pelo correio,58.29,3162.83,0
Feminino,0,Não,Não,30,Sim,Não,Fibra óptica,Sim,Sim,Não,Não,Não,Não,Um ano,Não,Cartão de crédito,50.72,1465.42,1
Masculino,0,Sim,Não,64,Não,Sem serviço telefônico,Fibra óptica,Não,Sim,Não,Não,Sim,Sim,Dois anos,Sim,Cheque eletrônico,96.95,6265.98,0
Masculino,0,Sim,Não,2,Sim,Não,Fibra óptica,Não,Não,Não,Não,Não,Sim,Mês a mês,Sim,Transferência bancária,38.88,74.6,0
Feminino,0,Sim,Não,49,Sim,Não,Fibra óptica,Não,Sim,Sim,Sim,Não,Sim,Mês a mês,Não,Cheque eletrônico,18.3,993.84,0
Masculino,0,Não,Sim,45,Sim,Não,Não,Sem serviço de internet,Sem serviço de internet,Sem serviço de internet,Sem serviço de internet,Sem serviço de internet,Sem serviço de internet,Mês a mês,Sim,Cheque enviado pelo correio,95.87,4120.59,0
Masculino,0,Não,Não,17,Sim,Sim,DSL,Não,Não,Não,Sim,Sim,Não,Dois anos,Sim,Transferência bancária,109.5,1774.39,0
Masculino,0,Sim,Não,28,Sim,Não,Fibra óptica,Não,Não,Não,Não,Não,Sim,Mês a mês,Não,Cartão de crédito,57.9,1603.05,0
Masculino,0,Sim,Sim,45,Sim,Não,DSL,Sim,Não,Sim,Não,Sim,Não,Mês a mês,Não,Cheque eletrônico,56.77,2481.28,1
Masculino,0,Sim,Sim,17,Sim,Não,DSL,Não,Não,Não,Não,Não,Não,Mês a mês,Não,Cheque eletrônico,115.48,1781.81,0
Masculino,0,Não,Não,59,Sim,Sim,Não,Sem serviço de internet,Sem serviço de internet,Sem serviço de internet,Sem serviço de internet,Sem serviço de internet,Sem serviço de internet,Um ano,Sim,Transferência bancária,37.62,2244.83,0
Feminino,0,Sim,Não,14,Sim,Não,Fibra óptica,Sim,Sim,Sim,Não,Sim,Sim,Dois anos,Sim,Cheque enviado pelo correio,93.81,1193.33,0
Feminino,1,Não,Sim,10,Sim,Não,Fibra óptica,Não,Sim,Sim,Sim,Sim,Não,Um ano,Sim,Cheque eletrônico,25.39,237.48,1
Feminino,0,Sim,Sim,18,Sim,Sim,DSL,Não,Sim,Não,Sim,Não,Sim,Um ano,Sim,Transferência bancária,114.83,2234.28,0
Masculino,0,Sim,Sim,35,Sim,Sim,Não,Sem serviço de internet,Sem serviço de internet,Sem serviço de internet,Sem serviço de internet,Sem serviço de internet,Sem serviço de internet,Mês a mês,Sim,Transferência bancária,90.01,2869.77,0
Feminino,1,Sim,Não,48,Sim,Não,Fibra óptica,Sim,Sim,Sim,Não,Sim,Não,Um ano,Não,Transferência bancária,32.92,1347.13,0
Masculino,0,Não,Não,58,Sim,Sim,Fibra óptica,Não,Não,Não,Não,Não,Não,Mês a mês,Sim,Cartão de crédito,88.61,5445.29,1
Masculino,0,Não,Sim,18,Sim,Sim,Fibra óptica,Não,Não,Sim,Não,Não,Não,Mês a mês,Não,Transferência bancária,104.87,2126.44,0
Masculino,0,Não,Sim,52,Sim,Sim,DSL,Não,Sim,Sim,Não,Sim,Sim,Mês a mês,Sim,Transferência bancária,32.35,1533.81,0
Masculino,0,Sim,Não,30,Sim,Sim,Fibra óptica,Sim,Sim,Sim,Não,Sim,Sim,Mês a mês,Não,Cheque enviado pelo correio,97.75,3179.88,0
Feminino,0,Sim,Sim,37,Sim,Não,Não,Sem serviço de internet,Sem serviço de internet,Sem serviço de internet,Sem serviço de internet,Sem serviço de internet,Sem serviço de internet,Dois anos,Sim,Transferência bancária,113.92,4637.48,1
Masculino,0,Não,Não,40,Sim,Sim,Não,Sem serviço de internet,Sem serviço de internet,Sem serviço de internet,Sem serviço de internet,Sem serviço de internet,Sem serviço de internet,Mês a mês,Não,Transferência bancária,110.33,4765.28,0
Feminino,0,Não,Sim,6,Sim,Sim,Fibra óptica,Não,Não,Não,Não,Sim,Sim,Mês a mês,Sim,Cheque enviado pelo correio,56.65,375.06,0
Masculino,0,Não,Sim,35,Sim,Não,Não,Sem serviço de internet,Sem serviço de internet,Sem serviço de internet,Sem serviço de internet,Sem serviço de internet,Sem serviço de internet,Mês a mês,Sim,Transferência bancária,86.3,3191.08,0
Feminino,1,Sim,Não,26,Sim,Não,Fibra óptica,Não,Sim,Não,Sim,Não,Não,Um ano,Não,Cartão de crédito,59.55,1335.64,1
Feminino,0,Sim,Não,30,Sim,Não,DSL,Não,Sim,Não,Não,Não,Sim,Um ano,Não,Cheque enviado pelo correio,27.8,820.94,0
Feminino,0,Sim,Não,24,Sim,Sim,Não,Sem serviço de internet,Sem serviço de internet,Sem serviço de internet,Sem serviço de internet,Sem serviço de internet,Sem serviço de internet,Mês a mês,Sim,Cheque enviado pelo correio,45.64,994.54,0
Feminino,1,Não,Não,55,Sim,Não,Fibra óptica,Não,Não,Não,Não,Sim,Sim,Mês a mês,Sim,Transferência bancária,65.44,3700.1,1
Feminino,0,Não,Não,9,Sim,Não,Fibra óptica,Não,Não,Não,Não,Sim,Não,Um ano,Sim,Cheque eletrônico,85.02,810.84,0
Feminino,0,Não,Não,62,Sim,Sim,Fibra óptica,Não,Não,Não,Não,Não,Sim,Dois anos,Sim,Cheque eletrônico,41.58,2946.38,0
Masculino,0,Sim,Não,18,Sim,Não,DSL,Sim,Sim,Não,Não,Sim,Sim,Mês a mês,Sim,Cheque enviado pelo correio,85.04,1605.89,1
Feminino,0,Não,Não,51,Sim,Não,Não,Sem serviço de internet,Sem serviço de internet,Sem serviço de internet,Sem serviço de internet,Sem serviço de internet,Sem serviço de internet,Mês a mês,Não,Cheque enviado pelo correio,117.41,5924.21,1
Masculino,0,Sim,Sim,19,Sim,Não,DSL,Não,Não,Não,Não,Sim,Não,Mês a mês,Sim,Cheque eletrônico,69.11,1464.35,0
Feminino,0,Sim,Sim,69,Sim,Não,Fibra óptica,Não,Sim,Não,Não,Não,Não,Um ano,Não,Transferência bancária,90.55,5582.13,0
Masculino,0,Não,Sim,33,Sim,Não,DSL,Sim,Não,Não,Não,Não,Não,Um ano,Sim,Cheque enviado pelo correio,96.62,2913.09,1
Feminino,0,Não,Não,38,Sim,Não,Não,Sem serviço de internet,Sem serviço de internet,Sem serviço de internet,Sem serviço de internet,Sem serviço de internet,Sem serviço de internet,Mês a mês,Não,Cheque eletrônico,41.33,1459.58,1
Feminino,0,Não,Não,13,Sim,Sim,DSL,Sim,Sim,Não,Não,Não,Não,Mês a mês,Não,Cheque eletrônico,23.88,287.04,0
Masculino,1,Não,Sim,49,Sim,Não,Fibra óptica,Não,Não,Não,Não,Sim,Sim,Mês a mês,Sim,Transferência bancária,78.06,3697.73,1
Feminino,0,Sim,Não,53,Sim,Não,Não,Sem serviço de internet,Sem serviço de internet,Sem serviço de internet,Sem serviço de internet,Sem serviço de internet,Sem serviço de internet,Mês a mês,Sim,Cheque eletrônico,63.3,3581.4,0
Feminino,1,Não,Sim,1,Não,Sem serviço telefônico,Não,Sem serviço de internet,Sem serviço de internet,Sem serviço de internet,Sem serviço de internet,Sem serviço de internet,Sem serviço de internet,Dois anos,Sim,Cheque enviado pelo correio,101.24,115.33,0
Feminino,0,Não,Não,12,Sim,Não,Fibra óptica,Não,Não,Não,Não,Não,Não,Um ano,Não,Cheque eletrônico,76.53,858.54,1
Masculino,0,Sim,Não,24,Sim,Não,Fibra óptica,Sim,Não,Não,Sim,Não,Não,Mês a mês,Sim,Cheque eletrônico,72.58,1549.24,1
Feminino,0,Não,Não,1,Sim,Não,DSL,Sim,Não,Não,Não,Sim,Não,Um ano,Não,Cartão de crédito,44.67,50.94,0
Masculino,0,Não,Sim,68,Sim,Não,Não,Sem serviço de internet,Sem serviço de internet,Sem serviço de internet,Sem serviço de internet,Sem serviço de internet,Sem serviço de internet,Mês a mês,Não,Cheque eletrônico,81.52,5811.32,0
Feminino,0,Sim,Não,7,Sim,Não,Não,Sem serviço de internet,Sem serviço de internet,Sem serviço de internet,Sem serviço de internet,Sem serviço de internet,Sem serviço de internet,Dois anos,Não,Cartão de crédito,26.63,170.49,0
Feminino,0,Sim,Não,69,Sim,Sim,Não,Sem serviço de internet,Sem serviço de internet,Sem serviço de internet,Sem serviço de internet,Sem serviço de internet,Sem serviço de internet,Mês a mês,Sim,Cheque enviado pelo correio,56.85,4224.68,0
Masculino,0,Sim,Não,39,Sim,Sim,Fibra óptica,Sim,Não,Não,Não,Não,Não,Mês a mês,Sim,Transferência bancária,113.36,4353.78,0
Feminino,0,Não,Sim,32,Sim,Não,Não,Sem serviço de internet,Sem serviço de internet,Sem serviço de internet,Sem serviço de internet,Sem serviço de internet,Sem serviço de internet,Dois anos,Não,Transferência bancária,24.0,790.27,0
Feminino,1,Não,Sim,49,Sim,Não,DSL,Não,Não,Sim,Não,Sim,Sim,Um ano,Não,Cheque enviado pelo correio,113.51,6175.64,0
Masculino,0,Não,Não,31,Sim,Sim,Não,Sem serviço de internet,Sem serviço de internet,Sem serviço de internet,Sem serviço de internet,Sem serviço de internet,Sem serviço de internet,Mês a mês,Sim,Cartão de crédito,67.38,1912.15,0
Feminino,0,Sim,Não,3,Sim,Sim,DSL,Não,Não,Não,Não,Sim,Sim,Dois anos,Não,Transferência bancária,105.79,310.79,0
Masculino,0,Não,Não,47,Sim,Sim,Não,Sem serviço de internet,Sem serviço de internet,Sem serviço de internet,Sem serviço de internet,Sem serviço de internet,Sem serviço de internet,Dois anos,Não,Cartão de crédito,83.59,3386.29,0
Masculino,0,Não,Não,15,Sim,Não,Fibra óptica,Não,Não,Sim,Não,Sim,Sim,Um ano,Não,Cheque enviado pelo correio,25.11,402.53,0
Masculino,0,Sim,Não,51,Sim,Não,DSL,Não,Sim,Não,Não,Não,Não,Mês a mês,Sim,Transferência bancária,101.79,4588.9,0
Feminino,0,Não,Não,21,Sim,Sim,Fibra óptica,Sim,Sim,Não,Não,Não,Não,Mês a mês,Não,Cartão de crédito,94.31,2145.81,1
Masculino,0,Não,Sim,41,Sim,Sim,Fibra óptica,Sim,Não,Sim,Não,Não,Sim,Um ano,Sim,Transferência bancária,105.71,4394.39,0
Masculino,1,Sim,Sim,3,Sim,Sim,DSL,Não,Não,Sim,Não,Não,Não,Mês a mês,Sim,Cheque eletrônico,80.85,229.7,1
Feminino,0,Sim,Não,1,Sim,Sim,DSL,Sim,Não,Não,Sim,Sim,Não,Mês a mês,Sim,Cartão de crédito,56.09,50.01,0
Masculino,1,Não,Sim,21,Sim,Sim,DSL,Não,Sim,Não,Não,Não,Sim,Mês a mês,Sim,Cheque enviado pelo correio,110.14,2146.12,1
Feminino,0,Não,Não,21,Sim,Sim,Fibra óptica,Sim,Não,Sim,Não,Não,Não,Um ano,Sim,Transferência bancária,115.07,2425.15,1
Feminino,0,Não,Não,49,Sim,Sim,Fibra óptica,Não,Não,Não,Não,Não,Não,Mês a mês,Sim,Cheque eletrônico,91.39,3834.23,1
Feminino,0,Não,Não,65,Sim,Não,Fibra óptica,Não,Sim,Não,Sim,Não,Não,Mês a mês,Sim,Cheque enviado pelo correio,35.98,2109.51,1
Feminino,0,Sim,Não,41,Sim,Sim,Fibra óptica,Não,Sim,Não,Sim,Não,Sim,Mês a mês,Sim,Transferência bancária,45.34,1922.83,1
Masculino,0,Sim,Não,67,Sim,Não,DSL,Não,Sim,Não,Sim,Não,Sim,Mês a mês,Sim,Transferência bancária,95.87,6599.03,1
Masculino,0,Não,Sim,42,Sim,Não,Fibra óptica,Não,Não,Não,Sim,Sim,Sim,Um ano,Sim,Cheque enviado pelo correio,39.18,1619.18,0
Masculino,0,Sim,Não,69,Sim,Sim,Não,Sem serviço de internet,Sem serviço de internet,Sem serviço de internet,Sem serviço de internet,Sem serviço de internet,Sem serviço de internet,Um ano,Não,Cheque eletrônico,44.61,2622.38,0
Masculino,0,Não,Não,57,Sim,Sim,Fibra óptica,Não,Não,Não,Não,Não,Não,Mês a mês,Sim,Cartão de crédito,25.25,1450.48,0
Masculino,1,Sim,Não,43,Sim,Não,Fibra óptica,Não,Não,Sim,Não,Não,Sim,Dois anos,Sim,Transferência bancária,79.55,3838.89,0
Feminino,0,Sim,Sim,12,Sim,Não,DSL,Não,Não,Sim,Não,Não,Sim,Mês a mês,Sim,Cheque eletrônico,58.16,675.4,0
Masculino,1,Sim,Não,64,Sim,Não,Não,Sem serviço de internet,Sem serviço de internet,Sem serviço de internet,Sem serviço de internet,Sem serviço de internet,Sem serviço de internet,Um ano,Sim,Cartão de crédito,40.53,2216.5,0
Masculino,0,Sim,Não,51,Sim,Não,Fibra óptica,Não,Não,Sim,Não,Sim,Não,Mês a mês,Sim,Transferência bancária,70.94,3751.64,1
Masculino,1,Não,Não,60,Sim,Não,Não,Sem serviço de internet,Sem serviço de internet,Sem serviço de internet,Sem serviço de internet,Sem serviço de internet,Sem serviço de internet,Um ano,Sim,Cartão de crédito,72.34,4521.29,0
Feminino,0,Sim,Sim,71,Sim,Não,DSL,Não,Sim,Não,Não,Sim,Não,Mês a mês,Sim,Cartão de crédito,36.76,2633.64,0
Feminino,0,Não,Não,28,Sim,Sim,Não,Sem serviço de internet,Sem serviço de internet,Sem serviço de internet,Sem serviço de internet,Sem serviço de internet,Sem serviço de internet,Mês a mês,Não,Transferência bancária,20.6,572.43,1
Masculino,0,Não,Não,71,Sim,Não,Não,Sem serviço de internet,Sem serviço de internet,Sem serviço de internet,Sem serviço de internet,Sem serviço de internet,Sem serviço de internet,Mês a mês,Sim,Cheque eletrônico,105.68,8303.58,1
Feminino,0,Não,Não,14,Sim,Sim,Fibra óptica,Não,Sim,Não,Não,Não,Não,Um ano,Não,Transferência bancária,33.73,509.31,1
Masculino,0,Sim,Não,32,Sim,Sim,DSL,Sim,Sim,Não,Não,Não,Sim,Mês a mês,Sim,Cheque eletrônico,102.71,3477.39,1
Masculino,0,Não,Não,8,Sim,Sim,Não,Sem serviço de internet,Sem serviço de internet,Sem serviço de internet,Sem serviço de internet,Sem serviço de internet,Sem serviço de internet,Mês a mês,Não,Cheque enviado pelo correio,64.94,514.93,1
Feminino,0,Sim,Não,27,Sim,Sim,Não,Sem serviço de internet,Sem serviço de internet,Sem serviço de internet,Sem serviço de internet,Sem serviço de internet,Sem serviço de internet,Um ano,Não,Transferência bancária,82.31,2134.35,0
Feminino,0,Não,Não,50,Sim,Sim,DSL,Não,Não,Não,Sim,Não,Não,Mês a mês,Não,Cartão de crédito,60.48,2972.4,0
Masculino,0,Não,Não,59,Não,Sem serviço telefônico,Não,Sem serviço de internet,Sem serviço de internet,Sem serviço de internet,Sem serviço de internet,Sem serviço de internet,Sem serviço de internet,Mês a mês,Sim,Cheque enviado pelo correio,87.89,5800.16,1
Masculino,0,Sim,Não,57,Sim,Sim,DSL,Não,Não,Não,Sim,Não,Não,Mês a mês,Sim,Transferência bancária,45.03,2851.07,0
Feminino,0,Não,Não,3,Sim,Não,DSL,Não,Não,Sim,Não,Não,Não,Um ano,Não,Cheque eletrônico,40.26,112.55,1
Masculino,1,Sim,Não,27,Sim,Sim,Fibra óptica,Não,Sim,Sim,Sim,Não,Sim,Dois anos,Sim,Transferência bancária,60.48,1658.32,0
Feminino,0,Sim,Não,34,Sim,Não,DSL,Não,Sim,Não,Não,Sim,Não,Dois anos,Sim,Cheque eletrônico,63.65,2402.65,0
Masculino,0,Não,Sim,26,Não,Sem serviço telefônico,Fibra óptica,Não,Não,Não,Sim,Não,Não,Mês a mês,Sim,Cartão de crédito,39.66,1065.29,1
Feminino,1,Sim,Sim,40,Sim,Não,Fibra óptica,Não,Não,Sim,Sim,Não,Sim,Mês a mês,Sim,Cheque eletrônico,105.69,3637.26,1
Masculino,0,Não,Não,32,Sim,Sim,Não,Sem serviço de internet,Sem serviço de internet,Sem serviço de internet,Sem serviço de internet,Sem serviço de internet,Sem serviço de internet,Dois anos,Sim,Cheque enviado pelo correio,52.18,1752.11,0
Masculino,0,Não,Sim,41,Sim,Sim,Não,Sem serviço de internet,Sem serviço de internet,Sem serviço de internet,Sem serviço de internet,Sem serviço de internet,Sem serviço de internet,Dois anos,Sim,Cartão de crédito,104.42,3664.27,0
Feminino,0,Sim,Não,2,Sim,Sim,Fibra óptica,Não,Sim,Não,Não,Sim,Não,Mês a mês,Não,Cheque eletrônico,61.78,133.84,1
Masculino,0,Sim,Não,72,Sim,Não,Fibra óptica,Não,Sim,Não,Sim,Não,Não,Mês a mês,Não,Cheque enviado pelo correio,54.05,3743.48,0
Masculino,0,Sim,Não,7,Sim,Sim,DSL,Não,Não,Sim,Não,Não,Não,Mês a mês,Sim,Cheque eletrônico,102.85,651.86,0
Feminino,0,Sim,Sim,19,Sim,Não,Não,Sem serviço de internet,Sem serviço de internet,Sem serviço de internet,Sem serviço de internet,Sem serviço de internet,Sem serviço de internet,Dois anos,Não,Cheque eletrônico,40.12,784.93,0
Masculino,0,Sim,Sim,33,Não,Sem serviço telefônico,Fibra óptica,Não,Sim,Não,Não,Sim,Sim,Mês a mês,Sim,Transferência bancária,25.59,831.09,0
Masculino,0,Não,Não,2,Sim,Não,DSL,Não,Sim,Sim,Não,Não,Sim,Mês a mês,Não,Cartão de crédito,41.98,78.8,1
Masculino,0,Não,Não,67,Sim,Sim,Não,Sem serviço de internet,Sem serviço de internet,Sem serviço de internet,Sem serviço de internet,Sem serviço de internet,Sem serviço de internet,Dois anos,Sim,Cheque eletrônico,19.68,1335.36,0
Feminino,1,Não,Não,15,Sim,Não,DSL,Sim,Não,Não,Sim,Não,Sim,Mês a mês,Sim,Cheque eletrônico,62.5,876.88,1
Feminino,0,Sim,Não,21,Sim,Não,DSL,Não,Não,Não,Não,Sim,Sim,Mês a mês,Sim,Cheque enviado pelo correio,84.72,1527.82,1
Feminino,1,Não,Sim,59,Sim,Sim,DSL,Não,Não,Não,Sim,Não,Não,Mês a mês,Não,Cartão de crédito,54.02,3350.01,0
Masculino,1,Não,Sim,39,Sim,Sim,DSL,Não,Não,Não,Sim,Sim,Não,Mês a mês,Sim,Cheque eletrônico,114.64,3830.08,1
Masculino,0,Sim,Não,20,Sim,Sim,Não,Sem serviço de internet,Sem serviço de internet,Sem serviço de internet,Sem serviço de internet,Sem serviço de internet,Sem serviço de internet,Mês a mês,Não,Transferência bancária,25.92,525.26,0
Masculino,0,Sim,Não,1,Sim,Não,Não,Sem serviço de internet,Sem serviço de internet,Sem serviço de internet,Sem serviço de internet,Sem serviço de internet,Sem serviço de internet,Um ano,Sim,Transferência bancária,36.29,38.44,1
Masculino,0,Sim,Não,9,Sim,Não,Fibra óptica,Sim,Não,Sim,Não,Sim,Sim,Dois anos,Não,Cheque enviado pelo correio,47.99,380.91,0
Feminino,1,Não,Sim,51,Sim,Sim,Fibra óptica,Não,Não,Sim,Sim,Não,Não,Um ano,Sim,Cheque eletrônico,40.83,1865.69,1
Masculino,0,Não,Sim,38,Sim,Sim,Fibra óptica,Não,Não,Não,Não,Não,Sim,Um ano,Não,Cheque enviado pelo correio,41.45,1796.1,0
Masculino,1,Não,Não,15,Não,Sem serviço telefônico,Fibra óptica,Não,Sim,Não,Não,Não,Não,Mês a mês,Não,Cheque enviado pelo correio,34.8,517.38,1
Masculino,0,Não,Não,41,Sim,Sim,Fibra óptica,Não,Não,Não,Sim,Não,Sim,Um ano,Sim,Cartão de crédito,72.54,3264.07,0
Feminino,0,Não,Sim,47,Sim,Sim,Não,Sem serviço de internet,Sem serviço de internet,Sem serviço de internet,Sem serviço de internet,Sem serviço de internet,Sem serviço de internet,Mês a mês,Não,Cartão de crédito,90.31,4814.56,0
Masculino,0,Sim,Não,26,Sim,Sim,DSL,Não,Sim,Sim,Sim,Não,Não,Mês a mês,Sim,Cartão de crédito,67.8,1913.54,0
Masculino,0,Não,Sim,54,Não,Sem serviço telefônico,Fibra óptica,Não,Não,Sim,Não,Sim,Não,Mês a mês,Não,Cheque eletrônico,76.17,4667.58,0
Masculino,0,Não,Não,70,Sim,Não,Não,Sem serviço de internet,Sem serviço de internet,Sem serviço de internet,Sem serviço de internet,Sem serviço de internet,Sem serviço de internet,Dois anos,Sim,Cheque eletrônico,50.3,3930.02,0
Masculino,0,Sim,Sim,39,Sim,Não,Não,Sem serviço de internet,Sem serviço de internet,Sem serviço de internet,Sem serviço de internet,Sem serviço de internet,Sem serviço de internet,Dois anos,Sim,Cheque eletrônico,49.33,2004.55,0
Masculino,0,Não,Não,17,Sim,Sim,Não,Sem serviço de internet,Sem serviço de internet,Sem serviço de internet,Sem serviço de internet,Sem serviço de internet,Sem serviço de internet,Dois anos,Sim,Cheque eletrônico,104.36,1780.77,1
Feminino,0,Sim,Sim,70,Sim,Sim,Não,Sem serviço de internet,Sem serviço de internet,Sem serviço de internet,Sem serviço de internet,Sem serviço de internet,Sem serviço de internet,Mês a mês,Sim,Cheque enviado pelo correio,70.93,5430.87,1
Masculino,1,Sim,Sim,9,Não,Sem serviço telefônico,Fibra óptica,Não,Não,Não,Não,Não,Não,Mês a mês,Não,Cheque enviado pelo correio,50.71,506.21,1
Masculino,1,Não,Não,46,Sim,Sim,DSL,Não,Não,Sim,Não,Sim,Não,Mês a mês,Sim,Cheque enviado pelo correio,95.09,4943.24,0
Masculino,0,Não,Não,6,Sim,Sim,Fibra óptica,Sim,Sim,Não,Não,Não,Não,Dois anos,Sim,Cartão de crédito,68.11,374.06,1
Masculino,0,Sim,Não,68,Sim,Sim,DSL,Não,Não,Sim,Não,Não,Sim,Mês a mês,Sim,Transferência bancária,24.39,1766.08,0
Masculino,0,Não,Sim,16,Sim,Não,Fibra óptica,Não,Não,Não,Sim,Sim,Não,Um ano,Sim,Transferência bancária,47.36,866.54,0
Masculino,0,Não,Não,29,Sim,Sim,Não,Sem serviço de internet,Sem serviço de internet,Sem serviço de internet,Sem serviço de internet,Sem serviço de internet,Sem serviço de internet,Dois anos,Sim,Transferência bancária,113.79,3336.88,0
Masculino,0,Não,Não,41,Sim,Não,Não,Sem serviço de internet,Sem serviço de internet,Sem serviço de internet,Sem serviço de internet,Sem serviço de internet,Sem serviço de internet,Mês a mês,Não,Cheque enviado pelo correio,70.74,3233.76,0
Masculino,0,Sim,Não,68,Sim,Sim,DSL,Não,Não,Sim,Sim,Não,Sim,Mês a mês,Não,Cheque enviado pelo correio,100.67,6929.77,0
Masculino,0,Sim,Sim,62,Sim,Sim,DSL,Não,Não,Não,Não,Não,Sim,Mês a mês,Sim,Cheque enviado pelo correio,39.86,2556.24,1
Masculino,1,Sim,Sim,40,Sim,Não,Não,Sem serviço de internet,Sem serviço de internet,Sem serviço de internet,Sem serviço de internet,Sem serviço de internet,Sem serviço de internet,Um ano,Sim,Cartão de crédito,99.48,3865.25,0
Feminino,0,Sim,Não,62,Sim,Sim,Fibra óptica,Não,Não,Sim,Sim,Não,Sim,Um ano,Sim,Transferência bancária,98.58,5634.05,0
Feminino,0,Sim,Não,24,Sim,Sim,DSL,Não,Sim,Não,Não,Sim,Não,Mês a mês,Não,Cheque enviado pelo correio,44.43,1153.53,0
Feminino,0,Não,Não,6,Sim,Não,Fibra óptica,Sim,Não,Não,Não,Sim,Não,Um ano,Sim,Cheque enviado pelo correio,81.57,468.32,0
Feminino,0,Sim,Não,40,Sim,Sim,Não,Sem serviço de internet,Sem serviço de internet,Sem serviço de internet,Sem serviço de internet,Sem serviço de internet,Sem serviço de internet,Mês a mês,Sim,Cartão de crédito,52.67,2325.1,0
Masculino,0,Sim,Não,70,Sim,Não,Não,Sem serviço de internet,Sem serviço de internet,Sem serviço de internet,Sem serviço de internet,Sem serviço de internet,Sem serviço de internet,Mês a mês,Sim,Cheque enviado pelo correio,57.7,4477.16,0
Feminino,0,Sim,Não,58,Sim,Não,DSL,Sim,Não,Sim,Não,Não,Sim,Dois anos,Não,Cartão de crédito,95.94,5359.28,0
Feminino,0,Sim,Não,14,Sim,Sim,DSL,Sim,Não,Sim,Não,Sim,Não,Mês a mês,Não,Cheque enviado pelo correio,78.82,985.51,0
Masculino,1,Sim,Não,45,Sim,Sim,Fibra óptica,Sim,Não,Não,Não,Não,Não,Um ano,Sim,Cartão de crédito,34.39,1507.59,0
Feminino,0,Sim,Sim,6,Sim,Sim,Fibra óptica,Não,Não,Não,Não,Não,Não,Mês a mês,Não,Cheque eletrônico,93.38,505.26,1
Feminino,1,Não,Sim,23,Sim,Não,Fibra óptica,Sim,Não,Não,Não,Sim,Sim,Mês a mês,Não,Cheque enviado pelo correio,49.84,1216.0,0
Masculino,0,Sim,Sim,62,Sim,Não,Fibra óptica,Não,Não,Não,Não,Não,Não,Mês a mês,Sim,Cheque eletrônico,109.52,6563.41,1
Masculino,1,Não,Não,17,Sim,Não,Fibra óptica,Não,Sim,Não,Não,Não,Não,Mês a mês,Não,Cheque eletrônico,44.13,807.52,1
Masculino,0,Não,Não,70,Sim,Sim,Fibra óptica,Sim,Não,Não,Não,Sim,Não,Mês a mês,Sim,Cheque enviado pelo correio,109.52,7630.24,0
Feminino,0,Sim,Não,28,Sim,Não,DSL,Não,Não,Não,Não,Não,Não,Dois anos,Não,Cheque enviado pelo correio,45.95,1130.76,0
Feminino,0,Sim,Não,13,Sim,Sim,DSL,Sim,Não,Sim,Não,Não,Não,Mês a mês,Sim,Cheque eletrônico,98.69,1166.59,1
Masculino,0,Sim,Não,29,Sim,Sim,Não,Sem serviço de internet,Sem serviço de internet,Sem serviço de internet,Sem serviço de internet,Sem serviço de internet,Sem serviço de internet,Mês a mês,Sim,Cheque enviado pelo correio,43.21,1408.15,0
Masculino,0,Sim,Sim,45,Sim,Não,DSL,Não,Não,Sim,Não,Sim,Sim,Um ano,Não,Cartão de crédito,116.02,5006.23,0
Feminino,0,Sim,Não,20,Sim,Sim,DSL,Não,Não,Não,Não,Não,Sim,Dois anos,Não,Cheque enviado pelo correio,107.02,2134.32,0
Masculino,0,Não,Não,58,Sim,Não,Não,Sem serviço de internet,Sem serviço de internet,Sem serviço de internet,Sem serviço de internet,Sem serviço de internet,Sem serviço de internet,Dois anos,Sim,Cheque eletrônico,33.77,1825.22,0
Feminino,0,Sim,Sim,54,Sim,Sim,Não,Sem serviço de internet,Sem serviço de internet,Sem serviço de internet,Sem serviço de internet,Sem serviço de internet,Sem serviço de internet,Um ano,Sim,Cheque eletrônico,77.92,4107.17,0
Masculino,1,Não,Sim,64,Sim,Sim,Fibra óptica,Não,Não,Não,Sim,Não,Sim,Dois anos,Sim,Cartão de crédito,43.37,2665.69,0
Masculino,0,Sim,Sim,52,Não,Sem serviço telefônico,DSL,Não,Sim,Não,Sim,Sim,Sim,Dois anos,Não,Cheque eletrônico,45.98,2130.11,0
Feminino,0,Não,Não,43,Sim,Não,Fibra óptica,Não,Sim,Não,Não,Não,Não,Mês a mês,Sim,Cartão de crédito,94.92,4516.07,1
Masculino,0,Não,Sim,18,Sim,Não,DSL,Não,Sim,Não,Sim,Sim,Não,Mês a mês,Não,Cheque eletrônico,25.0,496.17,0
Masculino,0,Sim,Não,54,Sim,Não,Não,Sem serviço de internet,Sem serviço de internet,Sem serviço de internet,Sem serviço de internet,Sem serviço de internet,Sem serviço de internet,Mês a mês,Sim,Cheque enviado pelo correio,83.18,4618.83,1
Masculino,0,Sim,Não,60,Sim,Sim,Fibra óptica,Sim,Sim,Não,Sim,Não,Não,Mês a mês,Sim,Transferência bancária,70.97,4831.6,0
Feminino,0,Não,Não,71,Sim,Sim,Fibra óptica,Sim,Sim,Não,Não,Não,Sim,Mês a mês,Não,Transferência bancária,98.61,7263.24,0
Masculino,0,Não,Não,1,Sim,Não,Fibra óptica,Não,Não,Não,Não,Sim,Sim,Mês a mês,Não,Transferência bancária,24.46,22.99,1
Masculino,0,Sim,Não,37,Sim,Não,Não,Sem serviço de internet,Sem serviço de internet,Sem serviço de internet,Sem serviço de internet,Sem serviço de internet,Sem serviço de internet,Um ano,Sim,Cartão de crédito,49.92,1583.73,0
Masculino,0,Sim,Sim,49,Sim,Não,Fibra óptica,Sim,Não,Sim,Sim,Não,Não,Mês a mês,Sim,Cheque eletrônico,37.51,1785.5,0
Masculino,0,Sim,Sim,35,Não,Sem serviço telefônico,Fibra óptica,Sim,Não,Não,Sim,Não,Não,Um ano,Não,Transferência bancária,79.94,2711.35,0
Masculino,0,Sim,Sim,67,Sim,Sim,Fibra óptica,Não,Não,Não,Sim,Sim,Sim,Mês a mês,Não,Cartão de crédito,87.98,6291.29,0
Masculino,0,Não,Não,35,Sim,Não,Fibra óptica,Não,Não,Não,Sim,Não,Sim,Mês a mês,Não,Cheque eletrônico,18.6,617.7,1
Feminino,0,Não,Não,9,Sim,Sim,Fibra óptica,Não,Não,Não,Não,Sim,Não,Um ano,Sim,Cheque eletrônico,76.7,660.83,1
Feminino,1,Sim,Não,37,Sim,Sim,Não,Sem serviço de internet,Sem serviço de internet,Sem serviço de internet,Sem serviço de internet,Sem serviço de internet,Sem serviço de internet,Mês a mês,Não,Transferência bancária,56.71,2059.2,0
Masculino,1,Sim,Não,60,Não,Sem serviço telefônico,Fibra óptica,Não,Não,Não,Não,Sim,Sim,Dois anos,Sim,Cheque eletrônico,96.58,5809.79,0
Feminino,0,Sim,Sim,56,Sim,Não,Não,Sem serviço de internet,Sem serviço de internet,Sem serviço de internet,Sem serviço de internet,Sem serviço de internet,Sem serviço de internet,Mês a mês,Sim,Transferência bancária,77.56,4838.81,0
Feminino,0,Não,Não,12,Sim,Sim,Não,Sem serviço de internet,Sem serviço de internet,Sem serviço de internet,Sem serviço de internet,Sem serviço de internet,Sem serviço de internet,Dois anos,Sim,Cheque eletrônico,72.75,803.89,0
Masculino,0,Não,Sim,71,Sim,Sim,DSL,Não,Não,Não,Sim,Não,Não,Mês a mês,Não,Cheque enviado pelo correio,91.68,6911.98,0
Feminino,0,Sim,Sim,71,Sim,Não,Fibra óptica,Não,Não,Não,Não,Não,Não,Mês a mês,Não,Cartão de crédito,85.35,6949.23,0
Feminino,0,Sim,Não,4,Sim,Não,DSL,Não,Sim,Não,Não,Não,Sim,Mês a mês,Não,Cartão de crédito,73.87,322.11,1
Feminino,0,Não,Não,61,Sim,Sim,Fibra óptica,Não,Não,Sim,Não,Não,Não,Mês a mês,Sim,Cheque enviado pelo correio,62.87,3760.28,1
Feminino,0,Sim,Sim,45,Sim,Não,Não,Sem serviço de internet,Sem serviço de internet,Sem serviço de internet,Sem serviço de internet,Sem serviço de internet,Sem serviço de internet,Um ano,Sim,Cheque enviado pelo correio,90.14,3595.0,0
Feminino,0,Sim,Não,50,Não,Sem serviço telefônico,Fibra óptica,Não,Não,Sim,Não,Sim,Não,Mês a mês,Sim,Cartão de crédito,103.04,5061.96,1
Feminino,0,Sim,Não,50,Sim,Não,Fibra óptica,Não,Sim,Não,Sim,Não,Não,Mês a mês,Sim,Cheque eletrônico,52.1,2590.8,1
Feminino,0,Sim,Sim,48,Sim,Não,Fibra óptica,Não,Não,Não,Sim,Não,Sim,Mês a mês,Não,Cheque enviado pelo correio,111.49,4970.6,0
Feminino,0,Sim,Sim,23,Não,Sem serviço telefônico,Não,Sem serviço de internet,Sem serviço de internet,Sem serviço de internet,Sem serviço de internet,Sem serviço de internet,Sem serviço de internet,Dois anos,Sim,Cheque eletrônico,104.24,2256.8,0
Masculino,0,Não,Não,8,Sim,Não,Não,Sem serviço de internet,Sem serviço de internet,Sem serviço de internet,Sem serviço de internet,Sem serviço de internet,Sem serviço de internet,Mês a mês,Não,Cartão de crédito,64.04,506.67,1
Masculino,0,Não,Não,29,Não,Sem serviço telefônico,DSL,Sim,Não,Não,Sim,Não,Não,Mês a mês,Sim,Cheque enviado pelo correio,20.53,569.89,0
Feminino,0,Sim,Não,43,Sim,Sim,Não,Sem serviço de internet,Sem serviço de internet,Sem serviço de internet,Sem serviço de internet,Sem serviço de internet,Sem serviço de internet,Mês a mês,Sim,Transferência bancária,112.37,4670.6,0
Feminino,0,Sim,Sim,53,Sim,Sim,Não,Sem serviço de internet,Sem serviço de internet,Sem serviço de internet,Sem serviço de internet,Sem serviço de internet,Sem serviço de internet,Dois anos,Sim,Cheque eletrônico,63.95,3112.78,0
Masculino,0,Não,Não,6,Sim,Não,Fibra óptica,Não,Sim,Não,Não,Não,Não,Um ano,Sim,Cartão de crédito,70.59,396.39,0
Feminino,0,Sim,Não,24,Sim,Não,Não,Sem serviço de internet,Sem serviço de internet,Sem serviço de internet,Sem serviço de internet,Sem serviço de internet,Sem serviço de internet,Um ano,Não,Cartão de crédito,97.72,2066.56,0
Feminino,0,Sim,Não,14,Sim,Não,DSL,Não,Não,Sim,Sim,Não,Não,Dois anos,Não,Cheque enviado pelo correio,39.65,574.02,0
Masculino,0,Sim,Sim,52,Sim,Sim,DSL,Não,Não,Sim,Não,Não,Não,Mês a mês,Sim,Cartão de crédito,37.5,1786.47,0
Masculino,0,Não,Não,70,Sim,Sim,Fibra óptica,Sim,Não,Não,Não,Sim,Não,Mês a mês,Não,Cheque eletrônico,93.73,5670.85,1
Masculino,0,Sim,Não,4,Sim,Não,Não,Sem serviço de internet,Sem serviço de internet,Sem serviço de internet,Sem serviço de internet,Sem serviço de internet,Sem serviço de internet,Mês a mês,Não,Transferência bancária,49.89,198.51,1
Feminino,0,Sim,Não,58,Não,Sem serviço telefônico,Fibra óptica,Não,Sim,Não,Não,Sim,Não,Mês a mês,Sim,Cartão de crédito,80.3,5248.32,0
Feminino,1,Sim,Não,37,Sim,Não,DSL,Não,Não,Não,Não,Sim,Não,Mês a mês,Não,Cheque enviado pelo correio,65.8,2713.18,0
Masculino,1,Sim,Não,48,Não,Sem serviço telefônico,Fibra óptica,Sim,Não,Não,Não,Não,Não,Mês a mês,Sim,Transferência bancária,32.71,1734.19,1
Masculino,0,Não,Não,39,Sim,Sim,Fibra óptica,Sim,Não,Sim,Não,Sim,Não,Mês a mês,Sim,Cartão de crédito,114.23,4141.78,0
Feminino,1,Não,Não,66,Sim,Não,DSL,Não,Não,Não,Não,Não,Não,Um ano,Não,Cheque eletrônico,54.85,3458.29,0
Masculino,0,Sim,Não,13,Sim,Sim,Fibra óptica,Não,Não,Não,Não,Não,Não,Mês a mês,Sim,Cheque eletrônico,50.21,700.26,1
Feminino,0,Sim,Não,66,Não,Sem serviço telefônico,DSL,Não,Não,Sim,Não,Não,Não,Um ano,Sim,Transferência bancária,110.35,6504.24,1
Feminino,0,Não,Não,60,Sim,Não,Fibra óptica,Não,Não,Sim,Sim,Não,Sim,Mês a mês,Não,Cheque enviado pelo correio,37.89,2393.97,0
Masculino,1,Sim,Não,41,Sim,Sim,Fibra óptica,Não,Sim,Sim,Não,Não,Sim,Um ano,Sim,Cartão de crédito,19.47,718.96,0
Masculino,0,Não,Sim,32,Sim,Não,DSL,Não,Não,Sim,Não,Não,Não,Mês a mês,Não,Cartão de crédito,55.9,1548.2,1
Feminino,0,Não,Não,52,Sim,Sim,Não,Sem serviço de internet,Sem serviço de internet,Sem serviço de internet,Sem serviço de internet,Sem serviço de internet,Sem serviço de internet,Mês a mês,Sim,Cartão de crédito,99.08,4555.74,1
Masculino,0,Sim,Sim,5,Sim,Não,DSL,Sim,Sim,Não,Sim,Não,Não,Dois anos,Não,Cheque eletrônico,20.73,108.92,0
Masculino,0,Não,Não,67,Não,Sem serviço telefônico,DSL,Sim,Sim,Não,Sim,Não,Não,Dois anos,Sim,Cheque enviado pelo correio,101.76,6902.89,0
Masculino,0,Sim,Sim,66,Não,Sem serviço telefônico,Não,Sem serviço de internet,Sem serviço de internet,Sem serviço de internet,Sem serviço de internet,Sem serviço de internet,Sem serviço de internet,Um ano,Sim,Transferência bancária,40.59,2580.79,0
Masculino,0,Sim,Não,52,Sim,Sim,DSL,Sim,Sim,Não,Sim,Não,Não,Dois anos,Não,Cheque eletrônico,89.34,4954.19,0
Feminino,0,Não,Não,49,Sim,Não,Fibra óptica,Sim,Não,Não,Não,Sim,Não,Mês a mês,Não,Cartão de crédito,63.6,3434.33,1
Feminino,0,Não,Sim,29,Sim,Não,Não,Sem serviço de internet,Sem serviço de internet,Sem serviço de internet,Sem serviço de internet,Sem serviço de internet,Sem serviço de internet,Dois anos,Não,Cheque enviado pelo correio,29.03,718.62,0
Feminino,0,Não,Não,38,Sim,Sim,Não,Sem serviço de internet,Sem serviço de internet,Sem serviço de internet,Sem serviço de internet,Sem serviço de internet,Sem serviço de internet,Mês a mês,Não,Cheque eletrônico,63.02,2695.4,1
Feminino,0,Não,Sim,70,Sim,Não,Fibra óptica,Não,Não,Não,Não,Não,Sim,Um ano,Sim,Cheque eletrônico,42.18,3239.42,0
Masculino,0,Sim,Não,8,Sim,Não,Fibra óptica,Não,Não,Não,Não,Não,Não,Um ano,Não,Transferência bancária,46.94,377.52,0
Masculino,0,Sim,Não,59,Sim,Não,Não,Sem serviço de internet,Sem serviço de internet,Sem serviço de internet,Sem serviço de internet,Sem serviço de internet,Sem serviço de internet,Dois anos,Sim,Transferência bancária,97.76,5274.91,0
Feminino,0,Sim,Não,55,Sim,Sim,DSL,Não,Não,Não,Não,Não,Não,Um ano,Não,Transferência bancária,103.77,6477.91,0
Feminino,0,Não,Não,2,Não,Sem serviço telefônico,Fibra óptica,Sim,Não,Sim,Não,Não,Sim,Mês a mês,Não,Cheque eletrônico,75.11,157.52,1
Masculino,0,Sim,Não,26,Sim,Sim,DSL,Não,Não,Não,Não,Não,Sim,Mês a mês,Não,Transferência bancária,105.38,2349.93,0
Feminino,0,Sim,Não,63,Sim,Não,DSL,Não,Não,Sim,Não,Não,Não,Um ano,Sim,Cheque eletrônico,86.36,5339.2,0
Feminino,1,Não,Não,17,Sim,Sim,Fibra óptica,Não,Não,Sim,Sim,Sim,Não,Dois anos,Não,Cartão de crédito,44.64,802.11,0
Masculino,1,Sim,Não,59,Não,Sem serviço telefônico,DSL,Sim,Não,Sim,Não,Sim,Sim,Mês a mês,Sim,Transferência bancária,103.41,6579.19,0
Feminino,0,Sim,Não,16,Sim,Sim,DSL,Não,Não,Não,Não,Não,Sim,Dois anos,Não,Transferência bancária,29.8,522.1,0
Masculino,0,Sim,Sim,58,Sim,Não,DSL,Sim,Não,Sim,Não,Sim,Não,Mês a mês,Sim,Cheque eletrônico,61.96,4016.03,0
Masculino,1,Sim,Sim,64,Sim,Não,DSL,Sim,Não,Sim,Não,Não,Não,Mês a mês,Sim,Cheque eletrônico,59.68,4180.1,1
Feminino,1,Sim,Sim,50,Sim,Não,Fibra óptica,Não,Não,Não,Sim,Não,Sim,Mês a mês,Sim,Cheque eletrônico,70.95,3499.25,0
Masculino,1,Sim,Não,26,Sim,Não,Fibra óptica,Sim,Sim,Sim,Não,Não,Não,Dois anos,Não,Cheque eletrônico,92.61,2612.32,0
Feminino,1,Sim,Não,17,Não,Sem serviço telefônico,Fibra óptica,Não,Não,Sim,Sim,Não,Sim,Dois anos,Não,Cartão de crédito,30.4,502.34,0
Masculino,0,Sim,Sim,46,Sim,Não,Fibra óptica,Não,Não,Sim,Sim,Sim,Sim,Mês a mês,Não,Transferência bancária,89.54,3797.72,1
Feminino,0,Sim,Sim,68,Sim,Sim,DSL,Não,Não,Sim,Não,Sim,Não,Um ano,Não,Cartão de crédito,64.18,4070.8,0
Feminino,0,Sim,Não,50,Sim,Não,Não,Sem serviço de internet,Sem serviço de internet,Sem serviço de internet,Sem serviço de internet,Sem serviço de internet,Sem serviço de internet,Mês a mês,Não,Cheque eletrônico,44.88,2500.44,1
Feminino,0,Sim,Sim,43,Sim,Não,Não,Sem serviço de internet,Sem serviço de internet,Sem serviço de internet,Sem serviço de internet,Sem serviço de internet,Sem serviço de internet,Mês a mês,Sim,Transferência bancária,98.87,4409.94,0
Masculino,0,Sim,Não,48,Não,Sem serviço telefônico,DSL,Não,Sim,Não,Não,Sim,Sim,Dois anos,Sim,Cartão de crédito,67.92,3076.06,0
Masculino,0,Sim,Não,68,Sim,Não,DSL,Não,Não,Não,Sim,Não,Sim,Um ano,Não,Cheque enviado pelo correio,97.65,6469.71,0
Feminino,0,Não,Não,19,Sim,Não,Fibra óptica,Não,Não,Não,Sim,Não,Sim,Mês a mês,Sim,Cheque eletrônico,44.13,774.25,0
Masculino,0,Não,Sim,25,Sim,Sim,Fibra óptica,Não,Não,Não,Não,Não,Sim,Um ano,Não,Transferência bancária,102.22,2593.54,0
Feminino,0,Sim,Não,72,Sim,Sim,Fibra óptica,Sim,Sim,Não,Não,Não,Sim,Dois anos,Sim,Transferência bancária,30.25,1889.87,0
Feminino,0,Sim,Não,18,Sim,Não,Não,Sem serviço de internet,Sem serviço de internet,Sem serviço de internet,Sem serviço de internet,Sem serviço de internet,Sem serviço de internet,Dois anos,Sim,Cartão de crédito,117.64,2393.99,0
Masculino,0,Não,Sim,51,Sim,Sim,DSL,Não,Não,Não,Não,Sim,Não,Mês a mês,Sim,Cartão de crédito,93.45,4568.6,1
Feminino,0,Não,Não,18,Sim,Não,Fibra óptica,Sim,Não,Sim,Não,Não,Sim,Mês a mês,Sim,Cheque enviado pelo correio,83.96,1508.4,1
Masculino,0,Não,Não,58,Sim,Não,DSL,Não,Sim,Sim,Sim,Sim,Sim,Mês a mês,Sim,Cheque eletrônico,52.13,3375.02,0
Feminino,0,Sim,Sim,64,Sim,Não,DSL,Sim,Não,Sim,Não,Não,Não,Mês a mês,Não,Cheque eletrônico,82.98,5752.03,0
Masculino,0,Não,Não,71,Sim,Não,Fibra óptica,Não,Sim,Não,Não,Não,Sim,Dois anos,Não,Cartão de crédito,108.14,7734.47,0
Feminino,0,Não,Sim,57,Não,Sem serviço telefônico,Não,Sem serviço de internet,Sem serviço de internet,Sem serviço de internet,Sem serviço de internet,Sem serviço de internet,Sem serviço de internet,Dois anos,Não,Cheque enviado pelo correio,40.82,2464.56,0
Feminino,0,Sim,Não,17,Sim,Não,DSL,Não,Não,Sim,Não,Sim,Não,Dois anos,Sim,Transferência bancária,56.35,836.42,0
Masculino,0,Sim,Não,59,Sim,Não,DSL,Não,Não,Não,Não,Não,Sim,Um ano,Sim,Transferência bancária,29.79,1861.01,0
Feminino,0,Sim,Sim,67,Sim,Sim,Fibra óptica,Sim,Não,Não,Sim,Sim,Sim,Mês a mês,Sim,Cheque enviado pelo correio,80.68,5019.06,1
Feminino,1,Sim,Sim,15,Não,Sem serviço telefônico,Fibra óptica,Sim,Não,Não,Não,Não,Não,Mês a mês,Sim,Cartão de crédito,58.16,944.67,1
Masculino,0,Sim,Não,26,Sim,Sim,DSL,Não,Não,Não,Não,Não,Não,Um ano,Não,Cheque eletrônico,99.95,2585.66,0
Feminino,0,Não,Não,48,Não,Sem serviço telefônico,Fibra óptica,Sim,Não,Sim,Não,Não,Não,Dois anos,Sim,Transferência bancária,30.18,1302.8,0
Masculino,0,Sim,Não,14,Sim,Sim,DSL,Não,Não,Não,Não,Não,Não,Dois anos,Sim,Transferência bancária,31.69,465.18,0
Feminino,0,Sim,Não,9,Sim,Sim,DSL,Não,Não,Sim,Não,Não,Não,Dois anos,Sim,Cheque eletrônico,50.25,416.75,0
Masculino,0,Não,Não,7,Sim,Sim,Fibra óptica,Não,Sim,Sim,Não,Não,Não,Mês a mês,Não,Cheque eletrônico,50.02,402.13,0
Feminino,1,Sim,Sim,55,Sim,Não,Fibra óptica,Sim,Sim,Não,Não,Não,Não,Um ano,Não,Transferência bancária,88.21,5232.66,0
Feminino,0,Sim,Não,12,Sim,Não,DSL,Sim,Não,Sim,Sim,Sim,Sim,Mês a mês,Sim,Cheque eletrônico,56.44,670.85,0
Feminino,0,Sim,Não,17,Sim,Não,Não,Sem serviço de internet,Sem serviço de internet,Sem serviço de internet,Sem serviço de internet,Sem serviço de internet,Sem serviço de internet,Dois anos,Sim,Cheque eletrônico,73.12,1110.69,0
Masculino,0,Sim,Não,8,Sim,Não,Fibra óptica,Sim,Não,Não,Sim,Não,Não,Dois anos,Não,Cheque enviado pelo correio,73.28,656.94,0
Masculino,0,Sim,Sim,42,Sim,Sim,Não,Sem serviço de internet,Sem serviço de internet,Sem serviço de internet,Sem serviço de internet,Sem serviço de internet,Sem serviço de internet,Dois anos,Sim,Transferência bancária,41.41,1744.5,0
Masculino,0,Não,Não,37,Sim,Não,Não,Sem serviço de internet,Sem serviço de internet,Sem serviço de internet,Sem serviço de internet,Sem serviço de internet,Sem serviço de internet,Dois anos,Sim,Cartão de crédito,110.35,4128.98,0
Masculino,0,Sim,Não,20,Sim,Sim,DSL,Não,Não,Não,Não,Não,Não,Mês a mês,Não,Cheque enviado pelo correio,39.14,788.2,0
Feminino,0,Não,Não,1,Sim,Sim,DSL,Não,Não,Não,Não,Não,Não,Mês a mês,Não,Cheque eletrônico,86.54,84.4,1
Feminino,0,Sim,Não,9,Sim,Sim,DSL,Não,Não,Sim,Não,Sim,Não,Mês a mês,Não,Cheque enviado pelo correio,64.19,588.55,1
Masculino,1,Não,Não,24,Sim,Sim,DSL,Não,Sim,Não,Não,Não,Sim,Um ano,Sim,Transferência bancária,72.99,1871.68,1
Masculino,0,Não,Sim,34,Sim,Sim,Não,Sem serviço de internet,Sem serviço de internet,Sem serviço de internet,Sem serviço de internet,Sem serviço de internet,Sem serviço de internet,Dois anos,Sim,Cheque eletrônico,87.69,2974.34,0
Masculino,0,Não,Não,36,Sim,Não,DSL,Sim,Não,Não,Não,Não,Não,Mês a mês,Sim,Cheque eletrônico,113.89,4181.67,1
Feminino,0,Sim,Sim,4,Sim,Sim,DSL,Não,Sim,Não,Sim,Não,Não,Mês a mês,Não,Cheque eletrônico,18.13,70.25,1
Masculino,0,Não,Sim,29,Sim,Não,Fibra óptica,Não,Não,Sim,Não,Não,Não,Mês a mês,Sim,Cheque enviado pelo correio,90.03,2622.66,0
Masculino,0,Não,Não,16,Não,Sem serviço telefônico,Fibra óptica,Não,Não,Sim,Não,Sim,Não,Um ano,Sim,Cartão de crédito,33.84,477.3,0
Feminino,0,Não,Não,8,Sim,Sim,Não,Sem serviço de internet,Sem serviço de internet,Sem serviço de internet,Sem serviço de internet,Sem serviço de internet,Sem serviço de internet,Dois anos,Sim,Transferência bancária,95.51,755.79,0
Feminino,0,Sim,Não,39,Não,Sem serviço telefônico,Fibra óptica,Sim,Sim,Não,Não,Sim,Não,Mês a mês,Sim,Transferência bancária,106.84,4229.95,0
Masculino,0,Sim,Não,58,Sim,Não,Não,Sem serviço de internet,Sem serviço de internet,Sem serviço de internet,Sem serviço de internet,Sem serviço de internet,Sem serviço de internet,Um ano,Não,Cartão de crédito,71.68,4778.28,0
Feminino,0,Sim,Não,12,Sim,Sim,DSL,Sim,Sim,Sim,Não,Não,Não,Mês a mês,Não,Cartão de crédito,64.83,845.4,1
Masculino,0,Sim,Não,44,Sim,Não,Não,Sem serviço de internet,Sem serviço de internet,Sem serviço de internet,Sem serviço de internet,Sem serviço de internet,Sem serviço de internet,Dois anos,Sim,Cheque enviado pelo correio,22.72,967.89,0
Feminino,0,Não,Sim,4,Sim,Sim,Não,Sem serviço de internet,Sem serviço de internet,Sem serviço de internet,Sem serviço de internet,Sem serviço de internet,Sem serviço de internet,Mês a mês,Sim,Transferência bancária,102.71,450.48,1
Masculino,0,Não,Não,25,Sim,Sim,Não,Sem serviço de internet,Sem serviço de internet,Sem serviço de internet,Sem serviço de internet,Sem serviço de internet,Sem serviço de internet,Dois anos,Sim,Cartão de crédito,109.57,2994.96,0
Masculino,1,Não,Sim,70,Sim,Sim,DSL,Não,Não,Não,Não,Sim,Não,Mês a mês,Sim,Cheque enviado pelo correio,89.83,6046.14,1
Masculino,0,Sim,Não,67,Não,Sem serviço telefônico,Não,Sem serviço de internet,Sem serviço de internet,Sem serviço de internet,Sem serviço de internet,Sem serviço de internet,Sem serviço de internet,Um ano,Sim,Transferência bancária,42.15,3230.71,0
Masculino,0,Sim,Não,39,Não,Sem serviço telefônico,DSL,Não,Não,Não,Sim,Sim,Não,Dois anos,Não,Cartão de crédito,42.31,1627.9,0
Feminino,0,Sim,Sim,24,Sim,Sim,Fibra óptica,Não,Não,Sim,Não,Sim,Não,Dois anos,Sim,Cheque enviado pelo correio,107.62,2927.35,1
Feminino,0,Sim,Sim,6,Sim,Não,DSL,Sim,Não,Não,Não,Não,Sim,Mês a mês,Não,Transferência bancária,23.17,133.27,0
Feminino,0,Não,Não,72,Sim,Não,DSL,Não,Sim,Não,Sim,Não,Não,Mês a mês,Sim,Cheque enviado pelo correio,26.32,2131.8,0
Feminino,1,Sim,Não,33,Sim,Não,Fibra óptica,Não,Sim,Não,Sim,Não,Não,Dois anos,Não,Transferência bancária,79.35,2238.19,0
Masculino,0,Não,Não,48,Sim,Não,Não,Sem serviço de internet,Sem serviço de internet,Sem serviço de internet,Sem serviço de internet,Sem serviço de internet,Sem serviço de internet,Mês a mês,Sim,Cheque enviado pelo correio,68.34,3153.79,1
Masculino,1,Não,Não,67,Sim,Sim,Fibra óptica,Não,Sim,Não,Não,Sim,Sim,Mês a mês,Não,Cheque eletrônico,21.43,1454.93,0
Feminino,0,Não,Não,2,Sim,Não,DSL,Sim,Não,Não,Não,Não,Não,Mês a mês,Não,Cartão de crédito,107.05,243.81,1
Feminino,0,Sim,Não,38,Sim,Não,DSL,Não,Não,Não,Não,Sim,Não,Mês a mês,Não,Transferência bancária,49.18,1736.99,0
Feminino,0,Sim,Não,40,Sim,Não,Fibra óptica,Não,Sim,Não,Não,Sim,Não,Mês a mês,Sim,Cartão de crédito,44.55,1795.0,1
Feminino,0,Sim,Sim,56,Não,Sem serviço telefônico,Fibra óptica,Não,Não,Sim,Não,Não,Não,Mês a mês,Não,Transferência bancária,106.81,6075.66,0
Feminino,0,Sim,Não,21,Sim,Não,DSL,Não,Sim,Sim,Não,Sim,Não,Um ano,Não,Cartão de crédito,81.07,1620.59,0
Masculino,1,Não,Não,35,Sim,Não,Fibra óptica,Sim,Sim,Não,Não,Sim,Sim,Mês a mês,Não,Cartão de crédito,58.13,1799.55,1
Masculino,0,Não,Não,67,Sim,Sim,Não,Sem serviço de internet,Sem serviço de internet,Sem serviço de internet,Sem serviço de internet,Sem serviço de internet,Sem serviço de internet,Dois anos,Sim,Cheque eletrônico,59.87,4370.11,0
Masculino,1,Sim,Não,60,Sim,Não,Fibra óptica,Não,Não,Não,Sim,Sim,Não,Um ano,Não,Cartão de crédito,68.01,4283.87,0
Feminino,1,Sim,Não,23,Sim,Não,Fibra óptica,Não,Não,Não,Não,Sim,Sim,Um ano,Sim,Cheque eletrônico,64.96,1351.29,0
Feminino,1,Não,Sim,65,Sim,Sim,Fibra óptica,Não,Sim,Não,Sim,Não,Não,Dois anos,Não,Cartão de crédito,25.91,1572.19,0
Feminino,0,Sim,Não,63,Sim,Não,DSL,Não,Sim,Sim,Não,Não,Não,Mês a mês,Sim,Transferência bancária,111.99,6405.75,0
Feminino,0,Não,Sim,23,Sim,Sim,Não,Sem serviço de internet,Sem serviço de internet,Sem serviço de internet,Sem serviço de internet,Sem serviço de internet,Sem serviço de internet,Mês a mês,Sim,Cheque enviado pelo correio,35.98,765.71,1
Masculino,0,Não,Sim,42,Sim,Não,Não,Sem serviço de internet,Sem serviço de internet,Sem serviço de internet,Sem serviço de internet,Sem serviço de internet,Sem serviço de internet,Mês a mês,Sim,Cartão de crédito,25.52,1029.31,0
Masculino,0,Não,Não,64,Sim,Não,Fibra óptica,Não,Não,Não,Não,Não,Não,Dois anos,Sim,Cheque enviado pelo correio,25.94,1625.58,1
Feminino,0,Não,Não,66,Sim,Não,Fibra óptica,Não,Não,Sim,Não,Sim,Sim,Mês a mês,Sim,Transferência bancária,80.58,5978.36,1
Masculino,0,Não,Não,41,Sim,Não,Fibra óptica,Não,Não,Sim,Não,Não,Não,Mês a mês,Sim,Cheque eletrônico,106.03,4228.72,1
Masculino,0,Não,Sim,20,Sim,Não,DSL,Sim,Sim,Não,Não,Sim,Não,Mês a mês,Sim,Cheque eletrônico,85.77,1715.35,1
Feminino,1,Não,Não,9,Sim,Sim,DSL,Sim,Não,Sim,Não,Não,Não,Dois anos,Sim,Transferência bancária,53.22,549.24,0
Feminino,1,Sim,Sim,57,Sim,Sim,Fibra óptica,Sim,Sim,Não,Não,Não,Não,Um ano,Não,Cheque enviado pelo correio,71.3,3523.33,0
Feminino,0,Sim,Não,17,Sim,Sim,Fibra óptica,Não,Não,Não,Sim,Sim,Não,Mês a mês,Não,Cheque eletrônico,44.43,698.94,0
Feminino,0,Não,Não,18,Sim,Sim,Não,Sem serviço de internet,Sem serviço de internet,Sem serviço de internet,Sem serviço de internet,Sem serviço de internet,Sem serviço de internet,Mês a mês,Sim,Cheque eletrônico,28.75,579.43,1
Feminino,0,Sim,Não,63,Sim,Não,Não,Sem serviço de internet,Sem serviço de internet,Sem serviço de internet,Sem serviço de internet,Sem serviço de internet,Sem serviço de internet,Dois anos,Sim,Cartão de crédito,27.05,1514.51,0
Feminino,0,Não,Não,72,Sim,Sim,Fibra óptica,Sim,Sim,Não,Sim,Não,Sim,Dois anos,Não,Cheque enviado pelo correio,86.82,6338.01,0
Masculino,0,Não,Sim,72,Sim,Não,Fibra óptica,Não,Não,Não,Não,Não,Sim,Um ano,Sim,Cartão de crédito,60.18,4421.73,0
Masculino,0,Não,Não,26,Sim,Sim,Não,Sem serviço de internet,Sem serviço de internet,Sem serviço de internet,Sem serviço de internet,Sem serviço de internet,Sem serviço de internet,Mês a mês,Não,Cheque eletrônico,80.8,2343.56,1
Feminino,0,Sim,Não,72,Sim,Sim,DSL,Não,Não,Sim,Não,Não,Não,Mês a mês,Sim,Cheque enviado pelo correio,85.46,6958.43,0
Masculino,0,Sim,Não,72,Sim,Sim,Não,Sem serviço de internet,Sem serviço de internet,Sem serviço de internet,Sem serviço de internet,Sem serviço de internet,Sem serviço de internet,Um ano,Sim,Cheque enviado pelo correio,113.74,8248.91,0
Feminino,0,Sim,Não,13,Sim,Sim,DSL,Não,Não,Sim,Não,Não,Não,Mês a mês,Sim,Cheque eletrônico,53.7,722.28,0
Feminino,0,Sim,Não,17,Sim,Sim,DSL,Não,Não,Sim,Não,Sim,Sim,Mês a mês,Não,Cheque eletrônico,37.86,625.41,1
Feminino,1,Não,Não,26,Sim,Não,Fibra óptica,Não,Sim,Não,Não,Não,Sim,Mês a mês,Sim,Cheque enviado pelo correio,30.92,711.38,1
Feminino,0,Não,Não,6,Sim,Sim,Não,Sem serviço de internet,Sem serviço de internet,Sem serviço de internet,Sem serviço de internet,Sem serviço de internet,Sem serviço de internet,Dois anos,Não,Cheque enviado pelo correio,19.88,134.78,0
Masculino,0,Não,Não,4,Sim,Sim,Não,Sem serviço de internet,Sem serviço de internet,Sem serviço de internet,Sem serviço de internet,Sem serviço de internet,Sem serviço de internet,Um ano,Sim,Cartão de crédito,33.25,120.67,0
Feminino,0,Sim,Sim,7,Sim,Não,Fibra óptica,Não,Sim,Não,Não,Sim,Não,Um ano,Não,Cheque enviado pelo correio,87.16,606.43,0
Masculino,0,Sim,Sim,17,Sim,Sim,DSL,Não,Sim,Sim,Não,Sim,Não,Dois anos,Sim,Cheque eletrônico,60.92,1052.6,1
Feminino,0,Sim,Sim,50,Sim,Não,Fibra óptica,Não,Não,Sim,Não,Não,Não,Mês a mês,Sim,Cheque enviado pelo correio,105.48,5018.61,0
Feminino,0,Sim,Não,6,Sim,Não,DSL,Não,Sim,Não,Não,Não,Não,Mês a mês,Sim,Cartão de crédito,19.3,124.68,0
Feminino,0,Não,Sim,30,Sim,Não,Não,Sem serviço de internet,Sem serviço de internet,Sem serviço de internet,Sem serviço de internet,Sem serviço de internet,Sem serviço de internet,Mês a mês,Não,Cheque eletrônico,111.09,3534.17,0
Masculino,0,Sim,Sim,56,Sim,Não,Fibra óptica,Sim,Não,Não,Sim,Não,Sim,Um ano,Sim,Cartão de crédito,23.16,1188.49,0
Feminino,0,Sim,Não,39,Sim,Sim,Não,Sem serviço de internet,Sem serviço de internet,Sem serviço de internet,Sem serviço de internet,Sem serviço de internet,Sem serviço de internet,Dois anos,Sim,Transferência bancária,116.12,4468.89,0
Feminino,0,Não,Não,14,Sim,Não,Não,Sem serviço de internet,Sem serviço de internet,Sem serviço de internet,Sem serviço de internet,Sem serviço de internet,Sem serviço de internet,Um ano,Não,Transferência bancária,28.41,443.86,0
Feminino,0,Não,Não,54,Sim,Não,Fibra óptica,Não,Sim,Não,Não,Não,Sim,Um ano,Sim,Cheque enviado pelo correio,38.7,2140.22,1
Masculino,0,Sim,Não,22,Sim,Não,Não,Sem serviço de internet,Sem serviço de internet,Sem serviço de internet,Sem serviço de internet,Sem serviço de internet,Sem serviço de internet,Mês a mês,Sim,Cheque enviado pelo correio,90.35,1828.52,0
Masculino,0,Não,Sim,57,Sim,Sim,Fibra óptica,Não,Não,Não,Não,Não,Sim,Um ano,Sim,Transferência bancária,56.77,2998.66,0
Masculino,0,Sim,Não,41,Sim,Sim,Fibra óptica,Não,Não,Não,Sim,Não,Não,Um ano,Sim,Transferência bancária,111.44,4552.45,1
Feminino,1,Sim,Sim,10,Sim,Não,Fibra óptica,Não,Sim,Não,Não,Não,Não,Um ano,Sim,Transferência bancária,29.26,322.45,1
Masculino,0,Sim,Não,2,Não,Sem serviço telefônico,DSL,Não,Sim,Não,Não,Não,Não,Mês a mês,Não,Transferência bancária,91.41,167.74,1
Feminino,1,Não,Sim,67,Sim,Sim,Fibra óptica,Sim,Não,Não,Não,Sim,Não,Um ano,Sim,Cheque eletrônico,72.28,4359.44,1
Masculino,0,Sim,Não,48,Sim,Sim,Não,Sem serviço de internet,Sem serviço de internet,Sem serviço de internet,Sem serviço de internet,Sem serviço de internet,Sem serviço de internet,Mês a mês,Sim,Cheque enviado pelo correio,103.81,4750.07,0
Masculino,1,Sim,Sim,42,Sim,Não,Não,Sem serviço de internet,Sem serviço de internet,Sem serviço de internet,Sem serviço de internet,Sem serviço de internet,Sem serviço de internet,Mês a mês,Sim,Cheque enviado pelo correio,29.24,1065.7,0
Feminino,0,Não,Não,11,Sim,Não,DSL,Não,Sim,Sim,Não,Sim,Sim,Mês a mês,Sim,Cartão de crédito,108.34,1332.48,1
Masculino,0,Sim,Sim,12,Sim,Não,DSL,Sim,Sim,Não,Sim,Não,Não,Dois anos,Sim,Transferência bancária,21.58,257.53,0
Feminino,1,Sim,Sim,14,Sim,Não,DSL,Não,Sim,Não,Não,Não,Sim,Dois anos,Sim,Cheque enviado pelo correio,106.22,1662.94,1
Feminino,0,Sim,Não,30,Sim,Sim,DSL,Sim,Não,Não,Não,Não,Não,Um ano,Sim,Cartão de crédito,113.52,3509.72,1
Masculino,0,Sim,Sim,60,Sim,Sim,DSL,Não,Não,Não,Não,Não,Não,Dois anos,Não,Transferência bancária,27.7,1787.04,0
Feminino,0,Não,Não,30,Sim,Sim,Fibra óptica,Não,Não,Não,Não,Não,Não,Mês a mês,Não,Cartão de crédito,54.32,1489.8,1
Feminino,0,Não,Não,38,Sim,Não,Não,Sem serviço de internet,Sem serviço de internet,Sem serviço de internet,Sem serviço de internet,Sem serviço de internet,Sem serviço de internet,Dois anos,Sim,Cartão de crédito,104.36,3433.66,0
Masculino,0,Sim,Não,65,Sim,Não,Fibra óptica,Não,Não,Sim,Não,Sim,Não,Mês a mês,Não,Transferência bancária,52.55,3395.08,1
Masculino,0,Sim,Não,47,Sim,Sim,Fibra óptica,Sim,Sim,Não,Não,Sim,Sim,Dois anos,Sim,Cheque enviado pelo correio,41.75,2051.33,0
Feminino,1,Não,Não,39,Sim,Não,DSL,Sim,Não,Não,Não,Sim,Não,Mês a mês,Sim,Cheque enviado pelo correio,37.18,1302.77,1
Masculino,0,Sim,Não,49,Sim,Não,Não,Sem serviço de internet,Sem serviço de internet,Sem serviço de internet,Sem serviço de internet,Sem serviço de internet,Sem serviço de internet,Mês a mês,Não,Cheque eletrônico,81.43,3532.39,1
Feminino,1,Não,Não,58,Sim,Não,Fibra óptica,Não,Não,Não,Não,Sim,Sim,Dois anos,Sim,Transferência bancária,35.11,2159.85,0
Feminino,1,Sim,Sim,17,Sim,Sim,DSL,Não,Não,Não,Não,Não,Não,Mês a mês,Sim,Cheque enviado pelo correio,32.1,481.73,1
Masculino,0,Não,Sim,6,Sim,Sim,DSL,Não,Não,Não,Não,Sim,Não,Dois anos,Sim,Cheque eletrônico,33.55,200.5,1
Masculino,0,Não,Sim,15,Sim,Sim,DSL,Não,Não,Não,Sim,Não,Não,Mês a mês,Sim,Cheque eletrônico,84.74,1102.88,0
Masculino,0,Não,Não,67,Sim,Sim,Fibra óptica,Não,Não,Não,Não,Não,Não,Mês a mês,Não,Cartão de crédito,100.47,5867.08,1
Masculino,0,Sim,Não,28,Sim,Não,DSL,Sim,Não,Não,Não,Sim,Sim,Mês a mês,Sim,Cheque eletrônico,103.33,3182.68,1
Feminino,0,Não,Não,44,Sim,Sim,Fibra óptica,Não,Não,Não,Não,Não,Sim,Dois anos,Sim,Cheque enviado pelo correio,94.43,4325.55,0
Feminino,0,Não,Não,18,Sim,Não,DSL,Não,Sim,Não,Não,Não,Sim,Mês a mês,Sim,Cheque enviado pelo correio,51.69,834.04,0
Masculino,0,Não,Não,32,Sim,Sim,DSL,Não,Não,Não,Não,Sim,Não,Mês a mês,Não,Cheque enviado pelo correio,23.77,655.99,1
Masculino,0,Sim,Não,69,Sim,Sim,Não,Sem serviço de internet,Sem serviço de internet,Sem serviço de internet,Sem serviço de internet,Sem serviço de internet,Sem serviço de internet,Mês a mês,Sim,Cheque enviado pelo correio,85.1,5614.32,0
Feminino,0,Não,Não,44,Sim,Não,Fibra óptica,Não,Sim,Não,Não,Não,Não,Mês a mês,Sim,Cheque eletrônico,100.65,4051.67,0
Feminino,0,Sim,Não,70,Sim,Não,DSL,Não,Não,Não,Não,Não,Não,Mês a mês,Sim,Cheque eletrônico,93.16,6556.16,0
Feminino,0,Sim,Não,63,Não,Sem serviço telefônico,Fibra óptica,Sim,Não,Não,Não,Sim,Não,Mês a mês,Não,Cheque eletrônico,103.19,6847.85,1
Feminino,0,Não,Sim,58,Sim,Não,Fibra óptica,Sim,Sim,Não,Não,Sim,Não,Mês a mês,Sim,Cartão de crédito,78.7,4252.15,1
Masculino,0,Sim,Não,47,Sim,Sim,Fibra óptica,Não,Não,Não,Não,Não,Não,Dois anos,Sim,Transferência bancária,100.6,5364.97,0
Feminino,1,Não,Não,17,Sim,Não,Fibra óptica,Não,Sim,Não,Não,Não,Não,Um ano,Não,Cartão de crédito,74.95,1440.46,0
Feminino,0,Não,Sim,39,Sim,Sim,Fibra óptica,Não,Sim,Não,Não,Não,Não,Mês a mês,Não,Transferência bancária,19.75,661.84,0
Masculino,0,Não,Não,59,Sim,Sim,DSL,Sim,Não,Sim,Sim,Não,Não,Mês a mês,Sim,Transferência bancária,41.54,2476.75,0
Feminino,0,Não,Sim,7,Sim,Não,DSL,Não,Sim,Não,Não,Sim,Não,Mês a mês,Sim,Cheque enviado pelo correio,69.84,498.36,0
Feminino,1,Não,Não,63,Sim,Não,Fibra óptica,Sim,Não,Não,Sim,Não,Sim,Mês a mês,Sim,Cheque enviado pelo correio,30.66,1807.57,1
Masculino,0,Sim,Sim,57,Sim,Sim,DSL,Não,Não,Não,Não,Não,Não,Mês a mês,Sim,Cheque enviado pelo correio,79.82,4227.88,1
Masculino,0,Não,Não,34,Sim,Não,Fibra óptica,Sim,Não,Não,Sim,Não,Sim,Dois anos,Não,Cheque eletrônico,21.71,704.44,0
Masculino,1,Sim,Não,53,Sim,Sim,Não,Sem serviço de internet,Sem serviço de internet,Sem serviço de internet,Sem serviço de internet,Sem serviço de internet,Sem serviço de internet,Dois anos,Sim,Cheque enviado pelo correio,60.38,3169.35,0
Feminino,0,Sim,Não,66,Sim,Não,Fibra óptica,Não,Não,Não,Não,Não,Sim,Um ano,Não,Cheque enviado pelo correio,89.52,5502.32,0
Feminino,0,Não,Não,48,Sim,Não,Fibra óptica,Não,Não,Não,Não,Não,Não,Dois anos,Sim,Transferência bancária,34.55,1711.41,0
Masculino,0,Sim,Não,60,Sim,Sim,Fibra óptica,Sim,Sim,Não,Sim,Não,Sim,Mês a mês,Sim,Cartão de crédito,75.83,5108.15,0
Masculino,1,Sim,Não,43,Sim,Não,Fibra óptica,Sim,Sim,Sim,Não,Sim,Não,Mês a mês,Sim,Cartão de crédito,68.36,3141.75,1
Feminino,0,Não,Não,4,Sim,Sim,Fibra óptica,Sim,Sim,Não,Não,Não,Não,Um ano,Não,Cheque enviado pelo correio,92.24,327.35,0
Masculino,0,Sim,Sim,52,Não,Sem serviço telefônico,DSL,Não,Sim,Não,Não,Não,Não,Mês a mês,Sim,Transferência bancária,101.07,4521.82,0
Masculino,0,Sim,Não,32,Sim,Sim,Não,Sem serviço de internet,Sem serviço de internet,Sem serviço de internet,Sem serviço de internet,Sem serviço de internet,Sem serviço de internet,Um ano,Sim,Cheque enviado pelo correio,61.41,2050.06,0
Masculino,0,Sim,Não,51,Sim,Não,Não,Sem serviço de internet,Sem serviço de internet,Sem serviço de internet,Sem serviço de internet,Sem serviço de internet,Sem serviço de internet,Dois anos,Sim,Cheque enviado pelo correio,117.1,6247.62,0
Feminino,0,Não,Não,10,Sim,Não,DSL,Não,Não,Não,Não,Não,Não,Um ano,Sim,Cheque eletrônico,30.42,316.63,0
Feminino,0,Não,Sim,12,Sim,Sim,Fibra óptica,Sim,Sim,Não,Não,Não,Sim,Mês a mês,Não,Cheque eletrônico,109.78,1160.63,1
Feminino,0,Não,Sim,39,Sim,Sim,Fibra óptica,Sim,Sim,Sim,Não,Não,Sim,Dois anos,Sim,Cheque eletrônico,65.8,2452.06,0
Feminino,0,Sim,Não,68,Sim,Sim,Fibra óptica,Não,Não,Não,Não,Não,Não,Um ano,Sim,Cheque eletrônico,104.95,6436.25,0
Feminino,0,Não,Não,10,Sim,Sim,Fibra óptica,Não,Não,Não,Não,Sim,Sim,Dois anos,Sim,Cheque eletrônico,95.64,949.29,1
Feminino,0,Não,Sim,10,Sim,Sim,Fibra óptica,Não,Sim,Sim,Sim,Não,Não,Um ano,Não,Cheque enviado pelo correio,68.73,685.79,1
Masculino,0,Sim,Não,23,Sim,Sim,DSL,Não,Não,Não,Sim,Sim,Sim,Dois anos,Não,Cheque eletrônico,77.76,1530.62,0
Feminino,0,Sim,Sim,13,Sim,Sim,Não,Sem serviço de internet,Sem serviço de internet,Sem serviço de internet,Sem serviço de internet,Sem serviço de internet,Sem serviço de internet,Mês a mês,Não,Cartão de crédito,45.93,645.01,0
Feminino,0,Não,Não,48,Sim,Sim,Fibra óptica,Sim,Não,Não,Não,Sim,Não,Mês a mês,Não,Cheque eletrônico,75.58,3331.29,1
Masculino,0,Não,Não,44,Sim,Não,Fibra óptica,Não,Sim,Não,Não,Não,Não,Mês a mês,Sim,Cheque eletrônico,66.3,3295.68,1
Feminino,0,Não,Não,64,Sim,Sim,Fibra óptica,Sim,Sim,Não,Não,Não,Não,Dois anos,Não,Cheque enviado pelo correio,43.07,2843.94,0
Feminino,0,Sim,Sim,40,Não,Sem serviço telefônico,Fibra óptica,Não,Não,Não,Não,Não,Não,Mês a mês,Sim,Cheque eletrônico,43.03,1931.45,0
Masculino,0,Não,Sim,6,Não,Sem serviço telefônico,Não,Sem serviço de internet,Sem serviço de internet,Sem serviço de internet,Sem serviço de internet,Sem serviço de internet,Sem serviço de internet,Dois anos,Sim,Cartão de crédito,42.28,278.24,0
Masculino,0,Sim,Não,72,Sim,Não,Fibra óptica,Sim,Não,Não,Não,Sim,Não,Mês a mês,Sim,Transferência bancária,85.49,6242.93,0
Masculino,0,Sim,Não,43,Sim,Não,DSL,Não,Não,Não,Sim,Não,Sim,Dois anos,Sim,Cheque eletrônico,61.0,2701.83,0
Feminino,1,Sim,Não,32,Sim,Sim,Fibra óptica,Não,Não,Não,Não,Não,Sim,Dois anos,Não,Cheque enviado pelo correio,99.4,3103.74,0
Masculino,0,Não,Não,49,Sim,Não,Fibra óptica,Não,Não,Sim,Não,Não,Sim,Mês a mês,Sim,Cheque enviado pelo correio,82.5,3916.49,0
Feminino,0,Não,Não,19,Sim,Sim,DSL,Sim,Não,Sim,Não,Sim,Não,Um ano,Não,Cartão de crédito,62.91,1110.45,0
Feminino,1,Não,Sim,52,Sim,Sim,Fibra óptica,Não,Sim,Não,Sim,Sim,Não,Mês a mês,Não,Transferência bancária,83.64,3873.38,1
Feminino,0,Não,Sim,52,Sim,Não,DSL,Não,Não,Sim,Não,Não,Não,Mês a mês,Sim,Cheque enviado pelo correio,101.06,4580.7,0
Feminino,0,Sim,Não,34,Sim,Não,Não,Sem serviço de internet,Sem serviço de internet,Sem serviço de internet,Sem serviço de internet,Sem serviço de internet,Sem serviço de internet,Mês a mês,Sim,Cheque enviado pelo correio,107.29,3766.67,1
Masculino,0,Não,Não,59,Sim,Não,Fibra óptica,Não,Não,Não,Sim,Sim,Não,Mês a mês,Não,Cheque enviado pelo correio,56.88,3473.19,0
Masculino,0,Não,Não,5,Sim,Sim,DSL,Sim,Não,Não,Não,Não,Sim,Mês a mês,Não,Transferência bancária,79.06,367.22,1
Feminino,0,Sim,Não,66,Sim,Sim,Fibra óptica,Não,Não,Não,Sim,Sim,Não,Mês a mês,Não,Cheque eletrônico,58.95,3678.11,1
Masculino,0,Sim,Sim,41,Sim,Não,Não,Sem serviço de internet,Sem serviço de internet,Sem serviço de internet,Sem serviço de internet,Sem serviço de internet,Sem serviço de internet,Mês a mês,Não,Cheque enviado pelo correio,98.41,3985.42,0
Feminino,0,Sim,Não,34,Sim,Sim,Não,Sem serviço de internet,Sem serviço de internet,Sem serviço de internet,Sem serviço de internet,Sem serviço de internet,Sem serviço de internet,Mês a mês,Sim,Cheque eletrônico,18.91,596.85,1
Feminino,0,Sim,Não,54,Sim,Sim,Fibra óptica,Sim,Não,Não,Não,Sim,Sim,Mês a mês,Sim,Cheque eletrônico,49.72,2767.1,0
Feminino,0,Sim,Não,20,Sim,Não,Não,Sem serviço de internet,Sem serviço de internet,Sem serviço de internet,Sem serviço de internet,Sem serviço de internet,Sem serviço de internet,Um ano,Não,Cheque eletrônico,100.22,2075.23,0
Masculino,1,Sim,Não,54,Sim,Não,DSL,Não,Não,Não,Sim,Não,Sim,Mês a mês,Sim,Cheque enviado pelo correio,66.12,3321.18,0
Feminino,0,Não,Não,66,Sim,Não,Não,Sem serviço de internet,Sem serviço de internet,Sem serviço de internet,Sem serviço de internet,Sem serviço de internet,Sem serviço de internet,Mês a mês,Não,Cheque eletrônico,105.1,7280.5,0
Feminino,0,Sim,Sim,18,Sim,Não,DSL,Não,Não,Não,Não,Sim,Não,Mês a mês,Não,Cheque enviado pelo correio,94.13,1611.51,0
Masculino,0,Sim,Não,44,Sim,Não,Fibra óptica,Não,Sim,Não,Não,Não,Não,Dois anos,Sim,Transferência bancária,83.98,3478.32,0
Masculino,0,Não,Sim,48,Sim,Sim,DSL,Não,Sim,Não,Sim,Não,Não,Dois anos,Sim,Cartão de crédito,29.34,1463.16,0
Masculino,0,Sim,Não,35,Sim,Sim,DSL,Não,Não,Sim,Não,Não,Não,Mês a mês,Sim,Transferência bancária,19.34,632.86,0
Masculino,0,Não,Sim,39,Sim,Não,Fibra óptica,Não,Não,Não,Sim,Sim,Não,Dois anos,Sim,Transferência bancária,63.16,2285.2,0
Feminino,0,Não,Sim,3,Sim,Sim,DSL,Não,Não,Não,Não,Não,Não,Mês a mês,Sim,Cartão de crédito,26.51,88.71,1
Masculino,0,Sim,Sim,19,Sim,Sim,DSL,Sim,Não,Não,Não,Sim,Sim,Mês a mês,Sim,Cheque enviado pelo correio,85.66,1547.87,1
Feminino,0,Sim,Sim,18,Não,Sem serviço telefônico,Não,Sem serviço de internet,Sem serviço de internet,Sem serviço de internet,Sem serviço de internet,Sem serviço de internet,Sem serviço de internet,Mês a mês,Não,Cheque enviado pelo correio,87.23,1572.34,1
Masculino,0,Sim,Não,5,Sim,Não,DSL,Não,Sim,Não,Sim,Não,Sim,Dois anos,Sim,Cheque eletrônico,99.05,553.62,1
Masculino,1,Sim,Não,55,Não,Sem serviço telefônico,Fibra óptica,Sim,Sim,Sim,Não,Não,Não,Mês a mês,Não,Cheque enviado pelo correio,30.66,1469.16,1
Masculino,1,Sim,Não,13,Sim,Sim,Não,Sem serviço de internet,Sem serviço de internet,Sem serviço de internet,Sem serviço de internet,Sem serviço de internet,Sem serviço de internet,Mês a mês,Sim,Cheque enviado pelo correio,18.69,266.67,1
Masculino,0,Sim,Não,34,Sim,Não,DSL,Não,Não,Não,Não,Não,Não,Mês a mês,Não,Cartão de crédito,27.41,804.48,0
Masculino,0,Sim,Sim,18,Sim,Não,Fibra óptica,Sim,Não,Não,Não,Não,Não,Um ano,Sim,Cheque eletrônico,59.96,1107.69,1
Masculino,0,Não,Não,68,Sim,Não,Fibra óptica,Não,Não,Não,Não,Sim,Não,Dois anos,Sim,Transferência bancária,24.55,1633.0,0
Feminino,0,Sim,Sim,72,Sim,Sim,DSL,Sim,Sim,Não,Não,Não,Sim,Dois anos,Sim,Transferência bancária,53.22,4336.9,0
Masculino,1,Não,Sim,43,Sim,Sim,Fibra óptica,Não,Não,Não,Não,Não,Sim,Mês a mês,Não,Transferência bancária,66.93,3294.59,1
Masculino,0,Sim,Sim,65,Sim,Sim,Não,Sem serviço de internet,Sem serviço de internet,Sem serviço de internet,Sem serviço de internet,Sem serviço de internet,Sem serviço de internet,Um ano,Sim,Transferência bancária,99.41,7175.22,0
Masculino,0,Não,Não,41,Sim,Não,Não,Sem serviço de internet,Sem serviço de internet,Sem serviço de internet,Sem serviço de internet,Sem serviço de internet,Sem serviço de internet,Mês a mês,Não,Cartão de crédito,24.89,1060.27,0
Masculino,1,Sim,Sim,38,Sim,Não,Fibra óptica,Não,Não,Não,Sim,Não,Não,Mês a mês,Sim,Transferência bancária,114.59,4046.83,1
Feminino,1,Não,Não,38,Sim,Não,Fibra óptica,Não,Não,Sim,Não,Não,Sim,Um ano,Não,Cartão de crédito,75.94,3198.17,0
Masculino,0,Sim,Não,13,Sim,Não,DSL,Sim,Não,Sim,Não,Não,Sim,Mês a mês,Sim,Transferência bancária,109.35,1227.98,1
Masculino,0,Não,Não,22,Sim,Não,Fibra óptica,Não,Não,Sim,Não,Sim,Sim,Mês a mês,Sim,Cartão de crédito,96.66,1925.64,1
Masculino,0,Sim,Não,29,Sim,Não,DSL,Sim,Não,Não,Não,Não,Não,Dois anos,Não,Transferência bancária,18.56,505.71,0
Masculino,0,Não,Não,9,Sim,Não,Fibra óptica,Não,Sim,Sim,Não,Não,Não,Um ano,Sim,Cheque enviado pelo correio,107.52,1023.5,1
Feminino,0,Sim,Não,68,Sim,Não,Não,Sem serviço de internet,Sem serviço de internet,Sem serviço de internet,Sem serviço de internet,Sem serviço de internet,Sem serviço de internet,Mês a mês,Sim,Cheque eletrônico,102.16,6971.5,0
Masculino,0,Não,Sim,17,Sim,Não,Não,Sem serviço de internet,Sem serviço de internet,Sem serviço de internet,Sem serviço de internet,Sem serviço de internet,Sem serviço de internet,Um ano,Sim,Cartão de crédito,116.76,2242.84,0
Feminino,0,Sim,Não,37,Não,Sem serviço telefônico,DSL,Não,Não,Não,Não,Não,Não,Mês a mês,Sim,Cheque eletrônico,30.81,1084.01,0
Masculino,0,Sim,Sim,64,Sim,Não,DSL,Não,Não,Sim,Sim,Sim,Não,Mês a mês,Não,Cartão de crédito,96.74,6553.74,0
Feminino,0,Sim,Não,67,Sim,Sim,Fibra óptica,Não,Não,Não,Sim,Sim,Não,Mês a mês,Não,Transferência bancária,21.58,1245.78,0
Feminino,0,Sim,Não,4,Sim,Não,Não,Sem serviço de internet,Sem serviço de internet,Sem serviço de internet,Sem serviço de internet,Sem serviço de internet,Sem serviço de internet,Um ano,Sim,Transferência bancária,98.57,415.69,0
Masculino,0,Não,Não,40,Sim,Não,Fibra óptica,Sim,Sim,Não,Não,Sim,Sim,Mês a mês,Não,Cheque enviado pelo correio,56.84,2218.51,1
Masculino,0,Não,Não,16,Não,Sem serviço telefônico,DSL,Não,Sim,Sim,Sim,Não,Não,Mês a mês,Não,Cheque eletrônico,112.15,1983.75,1
Feminino,0,Sim,Sim,11,Sim,Sim,Fibra óptica,Sim,Sim,Não,Não,Não,Sim,Dois anos,Sim,Transferência bancária,42.3,481.57,0
Feminino,0,Não,Não,26,Não,Sem serviço telefônico,Fibra óptica,Sim,Sim,Não,Sim,Sim,Não,Mês a mês,Não,Cheque enviado pelo correio,76.33,2098.27,0
Masculino,0,Não,Não,72,Sim,Não,DSL,Sim,Não,Não,Sim,Não,Sim,Um ano,Não,Cheque enviado pelo correio,45.23,3587.61,0
Feminino,0,Não,Não,65,Sim,Não,Fibra óptica,Sim,Não,Sim,Não,Não,Não,Mês a mês,Não,Transferência bancária,108.39,6058.89,0
Feminino,0,Sim,Sim,2,Sim,Não,DSL,Não,Não,Não,Não,Não,Sim,Dois anos,Sim,Cheque eletrônico,87.97,201.66,0
Feminino,0,Sim,Não,45,Sim,Não,Fibra óptica,Não,Não,Sim,Não,Não,Não,Mês a mês,Não,Transferência bancária,52.63,2163.77,0
Masculino,0,Não,Não,43,Sim,Não,DSL,Não,Não,Sim,Sim,Não,Não,Um ano,Sim,Cartão de crédito,66.22,2580.8,0
Feminino,0,Sim,Não,3,Sim,Sim,Fibra óptica,Não,Não,Sim,Sim,Não,Sim,Mês a mês,Sim,Cheque eletrônico,117.1,382.95,1
Feminino,0,Não,Não,34,Sim,Sim,Não,Sem serviço de internet,Sem serviço de internet,Sem serviço de internet,Sem serviço de internet,Sem serviço de internet,Sem serviço de internet,Dois anos,Sim,Cheque enviado pelo correio,57.86,1921.97,0
Feminino,0,Não,Não,65,Sim,Sim,DSL,Não,Não,Não,Não,Não,Sim,Um ano,Sim,Cheque enviado pelo correio,22.19,1312.31,0
Masculino,0,Sim,Não,64,Sim,Sim,Fibra óptica,Não,Sim,Não,Não,Não,Não,Mês a mês,Sim,Cheque eletrônico,114.84,6650.04,1
Masculino,0,Sim,Não,7,Sim,Não,Fibra óptica,Sim,Sim,Sim,Sim,Sim,Não,Mês a mês,Não,Cheque enviado pelo correio,115.1,721.01,1
Feminino,1,Não,Não,35,Sim,Não,Fibra óptica,Sim,Não,Não,Não,Sim,Não,Dois anos,Não,Cheque eletrônico,81.46,2800.11,1
Masculino,0,Sim,Não,22,Sim,Não,Fibra óptica,Sim,Não,Sim,Sim,Não,Não,Um ano,Não,Cartão de crédito,69.64,1329.0,0
Feminino,0,Sim,Não,48,Sim,Não,Fibra óptica,Não,Não,Não,Sim,Não,Não,Dois anos,Sim,Cartão de crédito,105.13,4304.46,0
Masculino,0,Sim,Sim,32,Sim,Não,Fibra óptica,Não,Não,Sim,Não,Não,Sim,Dois anos,Sim,Cartão de crédito,117.81,4122.41,1
Masculino,0,Não,Não,26,Sim,Sim,DSL,Não,Não,Não,Não,Sim,Não,Mês a mês,Não,Cartão de crédito,117.2,3100.52,0
Feminino,0,Sim,Não,6,Sim,Não,Não,Sem serviço de internet,Sem serviço de internet,Sem serviço de internet,Sem serviço de internet,Sem serviço de internet,Sem serviço de internet,Um ano,Sim,Transferência bancária,92.13,512.55,0
Masculino,0,Não,Não,46,Sim,Não,Fibra óptica,Não,Não,Não,Não,Não,Não,Mês a mês,Sim,Cartão de crédito,43.63,1757.0,0
Masculino,0,Sim,Sim,55,Sim,Sim,Fibra óptica,Não,Sim,Sim,Sim,Não,Sim,Mês a mês,Não,Cheque enviado pelo correio,79.13,4600.61,0
Masculino,0,Sim,Não,55,Sim,Não,Fibra óptica,Sim,Não,Não,Sim,Sim,Sim,Mês a mês,Sim,Cartão de crédito,25.26,1516.3,0
Feminino,0,Não,Não,57,Sim,Sim,DSL,Não,Não,Não,Não,Não,Sim,Dois anos,Sim,Cartão de crédito,91.3,5162.28,0
Masculino,1,Não,Não,63,Sim,Sim,Fibra óptica,Não,Não,Não,Sim,Não,Sim,Mês a mês,Sim,Cheque enviado pelo correio,31.34,2160.1,0
Masculino,0,Sim,Sim,1,Sim,Não,DSL,Sim,Não,Não,Sim,Sim,Sim,Um ano,Sim,Cartão de crédito,51.11,57.22,0
Feminino,0,Não,Sim,21,Sim,Sim,Fibra óptica,Não,Não,Sim,Não,Não,Não,Um ano,Não,Cheque enviado pelo correio,109.65,2259.88,0
Masculino,0,Sim,Não,20,Não,Sem serviço telefônico,DSL,Não,Sim,Sim,Não,Não,Sim,Dois anos,Sim,Transferência bancária,78.5,1774.02,0
Masculino,0,Não,Não,29,Sim,Não,Não,Sem serviço de internet,Sem serviço de internet,Sem serviço de internet,Sem serviço de internet,Sem serviço de internet,Sem serviço de internet,Um ano,Sim,Cartão de crédito,82.04,2133.78,0
Masculino,0,Sim,Não,43,Sim,Não,Não,Sem serviço de internet,Sem serviço de internet,Sem serviço de internet,Sem serviço de internet,Sem serviço de internet,Sem serviço de internet,Dois anos,Sim,Cartão de crédito,33.25,1494.58,0
Masculino,0,Não,Não,45,Sim,Sim,DSL,Não,Sim,Não,Não,Não,Não,Dois anos,Não,Transferência bancária,92.15,4065.36,0
Masculino,0,Não,Não,65,Não,Sem serviço telefônico,Fibra óptica,Não,Não,Sim,Não,Não,Não,Mês a mês,Não,Cheque eletrônico,96.52,5512.91,1
Feminino,0,Sim,Não,3,Sim,Não,DSL,Não,Sim,Sim,Não,Sim,Não,Dois anos,Sim,Cheque eletrônico,113.91,385.88,0
Feminino,0,Não,Sim,20,Sim,Sim,Não,Sem serviço de internet,Sem serviço de internet,Sem serviço de internet,Sem serviço de internet,Sem serviço de internet,Sem serviço de internet,Mês a mês,Não,Cartão de crédito,80.19,1742.48,0
Masculino,0,Não,Sim,37,Sim,Sim,Fibra óptica,Não,Sim,Não,Sim,Não,Não,Um ano,Sim,Transferência bancária,107.49,4032.84,0
Masculino,0,Sim,Não,38,Sim,Sim,DSL,Não,Não,Sim,Não,Sim,Não,Mês a mês,Não,Cheque eletrônico,94.93,3870.81,0
Masculino,0,Não,Não,45,Não,Sem serviço telefônico,Não,Sem serviço de internet,Sem serviço de internet,Sem serviço de internet,Sem serviço de internet,Sem serviço de internet,Sem serviço de internet,Dois anos,Não,Cartão de crédito,57.01,2549.89,0
Feminino,1,Não,Não,42,Sim,Sim,DSL,Não,Não,Sim,Não,Não,Sim,Um ano,Sim,Cheque enviado pelo correio,35.2,1516.36,0
Feminino,1,Não,Não,46,Sim,Não,Fibra óptica,Sim,Não,Não,Não,Sim,Sim,Mês a mês,Não,Cartão de crédito,113.16,4740.89,0
Masculino,0,Não,Não,60,Sim,Não,DSL,Não,Não,Não,Não,Sim,Não,Dois anos,Sim,Cheque enviado pelo correio,113.67,6797.42,0
Masculino,0,Não,Não,13,Sim,Não,Fibra óptica,Não,Não,Sim,Sim,Não,Sim,Mês a mês,Sim,Cartão de crédito,43.21,512.0,0
Feminino,0,Não,Não,31,Sim,Não,DSL,Sim,Não,Não,Não,Não,Não,Um ano,Não,Cartão de crédito,115.73,4084.84,0
Masculino,0,Não,Sim,68,Sim,Não,Não,Sem serviço de internet,Sem serviço de internet,Sem serviço de internet,Sem serviço de internet,Sem serviço de internet,Sem serviço de internet,Mês a mês,Sim,Cheque enviado pelo correio,74.91,5002.68,0
Feminino,0,Sim,Não,62,Sim,Sim,Não,Sem serviço de internet,Sem serviço de internet,Sem serviço de internet,Sem serviço de internet,Sem serviço de internet,Sem serviço de internet,Mês a mês,Sim,Cheque eletrônico,46.87,2840.06,1
Feminino,1,Não,Não,49,Sim,Não,Fibra óptica,Sim,Não,Não,Sim,Sim,Não,Mês a mês,Sim,Transferência bancária,104.52,5840.83,0
Masculino,0,Sim,Não,18,Sim,Sim,Fibra óptica,Não,Não,Não,Não,Sim,Não,Um ano,Sim,Cartão de crédito,86.36,1763.08,0
Feminino,0,Não,Não,53,Sim,Não,Fibra óptica,Não,Não,Não,Sim,Não,Não,Dois anos,Sim,Cheque eletrônico,65.1,3694.87,0
Masculino,0,Não,Não,18,Sim,Não,DSL,Sim,Não,Sim,Não,Não,Sim,Mês a mês,Sim,Cheque eletrônico,66.44,1283.31,1
Masculino,0,Sim,Não,51,Sim,Sim,DSL,Não,Não,Sim,Não,Não,Não,Um ano,Sim,Cheque enviado pelo correio,112.72,6429.27,0
Masculino,0,Sim,Não,41,Sim,Não,Fibra óptica,Não,Sim,Não,Não,Sim,Não,Dois anos,Não,Cheque eletrônico,56.19,2625.6,0
Masculino,0,Sim,Sim,67,Sim,Sim,DSL,Não,Sim,Não,Não,Sim,Sim,Dois anos,Sim,Cheque eletrônico,55.2,4122.96,0
Masculino,0,Sim,Não,65,Sim,Não,DSL,Sim,Sim,Não,Não,Sim,Não,Dois anos,Sim,Cheque enviado pelo correio,55.51,3092.62,0
Masculino,0,Não,Sim,6,Sim,Não,DSL,Não,Sim,Sim,Não,Não,Sim,Dois anos,Sim,Cheque enviado pelo correio,112.15,708.39,1
Feminino,1,Sim,Não,37,Sim,Sim,Fibra óptica,Não,Sim,Não,Não,Sim,Sim,Mês a mês,Não,Cartão de crédito,80.03,3366.59,1
Feminino,0,Não,Não,12,Sim,Não,DSL,Não,Não,Sim,Sim,Não,Não,Mês a mês,Sim,Cartão de crédito,114.41,1259.85,0
Feminino,1,Não,Não,2,Sim,Não,DSL,Não,Sim,Não,Sim,Não,Não,Dois anos,Sim,Cheque eletrônico,91.38,185.4,1
Feminino,0,Não,Sim,53,Sim,Sim,Fibra óptica,Sim,Sim,Não,Não,Não,Sim,Mês a mês,Não,Cartão de crédito,100.41,6114.47,0
Masculino,0,Sim,Não,25,Sim,Sim,Fibra óptica,Sim,Não,Sim,Sim,Não,Não,Mês a mês,Sim,Cheque eletrônico,70.52,1793.77,1
Feminino,0,Não,Não,28,Sim,Sim,Não,Sem serviço de internet,Sem serviço de internet,Sem serviço de internet,Sem serviço de internet,Sem serviço de internet,Sem serviço de internet,Dois anos,Não,Transferência bancária,88.01,2335.75,0
Feminino,0,Sim,Sim,45,Sim,Sim,Fibra óptica,Não,Não,Sim,Não,Sim,Não,Mês a mês,Sim,Cheque eletrônico,47.0,2275.84,1
Feminino,0,Não,Não,37,Sim,Sim,Fibra óptica,Não,Sim,Sim,Sim,Não,Não,Mês a mês,Não,Cheque eletrônico,25.79,1094.03,0
Masculino,0,Não,Não,17,Sim,Não,Fibra óptica,Não,Não,Não,Não,Não,Não,Mês a mês,Não,Cheque enviado pelo correio,34.52,512.55,0
Feminino,0,Sim,Não,69,Sim,Sim,Fibra óptica,Não,Não,Sim,Sim,Não,Não,Dois anos,Sim,Cartão de crédito,115.26,7058.26,0
Masculino,0,Sim,Não,56,Sim,Sim,Fibra óptica,Não,Não,Sim,Não,Sim,Não,Mês a mês,Sim,Cheque enviado pelo correio,24.82,1425.12,0
Feminino,0,Sim,Não,58,Sim,Não,Fibra óptica,Sim,Sim,Não,Não,Sim,Não,Mês a mês,Sim,Cheque eletrônico,61.29,3833.36,1
Masculino,0,Não,Sim,4,Sim,Sim,Não,Sem serviço de internet,Sem serviço de internet,Sem serviço de internet,Sem serviço de internet,Sem serviço de internet,Sem serviço de internet,Dois anos,Não,Cheque eletrônico,115.59,499.02,0
Masculino,0,Sim,Não,55,Sim,Sim,Não,Sem serviço de internet,Sem serviço de internet,Sem serviço de internet,Sem serviço de internet,Sem serviço de internet,Sem serviço de internet,Dois anos,Não,Cheque eletrônico,57.99,3210.06,0
Feminino,0,Não,Não,49,Sim,Sim,DSL,Não,Não,Sim,Não,Não,Sim,Um ano,Sim,Cheque enviado pelo correio,103.9,5804.72,0
Masculino,0,Sim,Não,38,Não,Sem serviço telefônico,DSL,Não,Não,Sim,Não,Não,Sim,Mês a mês,Não,Cartão de crédito,34.17,1357.79,0
Masculino,0,Não,Não,45,Sim,Não,DSL,Não,Não,Não,Não,Não,Sim,Mês a mês,Sim,Cheque eletrônico,68.98,3082.37,0
Feminino,0,Sim,Não,30,Sim,Sim,DSL,Não,Não,Sim,Não,Não,Não,Mês a mês,Sim,Cheque eletrônico,56.11,1717.13,1
Feminino,1,Sim,Não,37,Sim,Não,Não,Sem serviço de internet,Sem serviço de internet,Sem serviço de internet,Sem serviço de internet,Sem serviço de internet,Sem serviço de internet,Um ano,Sim,Transferência bancária,92.2,3727.13,0
Feminino,0,Sim,Não,56,Sim,Sim,Não,Sem serviço de internet,Sem serviço de internet,Sem serviço de internet,Sem serviço de internet,Sem serviço de internet,Sem serviço de internet,Um ano,Sim,Transferência bancária,20.66,1296.46,0
Masculino,0,Não,Não,27,Sim,Não,DSL,Não,Sim,Não,Não,Não,Não,Um ano,Não,Cheque enviado pelo correio,94.87,2815.08,1
Masculino,1,Não,Não,32,Sim,Não,DSL,Não,Não,Não,Não,Não,Não,Mês a mês,Não,Cheque eletrônico,46.11,1515.99,1
Masculino,1,Sim,Não,11,Não,Sem serviço telefônico,Fibra óptica,Sim,Sim,Sim,Não,Sim,Não,Um ano,Sim,Cheque eletrônico,97.04,929.59,1
Feminino,0,Sim,Sim,58,Sim,Não,DSL,Sim,Sim,Não,Não,Sim,Sim,Dois anos,Sim,Cheque enviado pelo correio,53.98,3346.15,0
Masculino,1,Sim,Não,35,Sim,Não,Fibra óptica,Sim,Não,Sim,Não,Sim,Não,Mês a mês,Sim,Cheque eletrônico,22.57,851.59,1
Masculino,0,Não,Sim,17,Sim,Sim,Fibra óptica,Sim,Não,Não,Não,Não,Sim,Um ano,Sim,Cheque eletrônico,19.22,286.41,0
Masculino,0,Sim,Não,30,Sim,Não,Não,Sem serviço de internet,Sem serviço de internet,Sem serviço de internet,Sem serviço de internet,Sem serviço de internet,Sem serviço de internet,Um ano,Não,Cheque eletrônico,107.62,3049.25,0
Masculino,0,Não,Não,18,Sim,Sim,Não,Sem serviço de internet,Sem serviço de internet,Sem serviço de internet,Sem serviço de internet,Sem serviço de internet,Sem serviço de internet,Dois anos,Não,Cheque eletrônico,111.54,1757.43,0
Masculino,0,Não,Sim,30,Sim,Não,Fibra óptica,Não,Sim,Não,Não,Não,Sim,Mês a mês,Sim,Cartão de crédito,51.56,1503.49,1
Masculino,0,Não,Não,16,Sim,Sim,Fibra óptica,Não,Sim,Sim,Não,Sim,Sim,Um ano,Sim,Cheque eletrônico,60.07,972.57,1
Masculino,0,Não,Sim,54,Sim,Não,Fibra óptica,Não,Não,Sim,Não,Não,Sim,Um ano,Sim,Cheque eletrônico,111.2,5410.34,0
Feminino,1,Sim,Não,4,Sim,Não,Não,Sem serviço de internet,Sem serviço de internet,Sem serviço de internet,Sem serviço de internet,Sem serviço de internet,Sem serviço de internet,Mês a mês,Sim,Cheque enviado pelo correio,65.72,270.86,0
Feminino,0,Não,Não,15,Sim,Não,Não,Sem serviço de internet,Sem serviço de internet,Sem serviço de internet,Sem serviço de internet,Sem serviço de internet,Sem serviço de internet,Mês a mês,Não,Cartão de crédito,85.86,1390.91,1
Feminino,0,Sim,Sim,27,Sim,Sim,DSL,Não,Sim,Não,Sim,Sim,Não,Mês a mês,Sim,Cheque enviado pelo correio,68.53,2061.05,0
Masculino,0,Sim,Não,4,Sim,Sim,DSL,Não,Não,Não,Sim,Não,Não,Dois anos,Não,Cheque eletrônico,104.65,464.53,0
Masculino,0,Não,Não,35,Não,Sem serviço telefônico,DSL,Não,Não,Não,Não,Sim,Sim,Um ano,Não,Transferência bancária,113.06,4149.07,1
Feminino,0,Sim,Não,63,Sim,Não,Fibra óptica,Sim,Sim,Não,Sim,Não,Não,Mês a mês,Não,Cheque enviado pelo correio,90.87,6049.06,0
Masculino,0,Sim,Não,66,Sim,Sim,Fibra óptica,Não,Não,Não,Não,Sim,Sim,Dois anos,Sim,Transferência bancária,42.24,2465.78,0
Feminino,1,Sim,Não,39,Sim,Sim,Fibra óptica,Não,Não,Sim,Não,Não,Não,Um ano,Sim,Transferência bancária,32.71,1168.55,0
Masculino,0,Sim,Sim,28,Sim,Sim,Fibra óptica,Não,Não,Sim,Não,Sim,Sim,Mês a mês,Sim,Cheque eletrônico,21.05,671.57,1
Masculino,0,Sim,Não,34,Sim,Não,DSL,Sim,Sim,Não,Não,Não,Sim,Dois anos,Não,Cheque enviado pelo correio,86.09,3365.37,0
Feminino,0,Sim,Não,33,Sim,Sim,Fibra óptica,Não,Não,Sim,Não,Não,Não,Dois anos,Sim,Cheque enviado pelo correio,95.86,2709.65,0
Feminino,0,Sim,Não,50,Sim,Sim,Não,Sem serviço de internet,Sem serviço de internet,Sem serviço de internet,Sem serviço de internet,Sem serviço de internet,Sem serviço de internet,Dois anos,Não,Cheque enviado pelo correio,82.58,4454.53,0
Feminino,1,Não,Sim,60,Sim,Sim,Fibra óptica,Não,Não,Não,Não,Não,Não,Um ano,Sim,Cartão de crédito,28.8,1795.98,0
Feminino,0,Não,Não,72,Sim,Não,Fibra óptica,Não,Não,Sim,Não,Sim,Sim,Mês a mês,Sim,Cartão de crédito,30.38,1880.04,0
Feminino,0,Não,Não,72,Sim,Não,Fibra óptica,Não,Não,Não,Sim,Sim,Não,Dois anos,Sim,Transferência bancária,79.53,5861.27,0
Masculino,0,Não,Não,42,Sim,Sim,Não,Sem serviço de internet,Sem serviço de internet,Sem serviço de internet,Sem serviço de internet,Sem serviço de internet,Sem serviço de internet,Dois anos,Não,Cheque eletrônico,83.58,3606.81,0
Masculino,0,Não,Não,28,Sim,Sim,Não,Sem serviço de internet,Sem serviço de internet,Sem serviço de internet,Sem serviço de internet,Sem serviço de internet,Sem serviço de internet,Mês a mês,Não,Cheque enviado pelo correio,42.3,1126.51,0
Masculino,0,Não,Não,27,Não,Sem serviço telefônico,Não,Sem serviço de internet,Sem serviço de internet,Sem serviço de internet,Sem serviço de internet,Sem serviço de internet,Sem serviço de internet,Dois anos,Não,Cheque enviado pelo correio,58.11,1767.09,0
Feminino,0,Não,Não,1,Sim,Sim,Fibra óptica,Não,Não,Não,Sim,Sim,Sim,Mês a mês,Sim,Cheque eletrônico,111.33,127.85,1
Feminino,0,Não,Não,8,Sim,Sim,Não,Sem serviço de internet,Sem serviço de internet,Sem serviço de internet,Sem serviço de internet,Sem serviço de internet,Sem serviço de internet,Um ano,Sim,Cheque enviado pelo correio,24.82,223.9,1
Feminino,0,Sim,Não,46,Não,Sem serviço telefônico,Fibra óptica,Não,Não,Não,Não,Não,Sim,Um ano,Não,Cheque eletrônico,40.24,1576.21,0
Feminino,0,Não,Não,24,Sim,Sim,Fibra óptica,Não,Sim,Não,Não,Não,Não,Mês a mês,Sim,Transferência bancária,100.34,2220.01,1
Feminino,0,Não,Não,40,Sim,Sim,Fibra óptica,Sim,Não,Sim,Não,Não,Sim,Mês a mês,Sim,Cartão de crédito,86.6,3497.72,1
Feminino,0,Não,Não,51,Sim,Não,DSL,Sim,Sim,Não,Não,Não,Sim,Mês a mês,Sim,Cartão de crédito,71.43,3953.53,0
Masculino,0,Não,Sim,24,Sim,Sim,Fibra óptica,Não,Sim,Não,Sim,Não,Não,Um ano,Não,Cheque eletrônico,77.12,1636.58,0
Masculino,1,Sim,Sim,22,Sim,Sim,Fibra óptica,Sim,Não,Sim,Sim,Sim,Sim,Mês a mês,Não,Cheque enviado pelo correio,33.26,745.2,1
Masculino,0,Sim,Não,68,Sim,Sim,Fibra óptica,Não,Sim,Não,Não,Não,Não,Um ano,Sim,Cheque eletrônico,83.0,5178.44,1
Masculino,0,Não,Não,8,Sim,Sim,Não,Sem serviço de internet,Sem serviço de internet,Sem serviço de internet,Sem serviço de internet,Sem serviço de internet,Sem serviço de internet,Mês a mês,Sim,Cheque enviado pelo correio,57.49,446.94,1
Masculino,0,Não,Sim,58,Sim,Não,DSL,Não,Não,Não,Não,Não,Sim,Mês a mês,Não,Cheque eletrônico,117.64,7719.44,1
Feminino,0,Sim,Não,15,Sim,Não,Fibra óptica,Não,Não,Sim,Não,Não,Não,Mês a mês,Não,Transferência bancária,20.69,297.22,1
Feminino,0,Sim,Não,8,Sim,Não,Não,Sem serviço de internet,Sem serviço de internet,Sem serviço de internet,Sem serviço de internet,Sem serviço de internet,Sem serviço de internet,Um ano,Sim,Cheque eletrônico,112.96,935.83,0
Feminino,1,Não,Não,42,Não,Sem serviço telefônico,Fibra óptica,Sim,Não,Não,Não,Não,Não,Mês a mês,Não,Transferência bancária,41.44,1578.11,1
Feminino,0,Sim,Não,39,Sim,Sim,Fibra óptica,Não,Sim,Não,Sim,Não,Não,Mês a mês,Não,Cartão de crédito,51.49,1753.08,0
Feminino,0,Sim,Não,35,Sim,Sim,DSL,Não,Sim,Não,Sim,Não,Sim,Um ano,Sim,Cheque enviado pelo correio,24.04,946.13,0
Feminino,0,Sim,Sim,41,Sim,Sim,Fibra óptica,Sim,Sim,Não,Não,Não,Sim,Mês a mês,Não,Cartão de crédito,81.55,3836.95,0
Masculino,1,Sim,Não,48,Sim,Não,Fibra óptica,Não,Não,Sim,Não,Sim,Sim,Um ano,Sim,Cartão de crédito,75.25,3098.24,1
Feminino,0,Sim,Não,71,Sim,Sim,Não,Sem serviço de internet,Sem serviço de internet,Sem serviço de internet,Sem serviço de internet,Sem serviço de internet,Sem serviço de internet,Dois anos,Não,Cheque enviado pelo correio,97.31,6865.66,0
Feminino,0,Não,Não,44,Sim,Não,Fibra óptica,Sim,Sim,Não,Não,Não,Não,Um ano,Sim,Transferência bancária,66.8,2545.61,0
Feminino,1,Sim,Não,35,Sim,Sim,Não,Sem serviço de internet,Sem serviço de internet,Sem serviço de internet,Sem serviço de internet,Sem serviço de internet,Sem serviço de internet,Mês a mês,Sim,Transferência bancária,85.28,3029.9,1
Feminino,0,Sim,Sim,27,Sim,Sim,Fibra óptica,Não,Sim,Não,Não,Não,Não,Mês a mês,Não,Cheque eletrônico,113.21,3308.34,1
Masculino,0,Não,Não,65,Não,Sem serviço telefônico,Não,Sem serviço de internet,Sem serviço de internet,Sem serviço de internet,Sem serviço de internet,Sem serviço de internet,Sem serviço de internet,Um ano,Sim,Cheque enviado pelo correio,59.21,3799.03,0
Masculino,0,Não,Não,70,Sim,Sim,DSL,Não,Não,Não,Não,Não,Não,Mês a mês,Sim,Cheque enviado pelo correio,65.38,4178.97,0
Feminino,0,Sim,Não,66,Sim,Não,DSL,Sim,Sim,Não,Sim,Não,Não,Dois anos,Não,Cheque enviado pelo correio,68.46,4615.22,0
Masculino,0,Não,Sim,71,Sim,Não,Fibra óptica,Não,Não,Sim,Não,Não,Não,Dois anos,Não,Cheque eletrônico,71.82,4692.97,0
Masculino,0,Não,Não,72,Sim,Sim,Fibra óptica,Não,Sim,Sim,Não,Sim,Não,Mês a mês,Sim,Transferência bancária,43.06,3424.27,0
Feminino,0,Não,Sim,63,Sim,Não,DSL,Sim,Não,Sim,Não,Sim,Sim,Um ano,Não,Cartão de crédito,41.06,2804.35,0
Feminino,0,Não,Não,29,Sim,Não,Fibra óptica,Não,Não,Não,Não,Sim,Não,Mês a mês,Não,Cheque enviado pelo correio,56.79,1686.66,0
Feminino,0,Não,Não,31,Sim,Sim,Fibra óptica,Não,Sim,Sim,Sim,Não,Não,Um ano,Não,Cartão de crédito,104.24,3153.68,0
Feminino,0,Sim,Não,64,Sim,Sim,Fibra óptica,Sim,Não,Não,Não,Não,Não,Dois anos,Sim,Transferência bancária,99.99,7063.39,0
Feminino,0,Não,Não,53,Sim,Sim,Fibra óptica,Não,Não,Não,Sim,Sim,Sim,Mês a mês,Não,Cheque eletrônico,22.24,1241.54,1
Masculino,0,Não,Não,68,Não,Sem serviço telefônico,Não,Sem serviço de internet,Sem serviço de internet,Sem serviço de internet,Sem serviço de internet,Sem serviço de internet,Sem serviço de internet,Mês a mês,Não,Cheque enviado pelo correio,98.71,7068.84,0
Feminino,0,Sim,Sim,25,Sim,Não,Não,Sem serviço de internet,Sem serviço de internet,Sem serviço de internet,Sem serviço de internet,Sem serviço de internet,Sem serviço de internet,Mês a mês,Não,Transferência bancária,47.47,1253.42,0
Feminino,0,Não,Não,13,Sim,Sim,Fibra óptica,Sim,Não,Sim,Não,Não,Sim,Dois anos,Sim,Transferência bancária,22.91,263.94,0
Feminino,0,Não,Não,40,Sim,Sim,DSL,Sim,Não,Não,Não,Sim,Não,Mês a mês,Não,Transferência bancária,57.4,2353.88,0
Masculino,0,Não,Sim,72,Sim,Não,DSL,Não,Não,Não,Sim,Não,Não,Dois anos,Sim,Transferência bancária,27.69,1907.66,0
Feminino,0,Sim,Sim,7,Sim,Não,Não,Sem serviço de internet,Sem serviço de internet,Sem serviço de internet,Sem serviço de internet,Sem serviço de internet,Sem serviço de internet,Mês a mês,Sim,Cheque eletrônico,42.05,285.55,1
Feminino,0,Sim,Não,32,Sim,Sim,Fibra óptica,Não,Não,Sim,Não,Não,Sim,Dois anos,Sim,Cartão de crédito,92.83,3015.78,0
Feminino,0,Não,Não,24,Sim,Sim,Fibra óptica,Não,Não,Não,Sim,Sim,Não,Mês a mês,Não,Cheque eletrônico,23.27,641.62,1
Masculino,0,Sim,Não,1,Sim,Sim,Não,Sem serviço de internet,Sem serviço de internet,Sem serviço de internet,Sem serviço de internet,Sem serviço de internet,Sem serviço de internet,Um ano,Sim,Cheque eletrônico,62.29,69.86,1
Feminino,0,Não,Não,47,Sim,Não,Não,Sem serviço de internet,Sem serviço de internet,Sem serviço de internet,Sem serviço de internet,Sem serviço de internet,Sem serviço de internet,Dois anos,Não,Cheque eletrônico,38.01,2052.08,0
Feminino,0,Sim,Não,51,Sim,Não,Não,Sem serviço de internet,Sem serviço de internet,Sem serviço de internet,Sem serviço de internet,Sem serviço de internet,Sem serviço de internet,Um ano,Sim,Cheque eletrônico,60.93,3393.86,0
Feminino,0,Não,Não,36,Sim,Sim,Fibra óptica,Não,Não,Não,Não,Sim,Sim,Mês a mês,Não,Transferência bancária,105.81,3376.73,1
Masculino,0,Não,Sim,27,Não,Sem serviço telefônico,Fibra óptica,Não,Não,Não,Sim,Sim,Sim,Mês a mês,Sim,Cheque eletrônico,99.13,2395.33,1
Feminino,0,Sim,Não,70,Não,Sem serviço telefônico,Fibra óptica,Não,Não,Não,Não,Não,Sim,Mês a mês,Não,Cheque eletrônico,59.1,3800.31,1
Feminino,0,Sim,Não,42,Sim,Sim,Não,Sem serviço de internet,Sem serviço de internet,Sem serviço de internet,Sem serviço de internet,Sem serviço de internet,Sem serviço de internet,Um ano,Sim,Cheque eletrônico,33.57,1620.74,0
Feminino,0,Sim,Não,68,Sim,Sim,Fibra óptica,Não,Não,Não,Não,Não,Não,Mês a mês,Sim,Cheque eletrônico,113.96,7761.23,0
Masculino,1,Sim,Não,70,Sim,Não,Não,Sem serviço de internet,Sem serviço de internet,Sem serviço de internet,Sem serviço de internet,Sem serviço de internet,Sem serviço de internet,Mês a mês,Sim,Transferência bancária,66.86,5068.25,0
Feminino,0,Não,Não,13,Sim,Sim,Não,Sem serviço de internet,Sem serviço de internet,Sem serviço de internet,Sem serviço de internet,Sem serviço de internet,Sem serviço de internet,Mês a mês,Não,Cheque enviado pelo correio,32.72,458.87,1
Feminino,0,Não,Não,25,Sim,Não,Fibra óptica,Não,Sim,Não,Sim,Não,Não,Mês a mês,Sim,Transferência bancária,42.76,1220.18,1
Feminino,0,Sim,Não,22,Sim,Sim,DSL,Sim,Não,Não,Não,Sim,Não,Mês a mês,Sim,Cheque eletrônico,100.89,1948.08,1
Masculino,0,Sim,Não,21,Não,Sem serviço telefônico,Fibra óptica,Não,Sim,Não,Não,Não,Sim,Mês a mês,Não,Transferência bancária,39.38,725.05,0
Masculino,0,Sim,Sim,15,Sim,Não,Fibra óptica,Não,Não,Não,Não,Sim,Sim,Dois anos,Sim,Cheque eletrônico,27.41,443.32,0
Feminino,0,Não,Não,67,Sim,Sim,DSL,Sim,Não,Não,Não,Sim,Sim,Mês a mês,Não,Cheque enviado pelo correio,48.63,2783.62,0
Masculino,0,Sim,Sim,37,Sim,Sim,Fibra óptica,Não,Sim,Sim,Sim,Não,Sim,Mês a mês,Sim,Cartão de crédito,92.34,3799.74,1
Masculino,0,Não,Sim,45,Sim,Sim,Fibra óptica,Não,Não,Não,Não,Não,Sim,Mês a mês,Não,Cheque eletrônico,57.39,2590.94,1
Masculino,0,Não,Não,26,Sim,Sim,DSL,Não,Sim,Não,Não,Não,Não,Dois anos,Não,Cartão de crédito,36.91,889.99,0
Feminino,0,Não,Não,55,Sim,Sim,DSL,Não,Não,Sim,Não,Não,Não,Mês a mês,Não,Cheque eletrônico,107.9,6666.41,1
Feminino,1,Não,Não,50,Sim,Não,Fibra óptica,Sim,Sim,Não,Não,Não,Não,Mês a mês,Sim,Cheque eletrônico,70.71,3789.88,0
Masculino,0,Não,Não,35,Sim,Não,Fibra óptica,Sim,Sim,Sim,Não,Sim,Não,Mês a mês,Sim,Cartão de crédito,113.7,3730.68,1
Masculino,1,Não,Sim,41,Sim,Não,Fibra óptica,Sim,Não,Não,Não,Não,Não,Um ano,Sim,Transferência bancária,112.54,4947.11,1
Masculino,0,Não,Sim,72,Sim,Não,Não,Sem serviço de internet,Sem serviço de internet,Sem serviço de internet,Sem serviço de internet,Sem serviço de internet,Sem serviço de internet,Mês a mês,Não,Cheque eletrônico,78.85,5342.51,1
Feminino,1,Sim,Sim,11,Sim,Não,DSL,Não,Não,Não,Não,Sim,Sim,Mês a mês,Não,Transferência bancária,63.39,705.38,1
Feminino,0,Não,Não,8,Sim,Não,DSL,Não,Não,Não,Sim,Sim,Sim,Um ano,Sim,Cartão de crédito,59.48,511.45,0
Masculino,0,Sim,Sim,54,Sim,Sim,Fibra óptica,Sim,Não,Sim,Não,Não,Não,Mês a mês,Não,Cartão de crédito,61.09,3223.82,1
Masculino,0,Não,Sim,1,Sim,Não,DSL,Não,Sim,Não,Sim,Sim,Não,Mês a mês,Sim,Cartão de crédito,21.14,23.13,1
Masculino,1,Não,Não,20,Sim,Sim,DSL,Não,Sim,Não,Não,Não,Não,Dois anos,Não,Cartão de crédito,86.26,1548.35,0
Masculino,0,Não,Sim,34,Sim,Não,Fibra óptica,Não,Sim,Sim,Não,Não,Sim,Mês a mês,Sim,Cheque eletrônico,49.29,1685.34,1
Feminino,0,Não,Sim,57,Sim,Sim,DSL,Não,Não,Sim,Não,Não,Sim,Mês a mês,Sim,Transferência bancária,51.27,2510.29,0
Masculino,1,Sim,Não,13,Sim,Sim,Fibra óptica,Não,Sim,Sim,Não,Sim,Sim,Mês a mês,Sim,Cheque eletrônico,96.47,1434.82,0
Feminino,0,Não,Não,54,Sim,Sim,DSL,Não,Não,Não,Não,Não,Sim,Mês a mês,Não,Cartão de crédito,116.01,5656.35,1
Masculino,0,Sim,Não,53,Sim,Não,Não,Sem serviço de internet,Sem serviço de internet,Sem serviço de internet,Sem serviço de internet,Sem serviço de internet,Sem serviço de internet,Dois anos,Sim,Cheque eletrônico,29.21,1391.83,0
Masculino,1,Sim,Não,52,Sim,Não,Fibra óptica,Não,Sim,Sim,Não,Não,Sim,Um ano,Não,Transferência bancária,39.37,2011.68,0
Masculino,0,Sim,Não,6,Sim,Não,DSL,Não,Sim,Não,Não,Não,Não,Mês a mês,Sim,Cheque eletrônico,26.77,139.72,1
Masculino,0,Sim,Sim,36,Sim,Sim,DSL,Sim,Não,Não,Não,Sim,Sim,Mês a mês,Sim,Cartão de crédito,97.04,3883.39,1
Masculino,0,Não,Não,25,Sim,Não,Não,Sem serviço de internet,Sem serviço de internet,Sem serviço de internet,Sem serviço de internet,Sem serviço de internet,Sem serviço de internet,Mês a mês,Não,Cheque enviado pelo correio,90.36,2051.15,1
Feminino,0,Não,Não,58,Sim,Sim,Fibra óptica,Sim,Não,Não,Sim,Sim,Sim,Um ano,Não,Cheque enviado pelo correio,81.86,4934.62,0
Masculino,0,Não,Não,55,Sim,Não,Não,Sem serviço de internet,Sem serviço de internet,Sem serviço de internet,Sem serviço de internet,Sem serviço de internet,Sem serviço de internet,Um ano,Sim,Cheque enviado pelo correio,37.18,2221.85,0
Masculino,1,Sim,Não,3,Sim,Não,Não,Sem serviço de internet,Sem serviço de internet,Sem serviço de internet,Sem serviço de internet,Sem serviço de internet,Sem serviço de internet,Mês a mês,Não,Transferência bancária,72.36,217.02,1
Masculino,0,Não,Não,28,Sim,Sim,DSL,Sim,Não,Não,Não,Sim,Sim,Mês a mês,Sim,Cartão de crédito,77.94,1878.66,0
Feminino,0,Não,Não,68,Sim,Sim,Fibra óptica,Não,Sim,Sim,Não,Não,Não,Mês a mês,Não,Cartão de crédito,113.0,7261.51,1
Feminino,0,Não,Não,38,Sim,Sim,DSL,Não,Não,Não,Não,Sim,Não,Dois anos,Sim,Cheque eletrônico,85.53,3356.13,0
Feminino,0,Não,Não,34,Sim,Não,Fibra óptica,Não,Não,Não,Sim,Não,Sim,Dois anos,Sim,Cheque enviado pelo correio,104.67,3420.35,0
Feminino,0,Não,Não,13,Não,Sem serviço telefônico,Fibra óptica,Não,Não,Sim,Não,Não,Não,Mês a mês,Sim,Cheque enviado pelo correio,101.78,1381.69,1
Masculino,0,Sim,Não,5,Sim,Sim,DSL,Não,Não,Sim,Não,Não,Não,Mês a mês,Sim,Cheque eletrônico,93.41,468.79,0
Masculino,0,Não,Não,60,Sim,Sim,DSL,Sim,Sim,Não,Não,Sim,Sim,Um ano,Sim,Transferência bancária,54.72,3262.12,0
Masculino,0,Não,Sim,17,Sim,Sim,Fibra óptica,Sim,Não,Sim,Não,Sim,Não,Dois anos,Não,Transferência bancária,105.81,1660.6,0
Feminino,0,Não,Não,57,Sim,Sim,DSL,Não,Não,Não,Não,Não,Não,Um ano,Sim,Cartão de crédito,93.78,6067.94,0
Masculino,0,Sim,Sim,31,Sim,Não,Não,Sem serviço de internet,Sem serviço de internet,Sem serviço de internet,Sem serviço de internet,Sem serviço de internet,Sem serviço de internet,Mês a mês,Sim,Transferência bancária,90.86,2869.85,1
Masculino,0,Não,Sim,65,Sim,Não,Fibra óptica,Não,Não,Não,Não,Sim,Sim,Mês a mês,Não,Cheque eletrônico,31.81,1894.03,1
Feminino,0,Não,Não,66,Sim,Sim,DSL,Não,Sim,Não,Não,Sim,Sim,Um ano,Não,Cartão de crédito,110.72,7015.42,0
Feminino,0,Não,Não,33,Sim,Sim,DSL,Sim,Não,Não,Sim,Não,Não,Mês a mês,Sim,Cheque eletrônico,18.21,531.67,1
Feminino,0,Não,Sim,4,Não,Sem serviço telefônico,Fibra óptica,Não,Sim,Sim,Não,Não,Sim,Um ano,Sim,Transferência bancária,48.96,213.07,0
Masculino,0,Sim,Não,55,Sim,Sim,Fibra óptica,Não,Não,Não,Não,Não,Não,Um ano,Não,Transferência bancária,85.73,4848.42,0
Masculino,0,Sim,Não,24,Sim,Não,DSL,Não,Não,Sim,Sim,Não,Sim,Mês a mês,Sim,Cheque eletrônico,32.96,857.5,1
Feminino,0,Não,Não,32,Sim,Não,Fibra óptica,Não,Não,Sim,Não,Não,Não,Um ano,Sim,Cheque enviado pelo correio,95.28,3217.23,0
Masculino,0,Não,Sim,47,Sim,Sim,DSL,Não,Sim,Sim,Não,Não,Não,Mês a mês,Sim,Cheque eletrônico,32.37,1732.45,0
Feminino,0,Não,Não,16,Não,Sem serviço telefônico,DSL,Não,Não,Não,Não,Não,Não,Mês a mês,Sim,Transferência bancária,18.15,311.68,1
Feminino,0,Sim,Não,21,Sim,Não,DSL,Não,Não,Não,Não,Não,Sim,Dois anos,Sim,Transferência bancária,20.84,460.54,0
Masculino,0,Não,Não,67,Sim,Não,Fibra óptica,Não,Sim,Sim,Não,Sim,Sim,Um ano,Sim,Cheque enviado pelo correio,39.57,2735.77,0
Feminino,0,Sim,Não,31,Sim,Sim,DSL,Não,Não,Não,Não,Sim,Não,Um ano,Sim,Cheque eletrônico,72.49,1959.63,1
Feminino,0,Não,Não,14,Sim,Sim,Fibra óptica,Não,Sim,Sim,Não,Não,Sim,Mês a mês,Sim,Transferência bancária,25.57,311.14,1
Feminino,0,Sim,Sim,6,Não,Sem serviço telefônico,DSL,Não,Sim,Não,Não,Não,Não,Um ano,Sim,Cartão de crédito,53.95,349.97,0
Masculino,1,Não,Não,69,Sim,Sim,Fibra óptica,Não,Sim,Não,Não,Não,Não,Um ano,Não,Transferência bancária,37.06,2726.61,1
Feminino,0,Sim,Não,29,Sim,Sim,Não,Sem serviço de internet,Sem serviço de internet,Sem serviço de internet,Sem serviço de internet,Sem serviço de internet,Sem serviço de internet,Mês a mês,Sim,Cartão de crédito,105.95,2830.11,0
